customer_id,income,debt_ratio,payment_delay,credit_card_count,loan_count,property_value,age,education_level,employment_years,existing_loan_cnt,credit_inquiry_cnt,previous_default,loan_type,credit_history,credit_rating
1001,5745,0.51,0,3,0,18429,36,고졸,17,3,5,0,카드대출,30,1
1002,4792,0.27,1,0,1,22101,40,대졸,7,2,3,0,카드대출,31,2
1003,5971,0.23,2,4,2,20535,56,고졸,9,3,6,0,담보대출,44,1
1004,7284,0.29,1,3,3,20725,39,대학원졸,12,0,6,1,담보대출,13,3
1005,4648,0.4,0,2,2,32238,51,대학원졸,7,2,6,1,담보대출,24,3
1006,4648,0.23,3,4,0,12220,52,대졸,3,0,1,0,카드대출,59,2
1007,7368,0.41,1,3,1,26172,41,고졸,3,1,0,1,담보대출,52,2
1008,6151,0.3,0,4,1,60902,26,대졸,4,2,1,1,카드대출,47,2
1009,4295,0.38,2,1,3,56466,31,대학원졸,0,1,1,0,신용대출,27,2
1010,5813,0.32,1,1,1,19002,37,대졸,16,2,7,0,카드대출,34,1
1011,4304,0.25,1,0,3,59164,39,고졸,1,0,4,1,담보대출,38,3
1012,4301,0.57,1,0,0,671,49,대졸,7,3,6,0,신용대출,43,2
1013,5362,0.48,0,1,1,88582,47,대학원졸,6,0,3,1,카드대출,50,3
1014,2130,0.17,3,4,3,66006,46,대졸,14,0,5,1,신용대출,51,3
1015,2412,0.53,1,1,2,28805,50,대졸,4,0,4,1,신용대출,40,3
1016,4156,0.34,4,0,3,47648,57,대졸,1,2,6,0,신용대출,48,3
1017,3480,0.55,1,1,1,11981,35,대졸,6,3,2,0,카드대출,8,3
1018,5471,0.5,1,1,0,41208,34,고졸,7,1,1,0,담보대출,24,2
1019,3637,0.31,3,4,1,36326,49,대졸,6,0,2,0,카드대출,15,3
1020,2881,0.11,0,3,1,23304,48,고졸,6,2,6,0,담보대출,32,2
1021,7198,0.23,0,0,3,30628,57,대졸,13,1,4,0,카드대출,20,1
1022,4661,0.37,0,4,2,28660,41,고졸,17,0,3,0,카드대출,16,2
1023,5101,0.42,0,1,1,17365,48,대졸,5,1,4,1,카드대출,52,3
1024,2862,0.23,2,1,2,22837,26,고졸,3,0,7,0,담보대출,31,3
1025,4183,0.17,1,3,3,11163,56,대졸,9,1,3,0,카드대출,29,2
1026,5166,0.52,1,0,2,57146,48,대졸,17,1,3,0,신용대출,18,2
1027,3273,0.59,4,0,3,21357,33,고졸,11,3,6,0,카드대출,37,3
1028,5563,0.36,1,2,0,15559,28,고졸,15,3,0,0,신용대출,42,1
1029,4099,0.19,1,0,2,56830,41,고졸,6,0,6,0,담보대출,9,2
1030,4562,0.24,4,3,2,47392,41,대학원졸,5,2,1,0,담보대출,18,3
1031,4097,0.11,0,2,0,56090,54,대졸,4,3,4,0,카드대출,14,2
1032,7778,0.56,1,2,2,58321,35,대졸,2,1,3,0,카드대출,54,1
1033,4979,0.16,1,1,0,78749,45,고졸,11,3,6,1,카드대출,39,3
1034,3413,0.39,3,1,1,36879,45,대졸,14,3,6,1,신용대출,42,3
1035,6233,0.24,3,0,3,10847,42,대학원졸,9,0,4,1,담보대출,53,3
1036,3168,0.38,1,2,0,45420,53,대학원졸,19,3,4,1,신용대출,12,3
1037,5313,0.43,1,1,2,26619,48,대졸,18,3,7,1,신용대출,6,3
1038,2060,0.51,0,3,0,20849,34,고졸,15,1,3,1,카드대출,17,3
1039,3007,0.2,0,1,2,41998,41,고졸,10,3,5,0,카드대출,26,2
1040,5295,0.11,0,1,1,57315,42,고졸,7,1,7,0,신용대출,16,1
1041,6107,0.17,0,2,0,23280,44,고졸,2,3,2,0,신용대출,49,1
1042,5257,0.55,0,2,1,65487,42,고졸,6,3,1,0,카드대출,56,1
1043,4826,0.54,3,4,3,20207,41,고졸,6,2,1,0,카드대출,49,2
1044,4548,0.4,0,3,2,35121,33,대졸,13,3,5,0,신용대출,49,1
1045,2782,0.4,1,2,2,47726,38,대학원졸,1,1,0,1,카드대출,19,3
1046,3920,0.43,0,0,1,32242,53,대졸,9,1,7,1,카드대출,39,3
1047,4309,0.19,1,3,3,4479,55,대학원졸,18,0,5,0,신용대출,39,2
1048,6585,0.56,2,3,0,58548,28,대졸,8,0,0,0,신용대출,30,1
1049,5515,0.31,0,2,0,27530,42,고졸,15,2,0,1,담보대출,9,3
1050,2355,0.29,1,3,2,54897,44,대졸,18,1,5,0,신용대출,57,2
1051,5486,0.36,0,2,1,14717,33,고졸,17,1,1,0,카드대출,31,1
1052,4422,0.12,1,1,1,18131,37,대졸,8,1,2,0,신용대출,21,2
1053,3984,0.18,2,4,0,57248,39,대졸,15,2,1,0,신용대출,15,3
1054,5917,0.47,0,1,3,46810,51,대학원졸,12,1,6,0,신용대출,50,1
1055,6546,0.14,0,2,3,31228,39,고졸,9,0,1,1,담보대출,7,3
1056,6396,0.4,0,2,0,47100,52,고졸,19,2,1,0,담보대출,40,1
1057,3741,0.22,0,1,0,20919,43,대학원졸,13,0,7,0,카드대출,24,2
1058,4536,0.29,1,0,1,42205,50,고졸,11,0,5,0,담보대출,11,2
1059,5496,0.24,3,0,3,42571,50,대졸,18,2,5,0,신용대출,24,2
1060,6463,0.28,0,0,0,32524,49,대졸,6,3,6,1,담보대출,58,2
1061,4281,0.46,1,2,0,23294,50,대학원졸,14,3,6,0,신용대출,57,2
1062,4721,0.25,1,3,2,41404,50,대학원졸,15,0,7,0,담보대출,56,1
1063,3340,0.38,2,2,0,38900,52,대학원졸,7,3,5,0,담보대출,13,3
1064,3205,0.34,0,3,0,30683,42,고졸,9,1,1,0,담보대출,19,3
1065,6218,0.43,1,1,3,19323,56,대학원졸,3,2,2,0,신용대출,15,2
1066,7034,0.57,2,4,1,40249,27,대졸,18,0,0,0,담보대출,8,2
1067,4891,0.47,1,3,3,30733,26,대졸,18,1,4,0,신용대출,43,2
1068,6505,0.21,0,0,1,19306,57,고졸,14,3,0,0,신용대출,34,1
1069,5542,0.12,0,2,2,40870,43,대졸,13,1,6,0,카드대출,20,1
1070,4032,0.23,1,1,0,72166,41,대학원졸,0,3,6,1,담보대출,28,3
1071,5542,0.4,1,0,2,32663,57,대학원졸,15,0,0,1,카드대출,28,3
1072,7307,0.13,0,1,1,69955,36,대졸,9,1,4,0,카드대출,23,1
1073,4946,0.35,0,4,3,82286,27,고졸,18,2,1,0,신용대출,51,1
1074,7346,0.4,3,2,3,20931,50,대졸,2,0,2,0,담보대출,24,1
1075,1070,0.27,0,2,2,40180,59,대학원졸,4,1,2,1,신용대출,33,3
1076,6232,0.49,1,4,1,82074,32,대졸,8,1,0,0,신용대출,31,1
1077,5130,0.15,1,2,2,37578,31,대졸,17,3,4,0,담보대출,15,2
1078,4551,0.14,1,3,2,40736,40,고졸,10,0,7,0,신용대출,52,1
1079,5137,0.46,0,1,0,6599,48,대졸,15,0,6,1,담보대출,9,3
1080,2018,0.35,1,0,2,29366,25,대졸,1,0,3,0,담보대출,7,3
1081,4670,0.44,1,4,0,51111,49,대학원졸,11,0,1,0,신용대출,8,3
1082,5535,0.32,1,3,0,88585,34,대졸,5,3,7,0,신용대출,12,2
1083,7216,0.22,3,0,3,36079,40,대졸,10,2,0,0,카드대출,21,1
1084,4222,0.51,1,0,0,6747,40,대졸,7,0,2,0,신용대출,36,2
1085,3787,0.5,0,4,0,11895,32,고졸,11,3,6,1,담보대출,15,3
1086,4247,0.45,1,3,3,39284,53,대학원졸,1,2,7,1,카드대출,24,3
1087,6373,0.24,2,0,2,63544,52,대졸,8,2,7,0,담보대출,33,1
1088,5493,0.4,3,0,1,52747,30,대졸,14,3,5,1,카드대출,22,3
1089,4205,0.28,0,3,1,49205,40,대졸,1,0,5,0,신용대출,33,2
1090,5769,0.15,1,2,1,66182,44,대졸,0,2,4,0,신용대출,24,1
1091,5145,0.56,2,0,2,25595,40,대졸,9,0,4,0,신용대출,42,2
1092,6452,0.17,0,1,0,40381,31,대졸,1,0,0,1,담보대출,28,2
1093,3946,0.58,0,3,1,29592,38,고졸,11,1,7,0,카드대출,25,3
1094,4508,0.32,1,0,2,34570,50,대졸,7,0,3,0,담보대출,18,2
1095,4411,0.19,0,4,0,19874,50,고졸,4,1,2,1,카드대출,18,3
1096,2804,0.37,0,1,3,33120,38,대졸,0,2,0,0,신용대출,48,2
1097,5444,0.54,2,0,1,39445,31,고졸,14,3,3,0,담보대출,16,2
1098,5391,0.47,0,1,0,32570,57,대졸,5,1,6,0,신용대출,53,1
1099,5007,0.5,0,1,1,36778,50,대학원졸,11,3,4,0,담보대출,20,2
1100,4648,0.43,2,2,1,48100,44,대학원졸,7,2,5,1,신용대출,22,3
1101,2876,0.45,0,1,1,64773,27,대졸,12,0,1,0,담보대출,59,2
1102,4369,0.52,0,2,0,66223,28,대졸,18,2,7,0,담보대출,55,2
1103,4485,0.22,2,3,2,55228,50,고졸,0,3,6,0,카드대출,33,2
1104,3796,0.34,0,2,0,14800,35,대졸,10,2,5,0,신용대출,24,2
1105,4758,0.21,0,4,1,32791,26,대학원졸,19,0,2,0,카드대출,9,2
1106,5606,0.59,1,0,0,34514,38,고졸,0,2,2,0,카드대출,27,2
1107,7829,0.57,2,3,3,26857,54,대졸,7,0,5,1,신용대출,27,3
1108,5261,0.12,0,3,2,46847,36,대학원졸,4,1,6,0,담보대출,42,1
1109,5386,0.45,0,4,0,8113,50,대학원졸,16,3,5,0,카드대출,44,1
1110,4888,0.56,2,2,3,73871,57,고졸,7,0,3,0,신용대출,39,2
1111,2121,0.19,1,0,2,63904,37,대졸,9,0,0,0,담보대출,38,3
1112,4960,0.38,2,2,3,49564,38,고졸,1,2,4,0,카드대출,49,2
1113,5090,0.56,2,1,2,38757,48,고졸,8,1,3,0,카드대출,47,2
1114,8694,0.12,3,2,0,64576,58,대학원졸,2,0,1,1,카드대출,45,1
1115,4711,0.45,0,3,3,53788,50,대학원졸,17,1,5,0,담보대출,38,2
1116,5452,0.25,1,0,1,62132,45,대졸,6,1,1,0,카드대출,17,2
1117,4947,0.56,1,2,3,38818,52,고졸,14,2,1,0,담보대출,7,3
1118,3246,0.59,1,0,2,75786,26,대학원졸,19,0,3,1,카드대출,33,3
1119,6714,0.57,1,0,0,63337,33,대졸,17,2,4,0,신용대출,15,2
1120,6127,0.34,0,1,2,50190,47,대졸,2,3,6,0,카드대출,27,1
1121,6186,0.53,0,1,3,65119,39,대졸,13,3,2,0,신용대출,22,1
1122,3635,0.52,2,3,3,31616,37,고졸,1,0,0,0,신용대출,31,3
1123,7104,0.26,4,4,1,16649,47,대졸,13,1,7,0,신용대출,8,2
1124,2897,0.51,1,0,0,46431,41,대졸,10,0,2,1,담보대출,12,3
1125,5880,0.12,3,4,0,38858,26,고졸,15,0,4,0,신용대출,49,1
1126,8285,0.4,0,3,3,36045,44,고졸,7,3,7,0,카드대출,13,1
1127,3514,0.22,3,0,0,64326,44,고졸,6,3,2,0,담보대출,25,3
1128,4150,0.16,0,0,1,43342,27,고졸,10,1,5,0,신용대출,17,2
1129,5149,0.14,0,4,2,45271,36,대졸,2,1,5,0,담보대출,40,1
1130,4244,0.45,2,2,0,33458,26,대학원졸,16,0,3,0,담보대출,22,3
1131,2674,0.27,2,1,3,57622,38,고졸,13,2,1,0,담보대출,33,3
1132,5102,0.46,1,2,2,54037,40,고졸,5,0,7,0,카드대출,46,1
1133,3406,0.13,1,4,2,57473,43,대졸,7,1,4,0,신용대출,15,3
1134,5710,0.26,2,1,1,30054,58,대학원졸,4,2,4,0,담보대출,27,1
1135,3620,0.37,2,2,3,66081,30,대졸,7,3,2,1,담보대출,43,3
1136,7324,0.5,1,1,0,76775,37,대졸,1,1,3,0,담보대출,38,1
1137,3825,0.26,0,0,3,56840,46,대졸,14,1,2,0,신용대출,27,2
1138,4516,0.41,2,2,2,23814,42,고졸,11,2,2,1,담보대출,49,3
1139,6220,0.54,1,1,3,23955,36,고졸,16,1,4,0,담보대출,42,1
1140,3153,0.41,0,1,0,32492,54,대졸,0,1,2,1,카드대출,18,3
1141,5341,0.22,2,1,0,28712,31,대졸,14,1,1,1,신용대출,32,3
1142,6960,0.11,0,2,1,38578,56,대졸,13,1,2,1,카드대출,20,2
1143,2588,0.54,0,3,0,52648,43,대졸,19,1,7,1,신용대출,27,3
1144,5276,0.11,2,2,0,45799,30,대졸,15,1,1,0,신용대출,35,1
1145,5389,0.54,1,4,3,44045,44,고졸,8,1,4,0,신용대출,48,1
1146,6172,0.36,1,2,3,35175,51,대졸,0,1,3,0,카드대출,45,1
1147,3144,0.57,1,1,2,38523,31,고졸,16,3,5,0,카드대출,42,3
1148,3019,0.5,0,0,1,55931,29,고졸,12,1,7,0,카드대출,39,3
1149,5782,0.6,0,2,3,-239,35,대졸,4,3,1,0,카드대출,49,1
1150,5445,0.28,0,2,0,39772,39,대학원졸,9,3,3,0,담보대출,39,1
1151,5375,0.48,2,1,2,45759,27,대학원졸,5,0,3,1,담보대출,53,3
1152,5519,0.3,1,0,3,55671,29,대졸,18,0,1,1,담보대출,58,2
1153,3979,0.34,2,0,1,19799,47,고졸,12,3,4,1,신용대출,40,3
1154,5348,0.41,1,4,1,18741,33,고졸,0,3,0,0,담보대출,47,1
1155,5439,0.54,0,2,2,51679,39,대학원졸,19,1,3,1,신용대출,24,3
1156,3928,0.59,1,0,2,1910,27,대졸,14,0,3,1,카드대출,13,3
1157,7798,0.48,1,0,2,66643,53,대졸,13,2,4,0,신용대출,44,1
1158,5710,0.31,1,3,2,44531,30,대졸,7,0,4,0,신용대출,38,1
1159,3213,0.31,1,3,2,71174,41,대졸,9,3,2,1,담보대출,49,3
1160,5984,0.47,1,0,0,18258,50,대학원졸,8,3,4,1,카드대출,33,3
1161,3537,0.22,1,4,0,31272,45,고졸,16,1,3,0,카드대출,42,2
1162,6180,0.16,2,0,3,-8157,32,대졸,8,1,1,0,담보대출,53,1
1163,6737,0.28,2,1,1,24086,45,대학원졸,2,0,0,0,카드대출,30,1
1164,3768,0.24,0,2,0,36323,35,고졸,10,1,6,0,카드대출,41,2
1165,6445,0.25,0,4,0,745,32,대졸,11,2,2,1,카드대출,22,2
1166,5619,0.22,3,1,0,32107,48,대졸,9,2,6,1,담보대출,29,3
1167,6233,0.12,1,4,3,253,59,대학원졸,16,1,1,0,카드대출,26,1
1168,7845,0.11,0,1,2,34850,38,고졸,16,2,0,0,신용대출,7,1
1169,4631,0.59,1,2,3,62942,38,대졸,10,2,0,0,신용대출,36,2
1170,3869,0.31,0,2,1,39300,34,고졸,3,0,0,0,카드대출,49,2
1171,3665,0.29,4,3,1,73164,36,대졸,6,2,5,0,담보대출,38,3
1172,3776,0.44,1,1,1,55725,58,고졸,13,3,1,0,담보대출,35,2
1173,4884,0.21,1,3,1,66962,34,고졸,6,3,7,0,담보대출,17,2
1174,5511,0.57,1,1,0,24701,41,대졸,7,0,2,0,카드대출,49,1
1175,5415,0.49,1,3,0,24217,41,대학원졸,0,1,2,0,카드대출,17,2
1176,6240,0.14,1,2,3,46912,27,고졸,3,0,0,0,신용대출,56,1
1177,5019,0.31,0,4,2,8445,55,고졸,11,1,1,0,담보대출,54,1
1178,7180,0.54,0,3,1,49422,25,대졸,2,1,5,0,신용대출,57,1
1179,4603,0.57,0,1,3,33521,36,대졸,12,1,0,0,신용대출,29,2
1180,9080,0.33,0,1,0,66599,28,대학원졸,19,1,4,1,담보대출,29,1
1181,5938,0.41,1,2,0,53590,37,고졸,5,1,7,1,카드대출,16,3
1182,3714,0.18,1,1,2,61934,58,대졸,10,0,6,1,카드대출,18,3
1183,3393,0.6,1,0,2,24915,45,고졸,3,1,2,1,신용대출,32,3
1184,5723,0.22,2,4,2,60964,46,고졸,19,2,6,0,신용대출,13,2
1185,4664,0.57,0,3,3,68894,28,대졸,15,2,3,0,신용대출,15,2
1186,6071,0.42,1,4,0,39225,42,대졸,6,1,0,0,신용대출,13,2
1187,5709,0.4,1,2,0,25212,29,대졸,10,2,4,1,담보대출,25,3
1188,4890,0.36,0,3,2,25564,43,대졸,0,3,2,1,신용대출,13,3
1189,3729,0.22,1,3,1,64780,26,대졸,6,0,6,0,신용대출,14,3
1190,2727,0.19,1,0,2,93686,36,대졸,11,0,7,0,카드대출,12,3
1191,4330,0.21,1,2,3,20367,41,대학원졸,6,1,5,0,카드대출,19,2
1192,6284,0.19,1,1,2,18829,34,고졸,6,1,1,0,카드대출,33,1
1193,5321,0.49,3,0,2,58428,58,고졸,9,3,2,0,담보대출,7,3
1194,3131,0.28,0,0,3,24921,30,대졸,15,1,7,0,담보대출,48,2
1195,5259,0.13,0,4,2,60367,32,대졸,7,2,6,0,카드대출,13,1
1196,5577,0.58,0,4,0,49306,35,고졸,8,3,1,0,카드대출,18,2
1197,3674,0.54,0,4,1,39520,36,대학원졸,8,2,6,0,신용대출,26,3
1198,5230,0.56,1,0,2,48825,33,고졸,1,0,1,0,신용대출,52,1
1199,5087,0.6,0,1,3,47603,26,대학원졸,12,2,5,1,담보대출,33,3
1200,3285,0.19,1,3,1,36407,32,고졸,12,0,5,0,담보대출,40,2
1201,5536,0.3,1,4,3,4872,35,대졸,3,2,0,1,신용대출,28,3
1202,5841,0.48,1,1,1,43573,34,대학원졸,11,0,0,1,카드대출,51,3
1203,6624,0.45,0,2,1,71461,45,고졸,16,1,2,0,신용대출,20,1
1204,6580,0.18,1,4,2,7824,44,대학원졸,1,2,5,0,담보대출,7,1
1205,2933,0.51,1,3,0,20684,32,대졸,12,0,4,0,담보대출,56,3
1206,3593,0.21,0,2,2,48536,53,대학원졸,17,2,6,0,신용대출,17,2
1207,5772,0.21,1,2,3,40771,36,대졸,14,3,6,1,신용대출,57,2
1208,5770,0.37,2,3,3,48223,38,대졸,7,1,6,0,신용대출,41,1
1209,5772,0.4,1,4,1,26013,45,고졸,14,0,2,1,담보대출,8,3
1210,10779,0.39,1,0,1,63249,46,대졸,0,3,6,0,카드대출,10,1
1211,5856,0.15,2,3,0,40938,45,고졸,19,2,3,0,신용대출,8,2
1212,6703,0.54,1,3,2,53939,54,고졸,9,3,1,0,담보대출,52,1
1213,6431,0.23,1,3,3,46405,44,고졸,11,2,6,0,담보대출,24,1
1214,5977,0.16,2,2,1,43509,48,대졸,4,1,7,0,담보대출,7,2
1215,4527,0.54,0,1,0,52536,47,대졸,8,3,1,1,신용대출,49,3
1216,6138,0.58,0,0,3,43729,31,고졸,7,1,0,0,신용대출,42,1
1217,3840,0.53,0,4,1,16196,33,고졸,15,0,6,0,카드대출,59,2
1218,4644,0.5,0,4,3,61747,25,대졸,13,2,7,0,담보대출,22,2
1219,4271,0.43,2,1,0,56362,50,고졸,12,2,4,0,신용대출,19,3
1220,5122,0.38,0,3,0,-2137,46,고졸,12,1,7,1,담보대출,33,3
1221,8471,0.14,2,0,3,26915,34,고졸,4,1,5,1,담보대출,32,1
1222,2199,0.3,2,4,2,60847,30,대학원졸,15,0,5,0,카드대출,59,3
1223,6029,0.29,1,4,3,3461,41,대학원졸,10,3,0,1,신용대출,15,3
1224,2580,0.23,0,3,1,58871,48,대졸,4,2,3,0,신용대출,8,3
1225,4292,0.46,3,1,2,37175,34,대졸,12,2,2,0,담보대출,41,3
1226,6633,0.35,1,0,1,66805,32,대졸,10,0,2,0,담보대출,43,1
1227,5096,0.14,1,1,3,39977,45,대졸,18,0,4,1,카드대출,30,3
1228,3383,0.21,2,1,2,25558,30,대졸,2,1,0,0,카드대출,27,3
1229,3927,0.44,0,0,1,46161,45,대졸,14,1,0,0,카드대출,53,2
1230,6019,0.14,1,0,3,39392,48,고졸,6,3,3,0,카드대출,44,1
1231,3904,0.53,0,4,3,23782,57,고졸,6,0,6,0,카드대출,52,2
1232,5324,0.35,0,4,2,84366,42,대졸,5,3,2,0,카드대출,35,1
1233,5068,0.34,0,0,3,20578,52,대학원졸,2,0,6,0,담보대출,26,1
1234,4022,0.4,2,2,0,-4859,56,대졸,12,2,0,0,카드대출,35,2
1235,8215,0.51,3,4,1,71633,36,대학원졸,6,0,6,0,담보대출,33,1
1236,5950,0.27,2,2,1,28328,51,대학원졸,4,0,5,0,담보대출,36,1
1237,1962,0.44,0,0,3,34064,34,고졸,17,2,4,0,신용대출,57,3
1238,5279,0.38,0,4,3,32841,56,대졸,7,0,2,0,담보대출,31,1
1239,4007,0.23,2,1,0,28606,50,대졸,16,3,3,0,담보대출,48,2
1240,6278,0.54,1,0,2,24676,49,대학원졸,19,1,4,1,카드대출,27,3
1241,3811,0.5,2,3,3,20063,35,대학원졸,0,1,1,0,담보대출,26,3
1242,4827,0.43,2,2,3,41295,47,대졸,13,3,5,0,카드대출,6,3
1243,5757,0.53,1,0,3,31960,58,고졸,16,2,3,0,카드대출,42,1
1244,6298,0.53,2,0,3,54607,47,대졸,9,0,7,1,카드대출,18,3
1245,3199,0.45,1,4,1,49653,53,고졸,11,3,4,1,신용대출,26,3
1246,4498,0.52,2,4,3,21449,55,대졸,15,1,0,0,카드대출,51,2
1247,4287,0.45,2,4,1,42170,31,대학원졸,13,1,1,0,담보대출,14,3
1248,4020,0.44,2,3,3,31643,57,대졸,15,3,3,0,카드대출,22,3
1249,7648,0.41,1,4,2,20166,45,대졸,7,1,0,0,카드대출,52,1
1250,5607,0.48,0,0,0,53788,26,대졸,9,3,5,0,카드대출,26,1
1251,3108,0.18,0,4,2,37573,42,대졸,16,1,7,0,신용대출,36,2
1252,6376,0.54,2,1,3,31848,57,대졸,17,3,1,0,담보대출,44,1
1253,8183,0.54,1,4,3,22888,58,대졸,19,0,2,0,신용대출,59,1
1254,6548,0.11,0,3,3,19441,44,대학원졸,15,0,7,0,담보대출,27,1
1255,2720,0.51,2,1,2,79775,59,대학원졸,16,0,0,0,신용대출,17,3
1256,4273,0.16,3,0,3,46682,42,고졸,15,0,4,0,담보대출,11,3
1257,6900,0.27,1,0,2,18177,48,대학원졸,18,1,6,0,신용대출,58,1
1258,3938,0.47,2,2,1,45757,32,대졸,7,2,3,0,카드대출,21,3
1259,5665,0.18,0,1,0,61240,54,고졸,5,3,1,0,신용대출,31,1
1260,6161,0.51,1,2,0,43350,34,고졸,5,2,0,0,신용대출,10,2
1261,3609,0.52,2,1,2,67480,47,고졸,8,1,2,0,카드대출,14,3
1262,4910,0.35,1,1,1,9143,35,대학원졸,3,1,6,0,카드대출,51,1
1263,138,0.1,3,3,2,173,26,대졸,11,2,3,0,담보대출,45,3
1264,3463,0.24,0,2,1,45210,50,대졸,11,2,3,0,담보대출,19,2
1265,4621,0.41,2,3,3,45529,57,고졸,16,1,0,0,담보대출,49,2
1266,3128,0.59,0,1,1,-26790,37,대졸,14,1,2,0,신용대출,47,2
1267,7448,0.42,2,0,1,27528,49,고졸,8,3,5,0,담보대출,35,1
1268,2854,0.23,0,1,1,19826,28,대졸,6,0,6,0,신용대출,57,2
1269,4339,0.42,2,3,0,12161,43,대졸,9,0,5,0,신용대출,57,2
1270,5196,0.37,0,2,1,19779,42,고졸,15,3,1,0,담보대출,31,1
1271,7161,0.49,0,2,3,51915,54,대학원졸,11,2,0,0,담보대출,58,1
1272,2846,0.15,0,3,3,19651,43,고졸,6,1,6,1,신용대출,50,3
1273,6744,0.48,1,2,3,20337,47,대졸,17,2,1,0,카드대출,34,1
1274,5015,0.37,2,4,1,7623,40,대졸,14,0,7,0,카드대출,24,2
1275,3527,0.58,3,0,2,65378,25,대졸,5,0,5,0,신용대출,52,3
1276,5693,0.27,0,0,2,48692,36,고졸,11,2,7,0,담보대출,13,1
1277,5298,0.42,1,0,3,-9847,48,고졸,10,0,7,1,신용대출,28,3
1278,4099,0.57,1,2,0,20355,58,대학원졸,19,1,6,0,신용대출,58,2
1279,5104,0.15,0,2,2,50570,32,고졸,2,3,3,1,담보대출,47,2
1280,4422,0.57,1,1,1,65627,42,대학원졸,1,2,1,0,카드대출,40,2
1281,5170,0.44,1,1,2,56816,29,대학원졸,5,1,7,0,신용대출,36,2
1282,5993,0.13,2,0,3,32886,50,고졸,4,1,2,1,카드대출,58,2
1283,7379,0.25,0,4,0,1372,54,고졸,17,0,4,0,카드대출,40,1
1284,3143,0.45,0,1,2,57404,37,대졸,15,1,5,0,담보대출,37,2
1285,8199,0.13,0,1,2,34062,43,대학원졸,7,2,5,0,신용대출,10,1
1286,2071,0.39,0,2,3,41377,53,대학원졸,19,1,2,0,신용대출,21,3
1287,4772,0.27,4,4,0,36451,27,대졸,10,3,6,0,카드대출,22,3
1288,5882,0.41,1,0,0,12889,50,대졸,9,1,6,0,카드대출,37,1
1289,5421,0.12,2,1,3,47285,36,고졸,11,1,6,0,담보대출,43,1
1290,4065,0.54,0,4,1,44529,26,대학원졸,5,3,1,1,카드대출,37,3
1291,4687,0.59,1,4,2,31484,35,대학원졸,19,1,0,1,담보대출,57,3
1292,4260,0.58,2,0,1,49422,52,고졸,4,1,7,0,신용대출,25,3
1293,4115,0.47,1,4,2,12520,42,고졸,8,0,3,0,담보대출,53,2
1294,6274,0.17,1,4,2,34619,37,고졸,15,2,4,0,카드대출,7,1
1295,5535,0.48,2,4,1,40522,46,고졸,13,0,0,0,신용대출,25,2
1296,3960,0.11,1,1,3,5301,36,대학원졸,7,2,0,1,담보대출,52,3
1297,6349,0.11,3,0,3,38858,26,대졸,19,3,2,0,신용대출,23,1
1298,5460,0.26,2,4,2,54672,31,고졸,18,3,1,0,담보대출,6,2
1299,6219,0.34,1,4,3,33935,50,대졸,13,3,5,1,카드대출,34,3
1300,5944,0.49,1,1,2,39317,50,대학원졸,6,2,5,1,카드대출,34,3
1301,3756,0.44,2,0,3,51246,48,대졸,4,2,2,0,신용대출,24,3
1302,4159,0.32,0,2,2,32243,36,대졸,17,2,1,0,신용대출,49,1
1303,6120,0.24,0,1,3,34044,40,고졸,1,3,2,0,신용대출,45,1
1304,5915,0.6,1,0,0,16465,47,대학원졸,10,2,5,1,담보대출,11,3
1305,4968,0.31,1,4,1,39701,33,대학원졸,7,1,0,0,카드대출,49,1
1306,5175,0.33,0,0,0,33303,56,고졸,0,0,3,0,신용대출,44,1
1307,6916,0.18,1,0,1,49981,39,고졸,11,3,7,0,신용대출,55,1
1308,4112,0.5,3,0,1,51269,37,고졸,1,0,6,0,신용대출,59,2
1309,5820,0.45,1,2,2,55824,29,고졸,17,1,1,0,담보대출,51,1
1310,4696,0.21,0,0,1,29834,35,대졸,6,2,7,1,신용대출,13,3
1311,4673,0.14,0,2,0,-3531,34,대학원졸,16,0,4,1,신용대출,29,3
1312,6648,0.44,1,4,0,54832,37,대졸,13,1,4,1,담보대출,25,3
1313,6238,0.43,3,2,3,48622,39,대학원졸,6,1,0,0,담보대출,59,1
1314,6220,0.24,0,4,0,27294,31,대졸,2,0,2,0,신용대출,19,1
1315,6958,0.58,2,4,3,51098,52,대졸,5,3,2,1,신용대출,10,3
1316,5031,0.18,0,2,1,11028,56,대졸,19,0,5,0,담보대출,46,1
1317,6022,0.32,4,1,0,60604,59,고졸,1,3,0,0,카드대출,45,2
1318,4534,0.57,1,3,1,33327,39,대졸,16,2,5,0,담보대출,39,2
1319,5486,0.31,0,0,0,23421,45,대졸,11,3,5,1,카드대출,21,3
1320,4804,0.42,1,3,0,27565,30,고졸,11,2,4,0,신용대출,50,1
1321,5145,0.3,2,0,3,35370,25,대졸,16,0,5,1,신용대출,12,3
1322,5892,0.24,2,0,1,39759,28,대졸,9,2,7,0,카드대출,21,1
1323,3772,0.59,1,4,0,40965,35,대학원졸,2,1,6,0,담보대출,12,3
1324,8138,0.3,1,0,2,31407,50,대졸,19,2,5,0,신용대출,32,1
1325,3490,0.55,1,0,1,44004,47,대학원졸,17,3,4,0,카드대출,19,3
1326,3178,0.21,3,2,1,40165,53,대졸,12,3,6,0,담보대출,19,3
1327,6737,0.21,1,3,1,27048,45,대졸,11,3,2,1,카드대출,49,2
1328,6187,0.12,0,2,3,24036,51,대졸,16,2,1,0,담보대출,38,1
1329,5936,0.43,0,0,2,52167,37,대학원졸,3,3,3,0,담보대출,38,1
1330,5942,0.28,0,4,1,50486,47,대졸,9,3,5,0,담보대출,49,1
1331,4981,0.53,1,2,0,41142,40,대졸,10,1,7,0,담보대출,25,2
1332,3654,0.34,0,2,0,58483,54,대졸,5,2,6,0,카드대출,58,2
1333,5113,0.58,0,1,3,773,28,대졸,5,1,1,0,카드대출,52,1
1334,3984,0.19,1,0,0,28712,40,고졸,8,3,4,1,카드대출,41,3
1335,6462,0.53,1,4,1,16873,55,고졸,14,3,1,0,카드대출,12,2
1336,4779,0.49,1,2,0,85125,49,고졸,1,3,3,0,카드대출,37,2
1337,3761,0.49,0,2,1,54264,36,대학원졸,3,2,7,0,담보대출,53,2
1338,4517,0.52,1,4,0,38418,50,고졸,4,0,1,0,신용대출,8,3
1339,5619,0.48,0,0,2,55699,57,고졸,16,3,7,1,신용대출,44,3
1340,4154,0.41,0,1,3,62325,52,대졸,7,3,6,0,카드대출,34,2
1341,3766,0.17,0,2,3,62112,33,대졸,7,3,1,1,카드대출,29,3
1342,5365,0.12,0,1,2,58434,36,대졸,11,3,7,0,신용대출,27,1
1343,5367,0.56,0,3,2,34749,29,고졸,7,2,1,0,담보대출,11,2
1344,4239,0.41,2,0,3,29972,52,대학원졸,18,0,1,1,카드대출,53,3
1345,4293,0.5,0,3,2,20756,59,대학원졸,2,0,0,0,담보대출,29,2
1346,5348,0.34,2,3,1,50048,29,대학원졸,17,0,5,0,신용대출,45,1
1347,2827,0.16,1,3,0,36821,58,대졸,18,3,4,0,신용대출,28,3
1348,2888,0.16,0,0,3,31630,58,대졸,18,3,3,1,카드대출,59,3
1349,3922,0.44,2,0,2,30586,37,고졸,14,0,4,0,담보대출,43,2
1350,4679,0.32,2,4,1,69003,38,고졸,5,0,0,0,카드대출,15,2
1351,5466,0.2,0,1,3,59053,35,고졸,15,3,0,0,신용대출,21,1
1352,7213,0.35,1,1,2,76607,28,대졸,7,3,6,0,담보대출,16,1
1353,6286,0.13,2,4,3,50580,57,대졸,15,1,0,1,카드대출,37,3
1354,4760,0.39,1,4,2,41139,31,대졸,17,1,5,0,카드대출,50,1
1355,4971,0.23,3,3,3,39491,32,고졸,19,1,0,0,카드대출,11,2
1356,3496,0.5,1,4,1,19593,34,대졸,15,0,1,1,신용대출,29,3
1357,4972,0.26,0,2,1,14771,39,대졸,10,2,4,0,카드대출,38,1
1358,4567,0.33,0,1,0,50146,39,대졸,6,3,2,0,담보대출,58,1
1359,5484,0.11,2,4,3,21306,29,대졸,16,1,3,0,카드대출,56,1
1360,3759,0.14,1,2,0,44229,53,고졸,16,2,0,0,신용대출,17,2
1361,5779,0.3,1,2,3,62309,43,대학원졸,11,3,4,0,카드대출,32,1
1362,7299,0.34,1,2,2,26690,34,대졸,12,2,6,0,신용대출,43,1
1363,4836,0.4,0,2,2,80209,36,고졸,9,0,0,0,신용대출,23,2
1364,5602,0.25,0,3,0,20186,28,고졸,6,0,5,0,담보대출,50,1
1365,6035,0.45,0,2,3,59803,55,대졸,13,0,0,0,담보대출,44,1
1366,4398,0.53,3,3,0,48495,42,대학원졸,0,1,0,0,카드대출,18,3
1367,5336,0.49,1,3,1,63881,40,대졸,16,3,7,0,신용대출,58,1
1368,5018,0.12,2,2,0,17676,49,고졸,3,0,7,1,신용대출,45,3
1369,5146,0.34,2,1,0,86140,47,대학원졸,4,1,0,0,담보대출,35,2
1370,3840,0.15,1,2,2,36424,36,대졸,19,1,6,0,담보대출,58,1
1371,5036,0.22,1,2,0,53532,58,대졸,6,1,7,0,카드대출,54,1
1372,5746,0.59,0,2,3,68889,27,대졸,9,1,0,1,신용대출,46,3
1373,7176,0.17,1,1,2,27906,33,고졸,16,0,3,1,담보대출,57,1
1374,6438,0.35,1,0,0,56514,42,대졸,6,1,4,0,카드대출,18,1
1375,8229,0.41,0,0,1,24570,59,대졸,0,0,7,0,신용대출,39,1
1376,3848,0.45,0,3,0,67939,58,대학원졸,6,0,7,0,신용대출,41,2
1377,6308,0.38,1,3,0,24796,38,대졸,10,1,5,0,담보대출,35,1
1378,5275,0.1,3,1,0,40770,28,대졸,8,0,0,0,카드대출,30,2
1379,8284,0.26,1,4,2,46122,53,대졸,11,3,0,1,담보대출,7,2
1380,3787,0.36,0,0,3,55685,39,대학원졸,2,3,0,0,카드대출,41,2
1381,3740,0.14,0,3,1,79369,52,대학원졸,3,2,0,0,신용대출,23,2
1382,4100,0.28,1,0,0,30960,40,대졸,3,3,7,0,카드대출,10,3
1383,1814,0.12,4,1,3,62774,36,대졸,12,0,1,0,카드대출,24,3
1384,4211,0.14,0,1,3,79405,29,대졸,18,0,1,1,카드대출,47,3
1385,3861,0.3,1,4,2,43314,58,대졸,9,3,2,1,카드대출,23,3
1386,5225,0.17,2,4,1,28997,25,고졸,4,1,0,0,카드대출,37,1
1387,5512,0.38,1,1,2,5399,56,대졸,6,1,2,0,담보대출,26,2
1388,7814,0.44,1,3,3,77665,50,고졸,15,0,3,0,카드대출,15,1
1389,6425,0.5,1,0,3,35111,41,대학원졸,0,1,2,0,카드대출,42,1
1390,4134,0.2,0,2,3,19972,51,대졸,11,2,4,0,신용대출,54,1
1391,3652,0.18,0,4,2,12833,48,대학원졸,1,2,1,0,카드대출,27,2
1392,5737,0.15,2,2,1,19935,59,대졸,6,3,1,1,신용대출,18,3
1393,3019,0.42,0,3,0,58394,50,대졸,10,3,0,0,담보대출,22,3
1394,7747,0.45,1,4,2,61157,47,대졸,12,1,7,1,담보대출,14,3
1395,6769,0.12,2,2,3,53042,46,고졸,1,0,0,0,카드대출,29,1
1396,4296,0.57,0,3,2,42646,28,대졸,6,3,3,1,담보대출,49,3
1397,2430,0.13,2,0,3,15089,33,고졸,14,2,5,0,카드대출,19,3
1398,7030,0.37,0,3,0,25401,28,대졸,10,3,3,0,담보대출,51,1
1399,4828,0.45,1,4,0,17867,31,대졸,1,3,4,0,카드대출,13,2
1400,6856,0.54,2,1,1,51456,47,대졸,6,2,0,1,카드대출,42,3
1401,2608,0.46,0,0,3,18733,26,고졸,3,0,0,0,신용대출,24,3
1402,4100,0.5,0,2,1,25715,48,고졸,10,3,3,0,신용대출,33,2
1403,5007,0.27,1,4,1,36330,55,대졸,1,3,3,0,신용대출,51,1
1404,5070,0.51,0,1,0,6603,55,대학원졸,15,3,3,0,신용대출,46,1
1405,4324,0.14,1,3,2,40935,58,대졸,6,1,1,0,카드대출,35,2
1406,5934,0.55,0,1,2,37856,48,대졸,12,3,2,1,담보대출,12,3
1407,3398,0.37,1,4,1,63684,50,대졸,4,2,2,0,카드대출,31,3
1408,4786,0.51,1,4,0,23602,40,고졸,16,0,0,0,신용대출,45,2
1409,5180,0.33,4,1,3,14016,37,대학원졸,11,0,1,0,신용대출,51,2
1410,5771,0.42,2,3,2,32518,39,대졸,18,2,3,0,담보대출,59,1
1411,6067,0.36,0,1,1,18038,51,고졸,6,1,0,0,신용대출,51,1
1412,3313,0.47,1,4,2,40783,28,대졸,5,2,1,0,카드대출,16,3
1413,2698,0.14,1,4,2,2801,40,고졸,7,0,4,0,카드대출,19,3
1414,6916,0.13,2,2,3,27893,54,대학원졸,12,2,5,0,카드대출,26,1
1415,5498,0.22,0,2,0,21432,54,고졸,4,1,1,1,카드대출,13,3
1416,3877,0.18,0,0,3,51355,27,대졸,1,0,6,0,카드대출,8,2
1417,7326,0.54,0,4,0,23788,46,고졸,8,1,0,0,담보대출,33,1
1418,5173,0.21,0,2,2,5278,46,대졸,10,2,7,0,카드대출,34,1
1419,6768,0.59,0,1,1,35963,36,대졸,5,3,2,0,신용대출,28,1
1420,5101,0.27,0,3,3,46397,45,대졸,6,2,6,0,신용대출,23,1
1421,8091,0.19,2,1,0,34575,28,대졸,6,1,3,0,신용대출,40,1
1422,7633,0.49,1,3,2,27773,55,대학원졸,18,2,5,1,신용대출,18,3
1423,4626,0.43,1,2,0,26568,55,고졸,5,3,7,0,담보대출,17,2
1424,6457,0.35,1,0,0,42258,47,대졸,10,1,4,0,신용대출,52,1
1425,5968,0.38,3,1,0,22211,44,고졸,10,2,7,0,담보대출,55,1
1426,7052,0.46,1,1,2,33430,39,대학원졸,6,1,5,0,신용대출,10,1
1427,3552,0.21,1,1,1,55008,47,대졸,1,1,7,0,담보대출,44,2
1428,6029,0.6,1,3,1,13973,52,대졸,18,0,5,0,담보대출,16,2
1429,6587,0.59,0,2,1,39126,40,대졸,3,0,1,0,담보대출,16,1
1430,2361,0.43,3,1,0,4220,45,고졸,5,1,0,0,신용대출,52,3
1431,3225,0.2,1,1,2,44558,39,고졸,16,2,7,0,담보대출,47,2
1432,1941,0.44,1,0,0,20423,41,고졸,4,2,7,0,카드대출,52,3
1433,4595,0.14,1,0,1,60391,37,대졸,6,2,0,0,카드대출,36,1
1434,6076,0.12,2,2,1,10461,43,고졸,8,3,5,0,신용대출,36,1
1435,7253,0.23,2,2,2,48841,54,고졸,0,1,3,1,카드대출,18,3
1436,5111,0.33,2,4,0,64422,42,대학원졸,0,1,0,0,카드대출,19,2
1437,7442,0.53,0,0,3,19386,38,대학원졸,18,3,5,0,카드대출,54,1
1438,2929,0.46,0,4,3,22762,44,대졸,5,1,0,1,신용대출,50,3
1439,2444,0.47,1,3,1,21116,43,대졸,17,1,3,0,신용대출,47,3
1440,4916,0.31,1,4,2,30282,31,고졸,9,3,4,0,카드대출,30,2
1441,5576,0.27,3,1,0,50348,28,대졸,10,0,6,0,신용대출,38,2
1442,4950,0.29,2,4,0,28649,58,대학원졸,0,1,5,0,담보대출,38,2
1443,1898,0.59,1,2,1,17580,26,고졸,0,3,2,1,카드대출,20,3
1444,4866,0.12,0,3,1,-375,29,고졸,12,2,2,1,신용대출,21,3
1445,3043,0.53,2,1,0,72038,34,대졸,4,0,5,0,신용대출,49,3
1446,6004,0.39,1,4,0,73609,56,대졸,19,2,1,0,카드대출,43,1
1447,5549,0.32,2,3,1,51204,37,고졸,0,1,4,0,신용대출,11,2
1448,3590,0.46,2,3,0,23792,29,대졸,19,0,1,0,카드대출,49,2
1449,4229,0.34,1,1,3,54954,34,대졸,2,3,6,0,신용대출,30,2
1450,3411,0.54,2,4,1,58974,34,대졸,17,1,2,0,담보대출,20,3
1451,4905,0.55,0,3,0,34915,51,대졸,8,3,3,0,카드대출,9,2
1452,6432,0.31,0,3,1,40827,45,대학원졸,13,0,5,0,담보대출,9,1
1453,3521,0.24,1,0,2,64635,32,대졸,16,2,6,0,카드대출,35,2
1454,5756,0.4,0,3,1,7190,25,대학원졸,13,1,7,0,신용대출,39,1
1455,4204,0.56,1,0,1,59968,52,대졸,3,1,7,1,담보대출,32,3
1456,3810,0.21,3,4,2,33816,38,대졸,4,3,0,0,신용대출,36,2
1457,4839,0.41,0,4,3,17748,45,대졸,16,0,2,1,카드대출,37,3
1458,3447,0.42,3,4,0,19393,54,대학원졸,1,3,4,0,카드대출,49,3
1459,4169,0.47,3,2,2,22705,45,대학원졸,4,0,2,0,카드대출,44,3
1460,3203,0.17,2,4,1,15798,33,고졸,3,1,4,0,카드대출,57,2
1461,7947,0.46,1,3,0,75427,41,대학원졸,3,0,4,0,카드대출,14,1
1462,5052,0.55,1,1,2,49824,29,대학원졸,5,1,5,0,담보대출,46,2
1463,3950,0.19,0,0,0,61289,55,대졸,19,0,4,0,카드대출,13,2
1464,5320,0.22,0,2,0,51247,43,고졸,12,2,1,0,신용대출,19,1
1465,4831,0.59,0,4,2,41224,57,대학원졸,4,0,7,0,담보대출,38,2
1466,4668,0.19,2,4,0,41495,37,대학원졸,6,2,6,0,신용대출,28,2
1467,5921,0.53,2,1,3,32049,38,고졸,19,0,3,0,카드대출,26,2
1468,6136,0.35,0,1,2,33684,57,대학원졸,0,0,2,0,신용대출,17,1
1469,4204,0.22,2,2,3,11837,53,고졸,13,3,3,1,담보대출,7,3
1470,4136,0.54,0,0,1,61636,34,고졸,3,3,6,0,담보대출,18,3
1471,4587,0.32,0,4,0,3735,55,대졸,16,1,0,0,담보대출,9,2
1472,1547,0.36,1,2,1,18827,30,대졸,13,3,6,0,신용대출,25,3
1473,2727,0.28,0,3,1,80240,25,대졸,15,0,2,0,담보대출,55,2
1474,7050,0.4,0,3,0,42723,31,고졸,13,3,7,0,신용대출,56,1
1475,7467,0.18,2,2,2,43554,51,대학원졸,15,0,3,0,카드대출,53,1
1476,4626,0.3,1,4,0,52746,45,고졸,19,2,3,0,카드대출,19,2
1477,5864,0.58,1,2,1,9193,52,고졸,7,0,5,0,신용대출,35,2
1478,5466,0.23,3,4,1,12124,40,고졸,2,1,5,0,담보대출,34,2
1479,9618,0.43,1,1,2,31102,47,대졸,18,2,6,0,신용대출,13,1
1480,6679,0.26,2,2,0,21932,44,대학원졸,0,1,6,1,신용대출,17,3
1481,4808,0.49,1,4,1,38500,49,대졸,1,1,0,0,신용대출,46,2
1482,3566,0.17,0,2,3,49710,52,대학원졸,14,1,4,0,카드대출,43,2
1483,2590,0.58,1,2,1,67783,29,고졸,9,3,2,0,신용대출,31,3
1484,5305,0.33,3,4,1,56221,45,대졸,17,1,5,0,카드대출,55,1
1485,3865,0.22,1,4,2,20114,42,대졸,13,2,2,1,신용대출,7,3
1486,2866,0.14,1,0,3,32500,30,대졸,16,0,0,1,카드대출,45,3
1487,4030,0.18,1,2,1,27061,53,고졸,12,1,5,0,신용대출,19,2
1488,3377,0.36,0,3,1,19668,43,대졸,0,2,5,0,신용대출,11,3
1489,7530,0.27,1,2,3,15116,57,대졸,4,1,4,0,담보대출,47,1
1490,6322,0.51,1,2,0,73286,25,대졸,12,0,2,0,담보대출,45,1
1491,4988,0.32,0,4,0,40212,27,대졸,13,2,7,0,신용대출,36,1
1492,7219,0.22,1,2,1,35515,45,고졸,2,2,2,1,신용대출,22,2
1493,5116,0.41,0,2,1,49685,59,대졸,14,0,2,1,신용대출,30,3
1494,3708,0.45,1,3,0,50674,27,고졸,18,2,4,1,신용대출,37,3
1495,7284,0.18,1,4,2,62376,49,대학원졸,16,0,5,0,담보대출,17,1
1496,5808,0.18,0,2,3,25126,44,대졸,2,2,0,0,카드대출,54,1
1497,3444,0.12,1,1,3,48054,58,고졸,15,2,2,0,신용대출,18,2
1498,4714,0.47,0,0,2,21776,45,대학원졸,13,0,3,0,담보대출,24,2
1499,3686,0.43,0,3,2,36196,47,대졸,11,0,7,0,신용대출,49,2
1500,2925,0.34,0,2,2,41134,30,고졸,11,2,7,0,신용대출,53,2
1501,6389,0.52,1,1,2,43089,37,대졸,10,2,4,0,카드대출,30,1
1502,7864,0.5,2,2,2,42206,47,고졸,16,0,1,1,신용대출,36,2
1503,2902,0.39,1,2,2,56036,33,대학원졸,7,3,0,1,신용대출,42,3
1504,5844,0.53,1,4,3,28060,41,대학원졸,16,0,3,1,카드대출,30,3
1505,4024,0.2,1,4,2,43633,26,대학원졸,19,2,2,1,카드대출,21,3
1506,4269,0.16,1,4,0,24821,43,대졸,10,2,1,0,카드대출,43,1
1507,4111,0.23,1,1,2,98415,43,대졸,1,2,0,0,카드대출,48,2
1508,3704,0.13,0,2,2,21742,31,대졸,9,0,4,0,담보대출,54,1
1509,5072,0.37,3,0,3,25986,44,고졸,9,2,1,0,담보대출,28,2
1510,3753,0.57,2,3,3,57652,33,대졸,10,3,5,1,담보대출,19,3
1511,5405,0.12,0,4,2,31410,41,대졸,5,1,6,1,신용대출,11,3
1512,4924,0.16,2,4,3,57660,51,고졸,3,3,1,0,카드대출,30,2
1513,4641,0.33,0,2,1,43060,26,대졸,11,0,6,0,카드대출,28,2
1514,3638,0.57,2,2,3,31936,43,대학원졸,10,2,7,0,담보대출,48,3
1515,4134,0.26,1,1,3,24944,41,대학원졸,12,0,3,0,신용대출,17,2
1516,6133,0.35,1,1,3,24223,29,고졸,4,1,0,1,신용대출,18,3
1517,5751,0.12,0,4,3,32153,42,고졸,5,0,3,0,신용대출,41,1
1518,3533,0.17,1,2,0,36512,31,고졸,0,2,3,0,담보대출,44,2
1519,5148,0.59,2,0,0,23362,41,대학원졸,5,1,2,0,신용대출,39,2
1520,6127,0.58,1,3,0,37815,28,고졸,17,1,4,0,신용대출,11,2
1521,2495,0.1,1,2,2,18117,49,대졸,8,2,1,0,신용대출,43,2
1522,5815,0.58,2,2,2,55118,29,고졸,14,2,0,1,카드대출,55,3
1523,4006,0.42,0,1,1,58947,54,대졸,7,2,7,0,담보대출,57,1
1524,5855,0.53,2,3,0,25913,36,대졸,18,0,5,0,카드대출,45,1
1525,3855,0.33,1,4,2,24796,28,대졸,15,3,4,0,카드대출,13,3
1526,2292,0.36,1,2,3,43558,48,고졸,5,0,4,0,담보대출,13,3
1527,2558,0.34,1,4,3,65307,53,대졸,5,0,0,1,카드대출,45,3
1528,5072,0.43,0,2,0,69733,33,고졸,2,3,4,0,신용대출,38,1
1529,5389,0.17,0,4,1,11945,28,대졸,9,2,2,0,신용대출,39,1
1530,3643,0.11,0,3,1,60126,48,대학원졸,0,2,4,0,신용대출,49,1
1531,5957,0.25,1,1,3,38768,38,고졸,13,3,7,0,신용대출,20,1
1532,2507,0.45,1,3,1,39156,29,대학원졸,3,3,7,0,담보대출,41,3
1533,4900,0.2,1,0,0,50094,42,대졸,11,0,2,0,카드대출,40,1
1534,3183,0.44,0,1,3,30380,43,고졸,5,1,1,1,카드대출,51,3
1535,4022,0.58,0,3,2,61934,36,대졸,10,3,1,0,신용대출,27,2
1536,5071,0.15,1,0,2,68479,42,고졸,11,0,3,0,신용대출,28,1
1537,3709,0.44,1,2,1,69225,41,대졸,9,1,7,0,카드대출,45,2
1538,4423,0.32,1,2,3,3121,54,대졸,17,2,2,0,담보대출,50,1
1539,6509,0.53,2,4,3,35406,48,고졸,6,2,5,1,카드대출,56,3
1540,4134,0.19,1,1,2,1295,35,대졸,6,0,1,0,신용대출,27,2
1541,6253,0.45,2,2,3,24694,59,대학원졸,10,0,4,0,신용대출,10,2
1542,3305,0.52,1,1,3,-7949,47,대학원졸,3,3,0,1,담보대출,36,3
1543,5794,0.57,0,2,3,49005,41,대졸,19,2,0,0,카드대출,18,2
1544,7162,0.44,2,4,1,44386,25,대학원졸,0,0,6,0,담보대출,33,1
1545,1292,0.35,0,3,3,31347,39,대졸,12,2,7,0,담보대출,25,3
1546,3804,0.41,0,4,0,24177,56,대졸,17,2,2,0,신용대출,38,2
1547,5865,0.53,0,0,1,46280,33,대학원졸,8,3,5,0,카드대출,21,1
1548,4695,0.39,2,2,3,19771,39,대졸,8,1,3,0,신용대출,34,2
1549,5556,0.12,1,0,3,18410,52,대졸,8,3,4,0,카드대출,28,1
1550,4094,0.57,0,0,0,15951,48,대졸,9,0,2,1,신용대출,29,3
1551,5129,0.44,3,1,1,35923,59,대학원졸,1,3,6,0,신용대출,39,2
1552,4766,0.44,3,2,2,28353,46,대학원졸,5,3,0,0,카드대출,12,3
1553,6751,0.21,1,0,2,32315,51,대졸,14,2,2,0,카드대출,43,1
1554,5381,0.43,0,3,1,50436,43,대졸,2,3,4,1,신용대출,42,3
1555,5506,0.3,0,0,3,59265,36,대졸,10,0,5,0,카드대출,9,2
1556,4382,0.43,0,3,3,69009,44,대졸,5,1,7,0,신용대출,39,2
1557,4268,0.15,1,1,2,41202,25,고졸,2,3,5,0,카드대출,47,1
1558,4351,0.43,1,0,2,46951,45,대졸,10,3,1,0,신용대출,27,2
1559,5591,0.6,6,4,2,43776,25,대졸,14,1,4,1,신용대출,10,3
1560,4368,0.12,0,1,0,6516,34,대졸,12,0,6,0,신용대출,55,1
1561,5434,0.59,0,3,2,32606,56,고졸,19,0,1,0,담보대출,47,1
1562,8113,0.3,0,1,0,32698,46,고졸,9,3,1,0,카드대출,28,1
1563,6306,0.54,0,0,1,29783,42,대학원졸,5,2,1,0,신용대출,59,1
1564,4510,0.49,2,2,3,39181,56,대졸,14,3,2,1,담보대출,20,3
1565,6801,0.38,0,2,2,35610,51,고졸,17,1,6,0,신용대출,36,1
1566,4387,0.47,2,3,3,20273,52,대졸,17,1,0,0,담보대출,14,3
1567,1942,0.54,1,3,3,36979,42,대졸,6,1,5,0,신용대출,48,3
1568,3487,0.3,0,2,2,27218,53,고졸,14,3,7,0,신용대출,58,2
1569,2193,0.26,1,3,2,-12384,42,대졸,17,3,2,0,담보대출,30,3
1570,4472,0.43,2,1,1,12058,32,대졸,17,0,0,0,담보대출,30,2
1571,5027,0.5,0,4,0,41778,55,대졸,19,2,5,0,카드대출,54,1
1572,7514,0.48,0,4,0,61837,58,대졸,8,3,7,0,카드대출,26,1
1573,5490,0.5,0,1,3,-8544,31,대졸,1,0,6,0,담보대출,14,2
1574,4671,0.32,1,4,2,22592,42,대학원졸,7,3,7,0,카드대출,53,1
1575,6244,0.51,0,0,1,48629,33,대졸,19,0,6,0,담보대출,43,1
1576,1683,0.16,2,1,1,57563,33,고졸,1,0,4,1,카드대출,27,3
1577,5353,0.37,1,3,1,31597,32,고졸,10,2,7,0,신용대출,48,1
1578,6156,0.1,0,1,1,26344,59,대졸,6,3,5,0,카드대출,28,1
1579,2782,0.26,0,2,1,64394,42,대졸,5,0,5,0,신용대출,54,2
1580,6715,0.28,2,3,0,55921,29,고졸,9,1,6,0,신용대출,9,1
1581,5507,0.3,1,2,0,57172,38,대졸,4,1,5,1,카드대출,34,3
1582,4377,0.45,0,3,0,30638,52,고졸,10,1,3,1,담보대출,20,3
1583,5949,0.29,1,4,2,62273,54,대졸,0,2,4,0,신용대출,6,2
1584,8406,0.32,0,1,3,1098,28,대졸,1,0,2,0,신용대출,59,1
1585,5272,0.22,4,0,1,62624,44,대졸,0,2,7,1,카드대출,35,3
1586,5372,0.29,1,3,2,38669,49,대졸,18,3,2,0,담보대출,34,1
1587,4310,0.21,5,3,1,42578,52,고졸,1,3,0,0,담보대출,25,3
1588,3725,0.14,1,2,0,21094,36,대졸,19,0,2,0,카드대출,38,2
1589,6245,0.4,0,4,2,3719,26,고졸,3,1,1,1,담보대출,46,2
1590,3715,0.43,2,2,0,42154,38,대학원졸,11,0,5,1,카드대출,49,3
1591,5107,0.41,4,2,1,51027,46,고졸,19,0,2,0,카드대출,41,2
1592,4283,0.33,2,4,1,54053,55,대학원졸,17,0,0,0,카드대출,27,2
1593,5718,0.29,1,0,3,51895,47,대졸,0,2,0,1,신용대출,18,3
1594,5500,0.53,0,2,1,47363,44,대졸,0,3,1,0,신용대출,12,2
1595,6556,0.36,2,2,0,21524,28,대졸,13,0,0,0,신용대출,13,2
1596,4234,0.34,2,3,1,55349,39,대학원졸,3,0,6,0,카드대출,33,2
1597,4595,0.11,0,4,3,19287,48,고졸,4,0,3,0,신용대출,50,1
1598,3531,0.27,0,1,3,62141,49,고졸,10,2,6,0,신용대출,48,2
1599,4333,0.29,0,0,0,38320,25,대졸,12,2,5,0,신용대출,14,2
1600,5565,0.3,1,0,2,38985,31,고졸,15,2,5,1,카드대출,30,3
1601,6135,0.39,1,4,1,57318,55,고졸,12,0,5,0,카드대출,21,1
1602,3616,0.37,0,3,3,60029,36,대학원졸,1,1,4,0,카드대출,15,3
1603,6304,0.4,2,3,1,55412,29,대학원졸,15,1,2,0,신용대출,16,2
1604,7033,0.48,1,4,1,23590,36,대졸,5,1,3,0,담보대출,36,1
1605,5620,0.51,1,3,2,55253,42,대학원졸,13,3,2,0,신용대출,17,2
1606,7815,0.46,0,0,3,23704,26,대졸,0,0,3,0,신용대출,36,1
1607,3839,0.58,0,0,1,55758,34,고졸,16,1,2,1,카드대출,19,3
1608,3133,0.11,1,1,3,11496,39,대졸,10,1,1,0,카드대출,56,2
1609,2331,0.2,1,4,0,38126,54,대졸,18,1,7,0,신용대출,49,2
1610,7244,0.1,1,2,0,23582,41,대학원졸,2,0,6,0,신용대출,37,1
1611,5981,0.42,1,2,1,57398,28,고졸,10,1,0,1,담보대출,55,3
1612,4916,0.55,3,1,3,62303,31,대졸,4,1,0,0,담보대출,58,2
1613,5419,0.22,1,1,1,43979,55,고졸,16,0,6,0,카드대출,22,1
1614,3311,0.56,1,3,3,43322,58,고졸,6,3,1,0,담보대출,40,3
1615,8668,0.13,1,1,3,54083,30,고졸,9,2,3,1,담보대출,6,2
1616,5193,0.57,0,1,2,62422,58,대학원졸,10,1,6,0,카드대출,34,2
1617,5164,0.28,1,2,2,40746,39,대학원졸,2,2,4,0,담보대출,56,1
1618,6088,0.15,1,3,2,30006,38,대졸,19,3,3,0,신용대출,9,1
1619,5721,0.34,0,1,1,52945,30,대졸,9,3,0,0,담보대출,28,1
1620,5335,0.23,0,1,2,2825,56,대졸,9,1,4,0,카드대출,33,1
1621,3814,0.24,0,3,2,58193,27,고졸,13,0,2,0,신용대출,21,2
1622,5707,0.25,1,4,0,25796,27,고졸,11,3,4,0,담보대출,17,1
1623,7823,0.5,2,3,3,35195,46,대졸,14,2,3,0,신용대출,58,1
1624,7018,0.37,1,2,3,58321,46,대졸,9,2,1,0,신용대출,26,1
1625,7389,0.26,1,4,2,31689,34,대졸,9,2,2,0,담보대출,50,1
1626,4233,0.41,0,0,3,52948,27,고졸,18,2,3,1,담보대출,22,3
1627,3515,0.46,3,3,0,62778,36,고졸,0,3,2,1,카드대출,45,3
1628,4811,0.24,2,2,0,42200,53,고졸,9,1,4,0,카드대출,18,2
1629,5083,0.31,0,4,2,46228,41,대졸,1,1,0,0,신용대출,57,1
1630,6641,0.16,1,3,0,37611,31,대학원졸,16,2,3,0,카드대출,37,1
1631,2461,0.19,0,1,3,42311,37,대졸,6,1,7,1,신용대출,42,3
1632,7294,0.44,1,3,1,17671,26,대학원졸,6,2,1,0,신용대출,55,1
1633,4762,0.19,0,0,3,34125,28,대졸,19,2,7,0,카드대출,20,1
1634,4359,0.36,0,3,1,14235,34,대졸,8,0,7,0,카드대출,17,2
1635,3481,0.45,2,4,2,22024,48,고졸,1,3,6,1,카드대출,54,3
1636,2517,0.15,2,4,1,-58,41,대학원졸,13,3,4,0,담보대출,20,3
1637,6234,0.38,2,3,0,45278,30,대졸,16,2,3,0,신용대출,39,1
1638,5109,0.23,0,4,3,73832,43,고졸,0,3,1,0,신용대출,11,2
1639,3065,0.58,2,1,1,30877,29,대졸,8,1,3,0,신용대출,22,3
1640,3057,0.34,1,3,3,59302,56,대졸,19,2,4,0,카드대출,53,2
1641,4496,0.5,0,1,2,62513,34,대졸,18,0,3,0,카드대출,54,1
1642,7503,0.38,1,1,2,16017,33,대학원졸,3,1,2,0,카드대출,25,1
1643,4610,0.12,1,2,0,20324,51,대졸,7,0,4,1,카드대출,14,3
1644,2745,0.42,0,3,2,59815,37,대졸,12,0,3,0,카드대출,10,3
1645,4631,0.58,1,4,1,38153,43,고졸,3,3,6,0,담보대출,28,2
1646,4590,0.4,0,1,2,14184,45,고졸,8,3,0,0,카드대출,38,2
1647,954,0.51,0,2,0,27262,48,고졸,8,2,3,0,신용대출,43,3
1648,4918,0.54,0,3,3,48393,28,고졸,17,3,2,1,카드대출,19,3
1649,4653,0.21,0,3,3,24121,48,대졸,11,0,1,0,신용대출,22,2
1650,6044,0.21,2,0,2,-15490,59,대졸,9,0,6,0,카드대출,24,1
1651,7773,0.41,3,0,1,33559,27,고졸,10,1,1,1,카드대출,38,2
1652,6689,0.31,0,1,0,35180,28,대학원졸,6,0,7,1,신용대출,6,3
1653,4596,0.52,0,0,1,40184,59,고졸,8,2,6,1,신용대출,18,3
1654,3340,0.55,2,1,0,65177,55,대졸,5,2,1,0,신용대출,51,3
1655,8860,0.28,1,4,2,41070,49,고졸,18,3,0,0,신용대출,32,1
1656,5088,0.22,3,1,0,44858,37,대졸,15,3,2,0,담보대출,11,2
1657,5020,0.49,2,0,0,61110,28,고졸,14,3,7,0,신용대출,11,3
1658,4963,0.24,2,4,2,40206,38,대졸,6,2,4,0,카드대출,38,2
1659,5297,0.51,3,0,1,82730,37,대졸,15,0,1,0,카드대출,35,2
1660,4783,0.31,0,1,2,14725,51,대학원졸,4,3,6,0,담보대출,51,1
1661,4139,0.43,1,2,0,21317,30,고졸,15,1,2,0,신용대출,40,2
1662,4179,0.15,2,3,2,52279,41,고졸,0,3,3,0,카드대출,28,2
1663,4950,0.41,1,0,0,65086,59,고졸,18,2,0,0,담보대출,15,2
1664,4184,0.33,1,1,2,35984,41,대졸,4,3,2,0,카드대출,56,2
1665,3930,0.39,3,4,3,19787,26,고졸,6,0,2,1,담보대출,24,3
1666,5159,0.18,4,0,3,75219,37,대학원졸,18,3,4,0,담보대출,56,2
1667,4617,0.47,1,0,2,24152,26,대졸,4,2,2,0,신용대출,33,2
1668,7255,0.53,0,3,1,46781,52,대졸,16,2,4,1,담보대출,28,2
1669,1023,0.21,0,1,0,66283,50,대졸,7,1,0,0,카드대출,9,3
1670,6637,0.15,4,2,3,31167,46,고졸,0,2,0,1,카드대출,25,3
1671,6869,0.11,2,4,1,27557,27,고졸,1,1,3,0,신용대출,24,1
1672,1889,0.42,0,1,0,28926,59,대졸,14,0,4,0,신용대출,47,3
1673,4485,0.4,2,4,3,58031,36,대졸,19,2,4,0,담보대출,32,2
1674,4442,0.37,0,0,3,61202,48,고졸,17,3,1,0,신용대출,39,2
1675,2888,0.22,1,3,2,40674,29,고졸,10,0,1,1,카드대출,9,3
1676,3833,0.3,2,3,0,77661,44,대학원졸,9,3,3,0,카드대출,43,2
1677,3334,0.4,0,2,1,40639,37,고졸,3,3,0,0,신용대출,12,3
1678,7628,0.35,2,3,1,65846,36,대학원졸,4,3,5,0,신용대출,53,1
1679,6403,0.59,1,0,1,31359,37,대졸,3,0,1,0,신용대출,12,2
1680,6907,0.17,1,2,0,86675,34,고졸,12,0,2,0,담보대출,55,1
1681,6082,0.45,1,1,1,71402,57,고졸,12,2,0,0,담보대출,57,1
1682,3306,0.3,2,3,1,37440,40,고졸,17,3,5,0,카드대출,31,3
1683,4213,0.31,0,2,1,68690,59,대졸,1,1,7,0,담보대출,31,2
1684,5734,0.46,1,0,2,67679,27,대졸,15,2,2,0,담보대출,59,1
1685,3166,0.45,0,4,2,71060,29,대졸,0,0,6,0,담보대출,24,3
1686,6069,0.6,0,4,0,-9639,50,대학원졸,18,1,4,0,담보대출,14,2
1687,4639,0.16,3,0,0,54387,35,대졸,8,0,0,1,카드대출,25,3
1688,4437,0.15,1,0,1,50845,31,고졸,2,1,6,0,신용대출,47,1
1689,6066,0.46,2,4,2,49421,34,고졸,6,2,3,0,카드대출,50,1
1690,5666,0.39,1,2,3,44366,58,대학원졸,9,1,4,0,담보대출,55,1
1691,4458,0.24,1,4,3,44956,27,고졸,0,2,4,0,신용대출,21,2
1692,6738,0.14,0,0,1,65662,32,고졸,9,0,2,0,신용대출,59,1
1693,3378,0.14,0,3,1,50789,55,대졸,8,1,6,0,신용대출,22,2
1694,5923,0.55,1,1,2,44338,35,대졸,14,3,4,0,카드대출,27,2
1695,5889,0.2,1,3,2,62787,31,대학원졸,14,3,1,0,신용대출,18,1
1696,4535,0.26,0,3,2,48360,26,대졸,2,0,0,0,카드대출,17,2
1697,5489,0.21,1,0,0,50271,30,고졸,4,1,1,0,카드대출,15,2
1698,3123,0.28,1,4,0,77340,56,대학원졸,8,3,2,0,담보대출,6,3
1699,6386,0.13,0,2,1,31310,44,고졸,8,2,5,0,담보대출,37,1
1700,4722,0.36,0,3,0,9685,58,대졸,6,1,7,1,신용대출,35,3
