소방서ID,신고접수시간,출발시간,도착시간
StationS,2023-07-08 21:05,2023-07-08 21:09,2023-07-08 21:37
StationI,2023-06-04 8:11,2023-06-04 8:14,2023-06-04 8:58
StationJ,2023-01-31 16:20,2023-01-31 16:23,2023-01-31 16:44
StationD,2023-03-10 17:31,2023-03-10 17:32,2023-03-10 18:03
StationB,2023-06-18 7:23,2023-06-18 7:26,2023-06-18 8:18
StationG,2023-01-11 14:17,2023-01-11 14:18,2023-01-11 14:32
StationX,2023-05-24 21:51,2023-05-24 21:52,2023-05-24 22:08
StationW,2023-09-24 14:21,2023-09-24 14:23,2023-09-24 14:42
StationI,2023-08-02 23:42,2023-08-02 23:47,2023-08-03 0:01
StationE,2023-12-21 10:30,2023-12-21 10:31,2023-12-21 11:30
StationI,2023-03-03 1:46,2023-03-03 1:48,2023-03-03 1:58
StationC,2023-06-15 7:29,2023-06-15 7:30,2023-06-15 8:02
StationR,2023-04-05 2:34,2023-04-05 2:37,2023-04-05 3:12
StationB,2023-02-17 20:39,2023-02-17 20:40,2023-02-17 21:32
StationI,2023-03-09 15:11,2023-03-09 15:14,2023-03-09 15:27
StationN,2023-05-04 2:31,2023-05-04 2:32,2023-05-04 2:42
StationB,2023-01-26 0:32,2023-01-26 0:37,2023-01-26 1:25
StationC,2023-02-18 6:38,2023-02-18 6:42,2023-02-18 7:13
StationR,2023-10-30 8:07,2023-10-30 8:12,2023-10-30 8:50
StationK,2023-03-09 21:49,2023-03-09 21:51,2023-03-09 22:35
StationE,2023-06-19 18:31,2023-06-19 18:34,2023-06-19 18:46
StationD,2023-09-12 15:37,2023-09-12 15:40,2023-09-12 15:51
StationS,2023-07-02 18:11,2023-07-02 18:13,2023-07-02 18:48
StationA,2023-04-13 6:24,2023-04-13 6:28,2023-04-13 6:51
StationC,2023-11-01 21:22,2023-11-01 21:23,2023-11-01 21:37
StationU,2023-12-11 19:39,2023-12-11 19:40,2023-12-11 20:33
StationM,2023-09-17 15:24,2023-09-17 15:29,2023-09-17 15:35
StationC,2023-12-08 4:52,2023-12-08 4:54,2023-12-08 5:08
StationL,2023-03-26 10:08,2023-03-26 10:12,2023-03-26 10:19
StationZ,2023-02-17 21:04,2023-02-17 21:07,2023-02-17 22:07
StationP,2023-12-02 2:31,2023-12-02 2:32,2023-12-02 2:41
StationA,2023-03-18 1:55,2023-03-18 2:00,2023-03-18 2:13
StationD,2023-12-08 23:20,2023-12-08 23:22,2023-12-08 23:48
StationV,2023-05-06 22:56,2023-05-06 22:59,2023-05-06 23:18
StationW,2023-08-21 16:14,2023-08-21 16:18,2023-08-21 16:27
StationV,2023-07-21 5:08,2023-07-21 5:10,2023-07-21 6:04
StationV,2023-07-15 1:53,2023-07-15 1:55,2023-07-15 2:04
StationV,2023-06-23 7:37,2023-06-23 7:39,2023-06-23 8:25
StationC,2023-01-31 23:25,2023-01-31 23:27,2023-02-01 0:17
StationR,2023-08-19 7:06,2023-08-19 7:08,2023-08-19 7:17
StationX,2023-09-28 8:27,2023-09-28 8:30,2023-09-28 8:49
StationR,2023-06-20 18:40,2023-06-20 18:44,2023-06-20 18:45
StationM,2023-02-24 20:17,2023-02-24 20:21,2023-02-24 21:01
StationW,2023-10-10 2:00,2023-10-10 2:03,2023-10-10 2:14
StationJ,2023-10-12 5:27,2023-10-12 5:29,2023-10-12 6:02
StationB,2023-05-13 2:11,2023-05-13 2:13,2023-05-13 2:23
StationN,2023-07-23 5:24,2023-07-23 5:28,2023-07-23 6:26
StationZ,2023-10-28 2:12,2023-10-28 2:17,2023-10-28 3:06
StationE,2023-07-30 20:47,2023-07-30 20:49,2023-07-30 21:11
StationY,2023-09-27 21:56,2023-09-27 22:01,2023-09-27 22:48
StationA,2023-10-06 6:06,2023-10-06 6:11,2023-10-06 6:35
StationE,2023-08-30 19:59,2023-08-30 20:00,2023-08-30 20:13
StationG,2023-10-02 15:38,2023-10-02 15:40,2023-10-02 16:26
StationW,2023-08-29 22:51,2023-08-29 22:56,2023-08-29 23:01
StationX,2023-03-03 19:02,2023-03-03 19:06,2023-03-03 20:00
StationG,2023-12-08 5:04,2023-12-08 5:05,2023-12-08 5:57
StationC,2023-05-07 14:55,2023-05-07 14:58,2023-05-07 15:17
StationI,2023-03-03 16:38,2023-03-03 16:40,2023-03-03 17:22
StationG,2023-11-19 17:31,2023-11-19 17:36,2023-11-19 18:29
StationX,2023-12-14 10:12,2023-12-14 10:16,2023-12-14 10:57
StationE,2023-10-20 14:27,2023-10-20 14:32,2023-10-20 15:17
StationV,2023-02-09 15:19,2023-02-09 15:22,2023-02-09 16:12
StationG,2023-03-23 19:41,2023-03-23 19:46,2023-03-23 20:06
StationV,2023-06-07 18:49,2023-06-07 18:51,2023-06-07 19:14
StationT,2023-04-03 8:30,2023-04-03 8:33,2023-04-03 9:31
StationW,2023-09-13 13:08,2023-09-13 13:09,2023-09-13 13:59
StationZ,2023-05-26 5:25,2023-05-26 5:30,2023-05-26 5:31
StationQ,2023-11-23 8:45,2023-11-23 8:47,2023-11-23 8:52
StationP,2023-04-26 3:09,2023-04-26 3:12,2023-04-26 3:16
StationP,2023-05-29 3:55,2023-05-29 3:56,2023-05-29 4:09
StationD,2023-04-15 6:07,2023-04-15 6:10,2023-04-15 7:07
StationZ,2023-09-07 9:41,2023-09-07 9:44,2023-09-07 10:31
StationY,2023-04-25 11:11,2023-04-25 11:14,2023-04-25 12:04
StationK,2023-01-15 5:41,2023-01-15 5:42,2023-01-15 5:57
StationN,2023-01-13 15:24,2023-01-13 15:25,2023-01-13 15:38
StationB,2023-01-27 6:23,2023-01-27 6:24,2023-01-27 6:28
StationB,2023-02-01 12:37,2023-02-01 12:38,2023-02-01 13:07
StationI,2023-04-20 13:24,2023-04-20 13:25,2023-04-20 14:06
StationT,2023-12-12 23:05,2023-12-12 23:09,2023-12-12 23:45
StationH,2023-08-22 13:49,2023-08-22 13:52,2023-08-22 14:08
StationM,2023-02-18 7:20,2023-02-18 7:22,2023-02-18 8:22
StationG,2023-02-06 12:10,2023-02-06 12:11,2023-02-06 12:24
StationA,2023-09-21 22:39,2023-09-21 22:40,2023-09-21 23:38
StationF,2023-02-11 7:03,2023-02-11 7:04,2023-02-11 7:14
StationZ,2023-05-23 16:07,2023-05-23 16:12,2023-05-23 16:23
StationF,2023-11-04 13:10,2023-11-04 13:11,2023-11-04 14:11
StationA,2023-03-17 9:08,2023-03-17 9:13,2023-03-17 9:19
StationM,2023-05-28 19:00,2023-05-28 19:01,2023-05-28 19:47
StationL,2023-10-06 20:45,2023-10-06 20:47,2023-10-06 20:51
StationW,2023-05-02 12:21,2023-05-02 12:24,2023-05-02 13:19
StationG,2023-06-07 20:19,2023-06-07 20:23,2023-06-07 20:39
StationS,2023-01-20 15:42,2023-01-20 15:43,2023-01-20 16:22
StationJ,2023-11-22 3:32,2023-11-22 3:33,2023-11-22 3:37
StationM,2023-11-19 16:09,2023-11-19 16:10,2023-11-19 17:00
StationV,2023-08-15 6:15,2023-08-15 6:19,2023-08-15 6:23
StationH,2023-10-05 19:21,2023-10-05 19:22,2023-10-05 20:18
StationY,2023-09-21 8:08,2023-09-21 8:12,2023-09-21 8:36
StationY,2023-04-30 18:15,2023-04-30 18:18,2023-04-30 18:22
StationS,2023-01-29 15:20,2023-01-29 15:22,2023-01-29 15:45
StationG,2023-06-29 1:15,2023-06-29 1:17,2023-06-29 2:04
StationJ,2023-07-16 3:40,2023-07-16 3:41,2023-07-16 4:05
StationY,2023-10-15 14:11,2023-10-15 14:12,2023-10-15 14:16
StationI,2023-10-04 21:32,2023-10-04 21:35,2023-10-04 21:43
StationX,2023-01-10 19:25,2023-01-10 19:30,2023-01-10 20:16
StationS,2023-06-06 22:56,2023-06-06 23:01,2023-06-06 23:26
StationG,2023-06-07 6:10,2023-06-07 6:15,2023-06-07 7:00
StationE,2023-01-19 15:04,2023-01-19 15:07,2023-01-19 15:55
StationI,2023-01-13 20:21,2023-01-13 20:25,2023-01-13 21:07
StationN,2023-10-17 13:59,2023-10-17 14:04,2023-10-17 14:57
StationX,2023-04-21 21:01,2023-04-21 21:06,2023-04-21 21:55
StationQ,2023-08-18 14:21,2023-08-18 14:24,2023-08-18 15:22
StationE,2023-02-16 13:43,2023-02-16 13:44,2023-02-16 14:22
StationY,2023-08-03 16:53,2023-08-03 16:57,2023-08-03 17:17
StationB,2023-07-06 7:37,2023-07-06 7:41,2023-07-06 7:47
StationO,2023-05-27 16:15,2023-05-27 16:20,2023-05-27 17:04
StationE,2023-03-07 5:10,2023-03-07 5:14,2023-03-07 6:06
StationB,2023-08-31 20:42,2023-08-31 20:43,2023-08-31 21:31
StationR,2023-03-16 17:30,2023-03-16 17:34,2023-03-16 18:02
StationX,2023-04-13 16:55,2023-04-13 16:59,2023-04-13 17:38
StationB,2023-06-13 14:16,2023-06-13 14:19,2023-06-13 15:08
StationA,2023-06-06 19:40,2023-06-06 19:41,2023-06-06 20:31
StationO,2023-08-02 7:32,2023-08-02 7:36,2023-08-02 8:23
StationH,2023-09-19 13:15,2023-09-19 13:19,2023-09-19 13:53
StationE,2023-09-11 9:32,2023-09-11 9:35,2023-09-11 9:37
StationA,2023-04-02 17:10,2023-04-02 17:11,2023-04-02 17:37
StationI,2023-01-17 20:53,2023-01-17 20:57,2023-01-17 21:47
StationZ,2023-01-02 14:02,2023-01-02 14:07,2023-01-02 14:32
StationG,2023-11-27 5:19,2023-11-27 5:23,2023-11-27 5:41
StationV,2023-03-17 16:08,2023-03-17 16:11,2023-03-17 16:22
StationG,2023-10-31 18:54,2023-10-31 18:56,2023-10-31 19:09
StationF,2023-09-26 11:30,2023-09-26 11:35,2023-09-26 11:43
StationM,2023-12-19 23:32,2023-12-19 23:34,2023-12-19 23:46
StationX,2023-08-19 5:09,2023-08-19 5:10,2023-08-19 5:25
StationE,2023-12-04 3:59,2023-12-04 4:02,2023-12-04 4:51
StationM,2023-09-09 12:58,2023-09-09 13:00,2023-09-09 13:21
StationZ,2023-09-08 7:33,2023-09-08 7:36,2023-09-08 7:39
StationC,2023-05-02 5:36,2023-05-02 5:39,2023-05-02 6:11
StationI,2023-08-25 16:29,2023-08-25 16:32,2023-08-25 17:23
StationK,2023-04-22 4:46,2023-04-22 4:50,2023-04-22 5:35
StationF,2023-03-12 19:10,2023-03-12 19:14,2023-03-12 19:20
StationU,2023-01-16 2:20,2023-01-16 2:25,2023-01-16 3:21
StationQ,2023-01-27 15:06,2023-01-27 15:10,2023-01-27 15:20
StationB,2023-11-10 9:42,2023-11-10 9:43,2023-11-10 10:23
StationU,2023-04-05 2:37,2023-04-05 2:42,2023-04-05 3:11
StationH,2023-02-17 3:43,2023-02-17 3:45,2023-02-17 4:41
StationA,2023-07-01 23:40,2023-07-01 23:45,2023-07-01 23:46
StationE,2023-04-20 8:36,2023-04-20 8:38,2023-04-20 8:44
StationL,2023-10-26 12:33,2023-10-26 12:34,2023-10-26 13:19
StationU,2023-10-15 11:25,2023-10-15 11:26,2023-10-15 12:18
StationJ,2023-03-31 22:15,2023-03-31 22:20,2023-03-31 23:14
StationO,2023-02-11 6:33,2023-02-11 6:36,2023-02-11 7:01
StationE,2023-07-25 17:12,2023-07-25 17:14,2023-07-25 18:03
StationJ,2023-08-22 7:21,2023-08-22 7:23,2023-08-22 7:41
StationJ,2023-02-23 8:45,2023-02-23 8:49,2023-02-23 8:56
StationI,2023-11-08 18:56,2023-11-08 18:57,2023-11-08 19:54
StationD,2023-12-16 10:56,2023-12-16 10:57,2023-12-16 11:34
StationY,2023-09-10 15:02,2023-09-10 15:06,2023-09-10 15:38
StationM,2023-02-07 3:15,2023-02-07 3:20,2023-02-07 3:40
StationB,2023-02-12 17:04,2023-02-12 17:09,2023-02-12 18:00
StationU,2023-01-26 12:53,2023-01-26 12:55,2023-01-26 13:17
StationI,2023-05-09 12:29,2023-05-09 12:30,2023-05-09 12:35
StationZ,2023-06-20 11:09,2023-06-20 11:10,2023-06-20 12:00
StationS,2023-05-09 12:12,2023-05-09 12:14,2023-05-09 13:02
StationX,2023-02-22 19:09,2023-02-22 19:10,2023-02-22 19:21
StationY,2023-10-31 23:09,2023-10-31 23:12,2023-10-31 23:31
StationE,2023-11-22 20:35,2023-11-22 20:39,2023-11-22 21:29
StationK,2023-11-10 13:55,2023-11-10 14:00,2023-11-10 14:43
StationM,2023-06-01 7:42,2023-06-01 7:45,2023-06-01 8:40
StationJ,2023-05-20 13:15,2023-05-20 13:18,2023-05-20 14:00
StationR,2023-09-09 1:17,2023-09-09 1:18,2023-09-09 1:54
StationX,2023-08-13 22:54,2023-08-13 22:59,2023-08-13 23:40
StationC,2023-05-28 18:51,2023-05-28 18:56,2023-05-28 19:24
StationG,2023-07-15 7:37,2023-07-15 7:41,2023-07-15 8:14
StationE,2023-11-04 19:06,2023-11-04 19:10,2023-11-04 19:56
StationT,2023-03-31 0:12,2023-03-31 0:14,2023-03-31 0:23
StationC,2023-01-04 22:53,2023-01-04 22:55,2023-01-04 23:25
StationT,2023-10-12 14:07,2023-10-12 14:11,2023-10-12 14:22
StationP,2023-12-30 12:37,2023-12-30 12:41,2023-12-30 13:03
StationL,2023-05-02 8:13,2023-05-02 8:18,2023-05-02 8:20
StationE,2023-04-01 6:32,2023-04-01 6:36,2023-04-01 7:24
StationN,2023-05-14 15:21,2023-05-14 15:24,2023-05-14 16:23
StationZ,2023-11-24 13:48,2023-11-24 13:53,2023-11-24 14:45
StationM,2023-01-11 5:10,2023-01-11 5:15,2023-01-11 6:07
StationU,2023-04-19 15:42,2023-04-19 15:43,2023-04-19 15:54
StationC,2023-04-22 18:31,2023-04-22 18:36,2023-04-22 19:30
StationE,2023-11-03 5:56,2023-11-03 5:59,2023-11-03 6:09
StationN,2023-09-07 9:14,2023-09-07 9:19,2023-09-07 9:41
StationV,2023-07-24 16:56,2023-07-24 16:59,2023-07-24 17:39
StationW,2023-08-20 6:40,2023-08-20 6:45,2023-08-20 7:19
StationU,2023-06-25 15:25,2023-06-25 15:30,2023-06-25 15:58
StationR,2023-02-20 8:23,2023-02-20 8:24,2023-02-20 8:27
StationB,2023-03-01 8:38,2023-03-01 8:40,2023-03-01 9:16
StationZ,2023-07-23 7:57,2023-07-23 8:02,2023-07-23 9:02
StationI,2023-08-09 9:18,2023-08-09 9:20,2023-08-09 10:02
StationF,2023-05-16 4:55,2023-05-16 4:59,2023-05-16 5:05
StationR,2023-02-12 11:25,2023-02-12 11:27,2023-02-12 12:13
StationU,2023-01-27 3:10,2023-01-27 3:12,2023-01-27 3:38
StationP,2023-07-04 6:59,2023-07-04 7:00,2023-07-04 7:32
StationO,2023-03-05 17:15,2023-03-05 17:18,2023-03-05 17:42
StationQ,2023-01-26 4:39,2023-01-26 4:41,2023-01-26 5:14
StationB,2023-02-13 13:20,2023-02-13 13:24,2023-02-13 14:15
StationQ,2023-04-03 11:19,2023-04-03 11:23,2023-04-03 12:10
StationO,2023-06-20 5:09,2023-06-20 5:11,2023-06-20 5:16
StationS,2023-10-10 21:42,2023-10-10 21:44,2023-10-10 21:59
StationB,2023-12-10 6:15,2023-12-10 6:18,2023-12-10 6:56
StationN,2023-11-20 5:16,2023-11-20 5:19,2023-11-20 5:50
StationY,2023-07-17 0:34,2023-07-17 0:39,2023-07-17 1:07
StationV,2023-02-19 6:53,2023-02-19 6:54,2023-02-19 7:02
StationS,2023-05-05 21:01,2023-05-05 21:06,2023-05-05 21:43
StationW,2023-05-22 3:23,2023-05-22 3:28,2023-05-22 3:54
StationN,2023-01-22 21:16,2023-01-22 21:21,2023-01-22 21:42
StationQ,2023-04-11 10:09,2023-04-11 10:11,2023-04-11 10:31
StationG,2023-09-30 22:29,2023-09-30 22:34,2023-09-30 23:01
StationW,2023-07-31 19:21,2023-07-31 19:22,2023-07-31 20:04
StationZ,2023-03-10 19:53,2023-03-10 19:54,2023-03-10 20:44
StationU,2023-08-15 21:22,2023-08-15 21:23,2023-08-15 21:55
StationA,2023-11-08 1:23,2023-11-08 1:24,2023-11-08 1:31
StationD,2023-09-12 21:01,2023-09-12 21:06,2023-09-12 21:42
StationI,2023-10-01 14:46,2023-10-01 14:50,2023-10-01 14:51
StationH,2023-09-23 7:48,2023-09-23 7:49,2023-09-23 8:17
StationB,2023-01-15 0:18,2023-01-15 0:23,2023-01-15 0:44
StationS,2023-10-16 9:22,2023-10-16 9:27,2023-10-16 9:29
StationT,2023-07-20 6:46,2023-07-20 6:51,2023-07-20 7:19
StationC,2023-07-11 15:34,2023-07-11 15:36,2023-07-11 15:50
StationM,2023-05-19 17:44,2023-05-19 17:49,2023-05-19 18:02
StationZ,2023-06-24 15:57,2023-06-24 15:59,2023-06-24 16:14
StationR,2023-05-22 23:23,2023-05-22 23:26,2023-05-22 23:37
StationI,2023-08-16 7:41,2023-08-16 7:44,2023-08-16 8:39
StationM,2023-08-23 1:48,2023-08-23 1:50,2023-08-23 2:48
StationZ,2023-10-16 11:26,2023-10-16 11:29,2023-10-16 12:09
StationK,2023-06-29 10:41,2023-06-29 10:43,2023-06-29 11:27
StationT,2023-05-03 9:18,2023-05-03 9:21,2023-05-03 9:46
StationX,2023-06-20 13:37,2023-06-20 13:42,2023-06-20 14:41
StationS,2023-08-12 1:53,2023-08-12 1:55,2023-08-12 2:32
StationO,2023-01-26 5:02,2023-01-26 5:06,2023-01-26 5:53
StationQ,2023-03-09 22:44,2023-03-09 22:48,2023-03-09 23:01
StationZ,2023-12-27 21:24,2023-12-27 21:29,2023-12-27 22:07
StationJ,2023-11-11 12:29,2023-11-11 12:32,2023-11-11 12:36
StationD,2023-07-24 12:20,2023-07-24 12:25,2023-07-24 13:09
StationC,2023-02-22 19:53,2023-02-22 19:55,2023-02-22 20:00
StationV,2023-04-27 11:11,2023-04-27 11:16,2023-04-27 11:21
StationF,2023-05-06 14:22,2023-05-06 14:26,2023-05-06 14:27
StationC,2023-07-22 13:57,2023-07-22 13:59,2023-07-22 14:10
StationP,2023-03-02 5:23,2023-03-02 5:28,2023-03-02 5:43
StationW,2023-09-06 1:08,2023-09-06 1:11,2023-09-06 1:28
StationQ,2023-05-06 2:50,2023-05-06 2:55,2023-05-06 3:26
StationD,2023-09-27 4:05,2023-09-27 4:09,2023-09-27 4:54
StationE,2023-12-06 18:30,2023-12-06 18:31,2023-12-06 19:02
StationP,2023-05-01 17:42,2023-05-01 17:43,2023-05-01 18:19
StationQ,2023-09-22 9:34,2023-09-22 9:36,2023-09-22 10:19
StationH,2023-01-01 22:52,2023-01-01 22:54,2023-01-01 23:32
StationB,2023-02-17 2:12,2023-02-17 2:16,2023-02-17 3:05
StationA,2023-10-14 18:12,2023-10-14 18:15,2023-10-14 19:02
StationP,2023-07-22 19:21,2023-07-22 19:23,2023-07-22 20:02
StationW,2023-07-20 0:42,2023-07-20 0:47,2023-07-20 0:49
StationX,2023-07-13 3:50,2023-07-13 3:51,2023-07-13 4:26
StationM,2023-04-13 16:10,2023-04-13 16:14,2023-04-13 16:38
StationB,2023-02-19 21:25,2023-02-19 21:29,2023-02-19 21:55
StationW,2023-04-18 6:37,2023-04-18 6:38,2023-04-18 7:12
StationI,2023-04-29 17:59,2023-04-29 18:03,2023-04-29 18:59
StationU,2023-10-10 7:11,2023-10-10 7:15,2023-10-10 7:49
StationJ,2023-09-30 14:11,2023-09-30 14:12,2023-09-30 14:58
StationQ,2023-04-17 3:46,2023-04-17 3:48,2023-04-17 4:00
StationN,2023-08-25 0:38,2023-08-25 0:40,2023-08-25 0:50
StationZ,2023-10-14 14:26,2023-10-14 14:30,2023-10-14 15:26
StationU,2023-06-02 8:52,2023-06-02 8:55,2023-06-02 9:27
StationM,2023-12-20 13:11,2023-12-20 13:16,2023-12-20 13:47
StationO,2023-02-02 3:41,2023-02-02 3:43,2023-02-02 4:30
StationQ,2023-02-15 15:31,2023-02-15 15:33,2023-02-15 15:37
StationN,2023-05-11 4:54,2023-05-11 4:59,2023-05-11 5:41
StationB,2023-04-07 22:34,2023-04-07 22:36,2023-04-07 22:39
StationW,2023-06-17 17:32,2023-06-17 17:36,2023-06-17 18:27
StationG,2023-04-13 8:51,2023-04-13 8:52,2023-04-13 9:07
StationP,2023-11-13 18:50,2023-11-13 18:55,2023-11-13 19:13
StationY,2023-06-09 9:34,2023-06-09 9:36,2023-06-09 10:34
StationR,2023-04-13 23:51,2023-04-13 23:53,2023-04-14 0:25
StationP,2023-10-10 23:46,2023-10-10 23:51,2023-10-11 0:49
StationU,2023-02-26 19:16,2023-02-26 19:21,2023-02-26 19:58
StationE,2023-08-29 13:41,2023-08-29 13:43,2023-08-29 13:52
StationK,2023-12-29 11:26,2023-12-29 11:27,2023-12-29 12:07
StationM,2023-12-22 14:57,2023-12-22 14:59,2023-12-22 15:15
StationG,2023-01-25 3:55,2023-01-25 3:59,2023-01-25 4:45
StationO,2023-08-28 0:02,2023-08-28 0:07,2023-08-28 0:36
StationM,2023-03-21 3:43,2023-03-21 3:45,2023-03-21 4:18
StationL,2023-06-02 14:58,2023-06-02 15:03,2023-06-02 15:47
StationO,2023-06-06 18:50,2023-06-06 18:53,2023-06-06 19:41
StationB,2023-12-08 9:15,2023-12-08 9:16,2023-12-08 9:58
StationJ,2023-11-11 0:47,2023-11-11 0:52,2023-11-11 1:26
StationB,2023-01-02 1:03,2023-01-02 1:08,2023-01-02 1:58
StationZ,2023-02-11 2:11,2023-02-11 2:12,2023-02-11 2:41
StationX,2023-02-15 10:45,2023-02-15 10:49,2023-02-15 11:19
StationS,2023-08-23 5:12,2023-08-23 5:17,2023-08-23 5:19
StationQ,2023-11-12 6:50,2023-11-12 6:54,2023-11-12 7:49
StationQ,2023-01-20 5:10,2023-01-20 5:11,2023-01-20 5:55
StationK,2023-05-06 22:42,2023-05-06 22:47,2023-05-06 23:32
StationG,2023-08-07 5:10,2023-08-07 5:12,2023-08-07 6:03
StationO,2023-05-29 15:00,2023-05-29 15:02,2023-05-29 15:06
StationS,2023-05-21 19:30,2023-05-21 19:31,2023-05-21 20:03
StationG,2023-07-23 2:40,2023-07-23 2:41,2023-07-23 2:52
StationH,2023-08-21 20:34,2023-08-21 20:38,2023-08-21 21:25
StationK,2023-02-07 0:39,2023-02-07 0:43,2023-02-07 1:16
StationA,2023-11-09 21:06,2023-11-09 21:09,2023-11-09 22:02
StationA,2023-04-13 11:42,2023-04-13 11:46,2023-04-13 12:15
StationT,2023-11-21 20:20,2023-11-21 20:24,2023-11-21 20:56
StationM,2023-08-27 7:51,2023-08-27 7:52,2023-08-27 8:27
StationG,2023-08-20 20:32,2023-08-20 20:35,2023-08-20 21:27
StationQ,2023-09-27 20:20,2023-09-27 20:21,2023-09-27 21:01
StationF,2023-04-01 18:42,2023-04-01 18:47,2023-04-01 19:43
StationS,2023-05-12 11:29,2023-05-12 11:34,2023-05-12 11:37
StationH,2023-09-24 14:50,2023-09-24 14:54,2023-09-24 15:14
StationB,2023-09-27 19:28,2023-09-27 19:29,2023-09-27 19:50
StationJ,2023-08-12 1:46,2023-08-12 1:51,2023-08-12 2:34
StationC,2023-01-16 13:53,2023-01-16 13:56,2023-01-16 14:27
StationW,2023-07-18 7:13,2023-07-18 7:18,2023-07-18 8:16
StationI,2023-01-14 4:52,2023-01-14 4:57,2023-01-14 5:35
StationZ,2023-08-31 8:17,2023-08-31 8:22,2023-08-31 9:01
StationK,2023-05-18 17:30,2023-05-18 17:33,2023-05-18 18:33
StationM,2023-02-10 5:57,2023-02-10 5:58,2023-02-10 6:02
StationR,2023-06-27 11:20,2023-06-27 11:25,2023-06-27 11:41
StationO,2023-11-15 18:29,2023-11-15 18:33,2023-11-15 19:29
StationL,2023-08-31 5:18,2023-08-31 5:20,2023-08-31 6:08
StationX,2023-03-23 9:15,2023-03-23 9:16,2023-03-23 9:38
StationC,2023-04-13 15:40,2023-04-13 15:44,2023-04-13 16:20
StationA,2023-12-03 0:54,2023-12-03 0:56,2023-12-03 1:15
StationY,2023-05-14 1:56,2023-05-14 2:00,2023-05-14 2:45
StationK,2023-11-11 11:14,2023-11-11 11:16,2023-11-11 11:21
StationD,2023-11-29 7:09,2023-11-29 7:12,2023-11-29 8:06
StationQ,2023-01-13 14:23,2023-01-13 14:26,2023-01-13 14:38
StationI,2023-10-30 15:48,2023-10-30 15:50,2023-10-30 16:17
StationI,2023-01-05 17:37,2023-01-05 17:38,2023-01-05 18:27
StationC,2023-04-09 6:53,2023-04-09 6:54,2023-04-09 7:06
StationL,2023-07-24 2:53,2023-07-24 2:55,2023-07-24 3:09
StationN,2023-09-19 20:57,2023-09-19 21:02,2023-09-19 21:46
StationE,2023-11-18 16:06,2023-11-18 16:08,2023-11-18 16:25
StationW,2023-10-17 2:46,2023-10-17 2:51,2023-10-17 3:31
StationL,2023-11-05 22:55,2023-11-05 23:00,2023-11-05 23:53
StationA,2023-11-18 13:15,2023-11-18 13:20,2023-11-18 13:24
StationW,2023-11-24 5:45,2023-11-24 5:48,2023-11-24 6:24
StationK,2023-01-20 2:56,2023-01-20 2:59,2023-01-20 3:08
StationI,2023-01-26 9:05,2023-01-26 9:10,2023-01-26 9:24
StationW,2023-10-27 10:59,2023-10-27 11:01,2023-10-27 11:47
StationL,2023-05-19 3:01,2023-05-19 3:04,2023-05-19 4:02
StationH,2023-11-23 10:48,2023-11-23 10:50,2023-11-23 10:52
StationH,2023-01-27 6:56,2023-01-27 6:58,2023-01-27 7:00
StationO,2023-07-23 16:18,2023-07-23 16:19,2023-07-23 16:47
StationJ,2023-05-03 22:41,2023-05-03 22:44,2023-05-03 23:01
StationE,2023-11-04 8:08,2023-11-04 8:13,2023-11-04 8:17
StationV,2023-09-05 11:37,2023-09-05 11:40,2023-09-05 11:44
StationB,2023-04-16 19:29,2023-04-16 19:34,2023-04-16 19:53
StationQ,2023-04-15 10:12,2023-04-15 10:13,2023-04-15 10:28
StationK,2023-11-15 11:41,2023-11-15 11:44,2023-11-15 12:37
StationC,2023-07-05 3:47,2023-07-05 3:48,2023-07-05 4:30
StationM,2023-11-06 7:11,2023-11-06 7:16,2023-11-06 8:14
StationC,2023-04-17 14:22,2023-04-17 14:27,2023-04-17 15:10
StationV,2023-07-03 12:10,2023-07-03 12:14,2023-07-03 13:02
StationG,2023-11-19 10:26,2023-11-19 10:27,2023-11-19 10:57
StationW,2023-08-11 5:36,2023-08-11 5:39,2023-08-11 6:11
StationB,2023-08-11 14:24,2023-08-11 14:25,2023-08-11 15:05
StationL,2023-06-13 13:41,2023-06-13 13:43,2023-06-13 14:32
StationI,2023-05-18 7:34,2023-05-18 7:37,2023-05-18 8:18
StationD,2023-07-12 20:39,2023-07-12 20:40,2023-07-12 21:33
StationX,2023-01-24 5:33,2023-01-24 5:38,2023-01-24 6:08
StationU,2023-05-11 6:17,2023-05-11 6:22,2023-05-11 7:18
StationM,2023-01-18 1:47,2023-01-18 1:49,2023-01-18 2:11
StationT,2023-08-10 11:12,2023-08-10 11:16,2023-08-10 11:46
StationR,2023-04-19 1:15,2023-04-19 1:16,2023-04-19 1:53
StationE,2023-05-31 16:20,2023-05-31 16:24,2023-05-31 17:17
StationR,2023-08-24 1:38,2023-08-24 1:41,2023-08-24 1:57
StationO,2023-08-24 9:02,2023-08-24 9:05,2023-08-24 9:45
StationM,2023-07-01 10:18,2023-07-01 10:19,2023-07-01 11:09
StationM,2023-01-10 10:52,2023-01-10 10:56,2023-01-10 11:08
StationJ,2023-09-12 6:29,2023-09-12 6:33,2023-09-12 6:49
StationA,2023-03-12 14:54,2023-03-12 14:56,2023-03-12 15:19
StationX,2023-07-23 19:41,2023-07-23 19:43,2023-07-23 19:47
StationY,2023-03-25 21:25,2023-03-25 21:27,2023-03-25 22:23
StationK,2023-07-27 16:37,2023-07-27 16:38,2023-07-27 17:31
StationP,2023-10-23 21:47,2023-10-23 21:48,2023-10-23 22:43
StationF,2023-08-27 23:33,2023-08-27 23:37,2023-08-28 0:09
StationO,2023-08-26 3:39,2023-08-26 3:42,2023-08-26 3:51
StationM,2023-02-17 5:09,2023-02-17 5:10,2023-02-17 5:36
StationJ,2023-05-21 7:56,2023-05-21 7:58,2023-05-21 8:40
StationF,2023-05-26 20:58,2023-05-26 20:59,2023-05-26 21:07
StationJ,2023-04-25 4:22,2023-04-25 4:23,2023-04-25 4:51
StationA,2023-04-13 15:43,2023-04-13 15:47,2023-04-13 15:53
StationF,2023-07-19 16:05,2023-07-19 16:10,2023-07-19 17:03
StationG,2023-07-24 4:19,2023-07-24 4:20,2023-07-24 4:26
StationK,2023-09-02 3:12,2023-09-02 3:17,2023-09-02 3:52
StationN,2023-09-20 1:05,2023-09-20 1:08,2023-09-20 1:20
StationB,2023-04-14 21:18,2023-04-14 21:22,2023-04-14 21:51
StationA,2023-09-18 15:56,2023-09-18 16:00,2023-09-18 16:50
StationX,2023-05-05 12:46,2023-05-05 12:48,2023-05-05 13:45
StationE,2023-12-26 7:26,2023-12-26 7:27,2023-12-26 7:46
StationM,2023-11-24 20:56,2023-11-24 20:57,2023-11-24 21:45
StationL,2023-04-25 23:04,2023-04-25 23:08,2023-04-26 0:06
StationO,2023-03-08 17:19,2023-03-08 17:23,2023-03-08 17:38
StationE,2023-07-27 6:23,2023-07-27 6:27,2023-07-27 6:50
StationP,2023-08-15 5:00,2023-08-15 5:01,2023-08-15 5:42
StationS,2023-12-22 3:39,2023-12-22 3:43,2023-12-22 4:39
StationR,2023-09-16 7:24,2023-09-16 7:25,2023-09-16 7:39
StationL,2023-10-03 10:21,2023-10-03 10:26,2023-10-03 10:57
StationO,2023-02-15 0:19,2023-02-15 0:22,2023-02-15 1:18
StationJ,2023-12-01 19:01,2023-12-01 19:06,2023-12-01 19:41
StationC,2023-02-14 21:33,2023-02-14 21:38,2023-02-14 22:21
StationI,2023-05-20 17:21,2023-05-20 17:22,2023-05-20 18:19
StationV,2023-04-24 8:13,2023-04-24 8:17,2023-04-24 9:15
StationU,2023-12-23 22:01,2023-12-23 22:06,2023-12-23 22:12
StationA,2023-08-19 18:49,2023-08-19 18:52,2023-08-19 19:13
StationL,2023-11-30 22:48,2023-11-30 22:52,2023-11-30 23:06
StationH,2023-12-06 0:49,2023-12-06 0:53,2023-12-06 1:08
StationD,2023-07-25 7:25,2023-07-25 7:26,2023-07-25 7:52
StationS,2023-04-20 19:41,2023-04-20 19:46,2023-04-20 20:08
StationL,2023-09-04 20:24,2023-09-04 20:25,2023-09-04 20:51
StationM,2023-07-09 20:56,2023-07-09 20:59,2023-07-09 21:47
StationJ,2023-10-01 6:57,2023-10-01 7:00,2023-10-01 7:06
StationZ,2023-08-05 23:21,2023-08-05 23:25,2023-08-06 0:08
StationG,2023-01-31 12:51,2023-01-31 12:52,2023-01-31 12:59
StationP,2023-03-17 14:02,2023-03-17 14:07,2023-03-17 14:13
StationY,2023-05-09 4:21,2023-05-09 4:22,2023-05-09 5:20
StationB,2023-02-10 18:00,2023-02-10 18:01,2023-02-10 18:07
StationC,2023-07-20 6:34,2023-07-20 6:39,2023-07-20 7:23
StationV,2023-02-01 21:26,2023-02-01 21:27,2023-02-01 22:18
StationA,2023-03-03 13:03,2023-03-03 13:05,2023-03-03 13:08
StationU,2023-07-14 12:34,2023-07-14 12:36,2023-07-14 13:25
StationH,2023-05-09 17:23,2023-05-09 17:26,2023-05-09 18:19
StationV,2023-11-20 1:37,2023-11-20 1:42,2023-11-20 2:30
StationK,2023-06-21 20:11,2023-06-21 20:16,2023-06-21 20:55
StationY,2023-04-01 0:50,2023-04-01 0:54,2023-04-01 1:16
StationA,2023-08-02 1:17,2023-08-02 1:18,2023-08-02 1:25
StationS,2023-02-03 21:33,2023-02-03 21:36,2023-02-03 22:35
StationS,2023-10-27 9:58,2023-10-27 10:01,2023-10-27 10:13
StationS,2023-10-13 13:41,2023-10-13 13:45,2023-10-13 13:56
StationS,2023-12-09 20:01,2023-12-09 20:05,2023-12-09 20:34
StationZ,2023-11-01 2:00,2023-11-01 2:04,2023-11-01 2:10
StationI,2023-04-12 3:37,2023-04-12 3:38,2023-04-12 3:50
StationH,2023-11-29 5:04,2023-11-29 5:09,2023-11-29 5:25
StationD,2023-08-23 22:15,2023-08-23 22:19,2023-08-23 22:54
StationW,2023-08-07 0:28,2023-08-07 0:33,2023-08-07 1:12
StationS,2023-01-10 4:18,2023-01-10 4:20,2023-01-10 5:10
StationT,2023-12-04 19:06,2023-12-04 19:10,2023-12-04 19:55
StationK,2023-02-04 9:51,2023-02-04 9:53,2023-02-04 10:07
StationF,2023-04-29 10:59,2023-04-29 11:00,2023-04-29 12:00
StationH,2023-02-28 1:15,2023-02-28 1:17,2023-02-28 2:13
StationA,2023-09-27 15:45,2023-09-27 15:49,2023-09-27 16:22
StationP,2023-07-20 9:29,2023-07-20 9:33,2023-07-20 9:49
StationP,2023-08-16 12:17,2023-08-16 12:22,2023-08-16 13:16
StationQ,2023-01-25 21:32,2023-01-25 21:34,2023-01-25 22:19
StationC,2023-12-04 0:25,2023-12-04 0:29,2023-12-04 0:38
StationS,2023-10-02 3:33,2023-10-02 3:38,2023-10-02 4:38
StationV,2023-09-17 17:20,2023-09-17 17:22,2023-09-17 18:20
StationW,2023-03-27 12:28,2023-03-27 12:29,2023-03-27 13:24
StationG,2023-05-27 16:06,2023-05-27 16:11,2023-05-27 16:26
StationI,2023-11-29 9:14,2023-11-29 9:18,2023-11-29 9:46
StationL,2023-09-05 9:10,2023-09-05 9:13,2023-09-05 9:40
StationZ,2023-10-12 18:44,2023-10-12 18:48,2023-10-12 19:36
StationF,2023-11-11 4:37,2023-11-11 4:39,2023-11-11 5:20
StationY,2023-04-11 12:31,2023-04-11 12:32,2023-04-11 13:27
StationM,2023-03-06 15:44,2023-03-06 15:47,2023-03-06 16:29
StationI,2023-02-21 10:56,2023-02-21 10:59,2023-02-21 11:17
StationP,2023-10-28 8:38,2023-10-28 8:40,2023-10-28 9:32
StationZ,2023-04-20 3:02,2023-04-20 3:06,2023-04-20 3:59
StationV,2023-11-14 19:12,2023-11-14 19:17,2023-11-14 19:40
StationA,2023-04-05 17:36,2023-04-05 17:37,2023-04-05 18:28
StationR,2023-07-30 3:38,2023-07-30 3:41,2023-07-30 3:50
StationY,2023-06-15 10:26,2023-06-15 10:27,2023-06-15 11:17
StationC,2023-12-22 4:00,2023-12-22 4:03,2023-12-22 4:42
StationW,2023-12-27 4:37,2023-12-27 4:40,2023-12-27 4:53
StationN,2023-08-24 21:11,2023-08-24 21:12,2023-08-24 21:36
StationD,2023-07-09 17:01,2023-07-09 17:05,2023-07-09 17:11
StationC,2023-05-27 12:53,2023-05-27 12:58,2023-05-27 13:08
StationT,2023-08-19 18:24,2023-08-19 18:26,2023-08-19 19:10
StationM,2023-12-07 20:18,2023-12-07 20:21,2023-12-07 20:56
StationE,2023-01-23 4:53,2023-01-23 4:54,2023-01-23 5:26
StationP,2023-08-28 15:41,2023-08-28 15:44,2023-08-28 16:29
StationK,2023-02-06 7:27,2023-02-06 7:31,2023-02-06 8:06
StationS,2023-06-30 10:05,2023-06-30 10:06,2023-06-30 10:09
StationG,2023-07-11 3:07,2023-07-11 3:08,2023-07-11 3:57
StationK,2023-12-20 0:03,2023-12-20 0:05,2023-12-20 0:58
StationH,2023-11-10 22:11,2023-11-10 22:14,2023-11-10 22:58
StationA,2023-01-03 0:17,2023-01-03 0:19,2023-01-03 0:32
StationU,2023-08-06 13:44,2023-08-06 13:47,2023-08-06 14:39
StationH,2023-01-06 17:46,2023-01-06 17:50,2023-01-06 18:20
StationZ,2023-04-01 17:49,2023-04-01 17:52,2023-04-01 18:45
StationG,2023-07-05 14:51,2023-07-05 14:52,2023-07-05 15:28
StationX,2023-12-06 12:02,2023-12-06 12:03,2023-12-06 12:12
StationE,2023-10-30 21:51,2023-10-30 21:54,2023-10-30 22:36
StationV,2023-01-08 1:32,2023-01-08 1:34,2023-01-08 2:32
StationZ,2023-06-17 0:45,2023-06-17 0:47,2023-06-17 1:33
StationQ,2023-12-21 20:26,2023-12-21 20:31,2023-12-21 21:16
StationC,2023-06-19 8:53,2023-06-19 8:58,2023-06-19 9:43
StationE,2023-06-01 23:14,2023-06-01 23:16,2023-06-01 23:31
StationG,2023-06-21 16:29,2023-06-21 16:31,2023-06-21 16:46
StationR,2023-05-17 3:58,2023-05-17 4:00,2023-05-17 4:55
StationN,2023-06-22 4:58,2023-06-22 5:00,2023-06-22 5:51
StationA,2023-11-05 3:49,2023-11-05 3:51,2023-11-05 4:41
StationO,2023-02-25 17:08,2023-02-25 17:09,2023-02-25 17:42
StationB,2023-01-23 4:45,2023-01-23 4:49,2023-01-23 5:23
StationM,2023-07-31 12:47,2023-07-31 12:49,2023-07-31 12:59
StationN,2023-04-05 23:17,2023-04-05 23:19,2023-04-06 0:14
StationO,2023-07-29 17:44,2023-07-29 17:47,2023-07-29 17:49
StationB,2023-08-15 6:55,2023-08-15 6:59,2023-08-15 7:54
StationL,2023-01-21 23:45,2023-01-21 23:47,2023-01-22 0:00
StationH,2023-03-04 18:26,2023-03-04 18:28,2023-03-04 18:51
StationC,2023-08-17 17:14,2023-08-17 17:19,2023-08-17 17:26
StationI,2023-07-27 1:18,2023-07-27 1:22,2023-07-27 1:43
StationA,2023-10-22 2:12,2023-10-22 2:17,2023-10-22 2:40
StationT,2023-12-19 3:06,2023-12-19 3:11,2023-12-19 3:45
StationX,2023-04-03 5:00,2023-04-03 5:03,2023-04-03 5:23
StationK,2023-03-28 13:40,2023-03-28 13:45,2023-03-28 13:58
StationK,2023-03-13 20:03,2023-03-13 20:04,2023-03-13 20:11
StationH,2023-01-18 20:48,2023-01-18 20:49,2023-01-18 21:06
StationR,2023-12-11 12:19,2023-12-11 12:24,2023-12-11 12:56
StationJ,2023-01-13 11:01,2023-01-13 11:04,2023-01-13 11:37
StationV,2023-08-19 23:48,2023-08-19 23:52,2023-08-20 0:24
StationZ,2023-10-29 23:02,2023-10-29 23:06,2023-10-29 23:39
StationT,2023-11-24 18:25,2023-11-24 18:26,2023-11-24 19:23
StationH,2023-05-19 22:42,2023-05-19 22:44,2023-05-19 23:34
StationS,2023-12-22 1:24,2023-12-22 1:26,2023-12-22 1:57
StationP,2023-05-24 21:11,2023-05-24 21:16,2023-05-24 21:48
StationQ,2023-08-05 6:15,2023-08-05 6:19,2023-08-05 7:08
StationI,2023-03-04 2:17,2023-03-04 2:20,2023-03-04 2:22
StationD,2023-04-22 9:44,2023-04-22 9:49,2023-04-22 10:13
StationC,2023-02-04 9:06,2023-02-04 9:11,2023-02-04 9:59
StationA,2023-01-01 23:32,2023-01-01 23:33,2023-01-01 23:45
StationI,2023-02-07 11:50,2023-02-07 11:52,2023-02-07 12:08
StationC,2023-12-10 15:38,2023-12-10 15:39,2023-12-10 16:26
StationO,2023-04-28 12:47,2023-04-28 12:51,2023-04-28 13:10
StationU,2023-11-07 7:25,2023-11-07 7:30,2023-11-07 7:41
StationJ,2023-09-23 9:23,2023-09-23 9:27,2023-09-23 10:24
StationQ,2023-04-05 22:39,2023-04-05 22:42,2023-04-05 23:22
StationU,2023-04-02 16:55,2023-04-02 16:58,2023-04-02 17:49
StationS,2023-05-07 20:28,2023-05-07 20:32,2023-05-07 21:01
StationM,2023-09-14 9:12,2023-09-14 9:13,2023-09-14 10:01
StationB,2023-12-27 7:05,2023-12-27 7:07,2023-12-27 7:38
StationE,2023-07-22 7:17,2023-07-22 7:21,2023-07-22 7:45
StationE,2023-08-14 12:02,2023-08-14 12:07,2023-08-14 12:09
StationO,2023-05-21 12:20,2023-05-21 12:23,2023-05-21 12:41
StationU,2023-11-21 19:47,2023-11-21 19:52,2023-11-21 19:53
StationX,2023-11-07 1:58,2023-11-07 2:01,2023-11-07 2:28
StationP,2023-09-08 10:17,2023-09-08 10:21,2023-09-08 10:58
StationE,2023-08-16 14:56,2023-08-16 15:01,2023-08-16 15:38
StationF,2023-06-17 4:05,2023-06-17 4:08,2023-06-17 4:18
StationV,2023-11-30 9:57,2023-11-30 10:00,2023-11-30 10:56
StationE,2023-03-18 5:31,2023-03-18 5:35,2023-03-18 6:16
StationY,2023-03-03 7:40,2023-03-03 7:44,2023-03-03 8:37
StationI,2023-11-20 1:41,2023-11-20 1:45,2023-11-20 1:56
StationH,2023-10-01 14:02,2023-10-01 14:07,2023-10-01 14:23
StationG,2023-08-18 10:39,2023-08-18 10:43,2023-08-18 11:35
StationF,2023-01-17 10:44,2023-01-17 10:45,2023-01-17 10:53
StationT,2023-04-24 12:13,2023-04-24 12:15,2023-04-24 12:18
StationD,2023-11-20 6:57,2023-11-20 7:00,2023-11-20 7:21
StationE,2023-05-04 21:05,2023-05-04 21:09,2023-05-04 21:11
StationN,2023-03-12 15:37,2023-03-12 15:39,2023-03-12 16:24
StationS,2023-07-14 2:38,2023-07-14 2:40,2023-07-14 3:19
StationI,2023-05-08 13:05,2023-05-08 13:09,2023-05-08 13:44
StationP,2023-12-23 14:57,2023-12-23 15:00,2023-12-23 15:03
StationD,2023-07-29 8:28,2023-07-29 8:33,2023-07-29 8:49
StationT,2023-01-29 23:53,2023-01-29 23:56,2023-01-30 0:56
StationV,2023-10-21 4:19,2023-10-21 4:22,2023-10-21 5:21
StationR,2023-08-21 6:20,2023-08-21 6:24,2023-08-21 6:58
StationF,2023-11-08 8:07,2023-11-08 8:10,2023-11-08 9:03
StationY,2023-09-29 17:24,2023-09-29 17:28,2023-09-29 18:11
StationV,2023-07-15 20:18,2023-07-15 20:22,2023-07-15 21:18
StationJ,2023-08-29 14:57,2023-08-29 15:01,2023-08-29 15:18
StationX,2023-10-11 17:49,2023-10-11 17:50,2023-10-11 18:02
StationI,2023-07-23 12:56,2023-07-23 13:01,2023-07-23 13:25
StationS,2023-12-04 8:33,2023-12-04 8:35,2023-12-04 9:00
StationR,2023-09-19 11:21,2023-09-19 11:25,2023-09-19 12:00
StationV,2023-01-17 18:53,2023-01-17 18:55,2023-01-17 18:58
StationC,2023-06-22 23:03,2023-06-22 23:05,2023-06-22 23:11
StationR,2023-08-07 18:05,2023-08-07 18:06,2023-08-07 18:55
StationK,2023-06-03 20:45,2023-06-03 20:50,2023-06-03 21:26
StationS,2023-07-05 14:59,2023-07-05 15:00,2023-07-05 15:15
StationH,2023-12-12 1:23,2023-12-12 1:27,2023-12-12 1:30
StationO,2023-01-07 12:06,2023-01-07 12:07,2023-01-07 12:53
StationG,2023-07-20 0:25,2023-07-20 0:27,2023-07-20 1:04
StationO,2023-03-30 12:52,2023-03-30 12:55,2023-03-30 13:50
StationB,2023-02-04 15:50,2023-02-04 15:52,2023-02-04 16:38
StationN,2023-06-01 0:37,2023-06-01 0:38,2023-06-01 1:15
StationM,2023-04-07 0:10,2023-04-07 0:15,2023-04-07 0:59
StationU,2023-04-05 18:00,2023-04-05 18:03,2023-04-05 18:07
StationG,2023-07-09 3:56,2023-07-09 4:00,2023-07-09 4:32
StationY,2023-07-02 10:00,2023-07-02 10:04,2023-07-02 10:19
StationS,2023-04-10 13:27,2023-04-10 13:29,2023-04-10 14:15
StationR,2023-07-22 22:19,2023-07-22 22:23,2023-07-22 22:33
StationK,2023-12-28 5:40,2023-12-28 5:45,2023-12-28 6:23
StationO,2023-11-05 5:27,2023-11-05 5:28,2023-11-05 6:19
StationS,2023-02-18 23:43,2023-02-18 23:46,2023-02-19 0:04
StationW,2023-08-14 11:31,2023-08-14 11:32,2023-08-14 12:32
StationT,2023-04-22 21:57,2023-04-22 21:59,2023-04-22 22:31
StationY,2023-10-30 8:42,2023-10-30 8:44,2023-10-30 9:02
StationF,2023-07-19 15:31,2023-07-19 15:33,2023-07-19 16:18
StationM,2023-05-14 5:46,2023-05-14 5:51,2023-05-14 6:47
StationY,2023-10-04 14:28,2023-10-04 14:29,2023-10-04 15:10
StationT,2023-12-29 5:00,2023-12-29 5:04,2023-12-29 5:20
StationR,2023-12-25 1:11,2023-12-25 1:15,2023-12-25 2:05
StationZ,2023-01-05 2:53,2023-01-05 2:56,2023-01-05 3:01
StationG,2023-10-12 17:48,2023-10-12 17:52,2023-10-12 18:40
StationP,2023-09-14 20:29,2023-09-14 20:30,2023-09-14 20:47
StationJ,2023-01-15 10:18,2023-01-15 10:22,2023-01-15 11:16
StationB,2023-05-14 10:32,2023-05-14 10:37,2023-05-14 11:01
StationL,2023-03-21 18:32,2023-03-21 18:37,2023-03-21 19:06
StationL,2023-08-20 9:22,2023-08-20 9:27,2023-08-20 10:00
StationC,2023-02-04 13:53,2023-02-04 13:56,2023-02-04 14:41
StationS,2023-08-26 23:24,2023-08-26 23:25,2023-08-26 23:27
StationN,2023-10-12 0:51,2023-10-12 0:53,2023-10-12 0:59
StationN,2023-03-17 21:01,2023-03-17 21:04,2023-03-17 22:04
StationS,2023-10-30 11:24,2023-10-30 11:26,2023-10-30 11:33
StationH,2023-06-05 20:57,2023-06-05 21:01,2023-06-05 21:34
StationY,2023-06-01 13:33,2023-06-01 13:35,2023-06-01 14:03
StationC,2023-01-31 6:53,2023-01-31 6:58,2023-01-31 7:30
StationK,2023-11-28 14:41,2023-11-28 14:44,2023-11-28 15:13
StationX,2023-11-18 15:01,2023-11-18 15:04,2023-11-18 15:05
StationR,2023-11-20 13:40,2023-11-20 13:43,2023-11-20 14:26
StationF,2023-04-03 23:51,2023-04-03 23:53,2023-04-04 0:26
StationT,2023-03-02 15:20,2023-03-02 15:24,2023-03-02 16:08
StationH,2023-05-06 22:05,2023-05-06 22:10,2023-05-06 22:19
StationR,2023-01-09 14:43,2023-01-09 14:44,2023-01-09 15:08
StationY,2023-06-19 22:30,2023-06-19 22:34,2023-06-19 23:24
StationZ,2023-03-14 11:00,2023-03-14 11:01,2023-03-14 11:22
StationC,2023-01-28 7:29,2023-01-28 7:34,2023-01-28 7:50
StationJ,2023-06-16 2:09,2023-06-16 2:11,2023-06-16 3:04
StationO,2023-12-04 10:12,2023-12-04 10:15,2023-12-04 11:01
StationD,2023-12-01 18:50,2023-12-01 18:54,2023-12-01 19:47
StationN,2023-10-02 19:43,2023-10-02 19:44,2023-10-02 20:13
StationK,2023-06-26 12:38,2023-06-26 12:43,2023-06-26 12:49
StationL,2023-05-16 4:15,2023-05-16 4:20,2023-05-16 5:04
StationY,2023-12-12 2:53,2023-12-12 2:58,2023-12-12 3:41
StationD,2023-10-14 13:05,2023-10-14 13:09,2023-10-14 13:16
StationH,2023-06-21 2:05,2023-06-21 2:10,2023-06-21 2:33
StationT,2023-12-11 14:46,2023-12-11 14:50,2023-12-11 15:32
StationU,2023-10-28 21:54,2023-10-28 21:59,2023-10-28 22:05
StationV,2023-08-22 5:09,2023-08-22 5:14,2023-08-22 5:37
StationZ,2023-07-25 9:40,2023-07-25 9:45,2023-07-25 10:16
StationS,2023-12-29 8:08,2023-12-29 8:11,2023-12-29 9:03
StationI,2023-11-08 17:35,2023-11-08 17:40,2023-11-08 18:14
StationR,2023-10-10 13:37,2023-10-10 13:41,2023-10-10 14:05
StationN,2023-03-12 6:32,2023-03-12 6:37,2023-03-12 7:31
StationP,2023-01-19 16:35,2023-01-19 16:40,2023-01-19 17:00
StationC,2023-11-02 6:59,2023-11-02 7:02,2023-11-02 7:08
StationU,2023-07-26 7:19,2023-07-26 7:24,2023-07-26 8:13
StationV,2023-10-06 1:36,2023-10-06 1:38,2023-10-06 1:59
StationG,2023-11-02 10:24,2023-11-02 10:28,2023-11-02 10:59
StationC,2023-07-26 10:39,2023-07-26 10:42,2023-07-26 10:48
StationJ,2023-08-13 11:20,2023-08-13 11:21,2023-08-13 11:43
StationY,2023-11-06 18:13,2023-11-06 18:14,2023-11-06 18:54
StationG,2023-08-08 16:45,2023-08-08 16:47,2023-08-08 16:49
StationC,2023-05-09 8:58,2023-05-09 9:00,2023-05-09 9:38
StationL,2023-04-21 19:21,2023-04-21 19:23,2023-04-21 19:46
StationY,2023-08-03 10:39,2023-08-03 10:42,2023-08-03 10:59
StationW,2023-05-23 6:59,2023-05-23 7:04,2023-05-23 7:39
StationD,2023-04-15 20:41,2023-04-15 20:44,2023-04-15 20:51
StationD,2023-04-28 12:47,2023-04-28 12:49,2023-04-28 13:39
StationX,2023-01-13 22:33,2023-01-13 22:37,2023-01-13 23:22
StationJ,2023-02-28 5:07,2023-02-28 5:11,2023-02-28 5:47
StationT,2023-03-11 6:31,2023-03-11 6:32,2023-03-11 6:44
StationO,2023-09-19 0:41,2023-09-19 0:44,2023-09-19 1:43
StationR,2023-02-15 0:32,2023-02-15 0:37,2023-02-15 0:46
StationC,2023-02-14 17:27,2023-02-14 17:30,2023-02-14 17:37
StationM,2023-06-27 8:53,2023-06-27 8:55,2023-06-27 9:09
StationW,2023-03-27 21:18,2023-03-27 21:21,2023-03-27 21:35
StationB,2023-06-09 2:08,2023-06-09 2:12,2023-06-09 3:01
StationA,2023-11-06 3:50,2023-11-06 3:55,2023-11-06 4:19
StationK,2023-12-16 7:44,2023-12-16 7:46,2023-12-16 8:24
StationM,2023-03-16 15:53,2023-03-16 15:54,2023-03-16 16:29
StationT,2023-04-16 14:35,2023-04-16 14:39,2023-04-16 15:24
StationO,2023-01-13 1:22,2023-01-13 1:23,2023-01-13 1:48
StationS,2023-01-03 9:19,2023-01-03 9:22,2023-01-03 9:47
StationW,2023-04-06 5:56,2023-04-06 5:59,2023-04-06 6:31
StationK,2023-03-27 2:42,2023-03-27 2:45,2023-03-27 2:59
StationC,2023-05-13 19:40,2023-05-13 19:41,2023-05-13 20:35
StationD,2023-10-07 23:44,2023-10-07 23:45,2023-10-08 0:18
StationA,2023-11-13 9:59,2023-11-13 10:02,2023-11-13 10:13
StationR,2023-06-06 12:29,2023-06-06 12:30,2023-06-06 12:31
StationR,2023-07-12 3:15,2023-07-12 3:17,2023-07-12 3:59
StationC,2023-10-20 21:05,2023-10-20 21:07,2023-10-20 21:22
StationT,2023-10-03 2:04,2023-10-03 2:08,2023-10-03 2:41
StationB,2023-05-16 9:58,2023-05-16 9:59,2023-05-16 10:05
StationL,2023-07-25 23:42,2023-07-25 23:44,2023-07-26 0:44
StationU,2023-07-29 14:23,2023-07-29 14:26,2023-07-29 15:19
StationR,2023-01-29 7:14,2023-01-29 7:19,2023-01-29 8:15
StationV,2023-07-30 15:31,2023-07-30 15:33,2023-07-30 15:35
StationO,2023-08-29 14:32,2023-08-29 14:33,2023-08-29 14:48
StationD,2023-09-17 6:32,2023-09-17 6:34,2023-09-17 7:18
StationI,2023-11-23 13:41,2023-11-23 13:42,2023-11-23 14:19
StationS,2023-03-16 20:08,2023-03-16 20:11,2023-03-16 20:24
StationA,2023-07-14 23:34,2023-07-14 23:36,2023-07-14 23:59
StationZ,2023-07-25 12:49,2023-07-25 12:54,2023-07-25 13:38
StationA,2023-06-03 8:45,2023-06-03 8:46,2023-06-03 8:56
StationN,2023-02-23 23:47,2023-02-23 23:50,2023-02-24 0:10
StationM,2023-04-27 15:31,2023-04-27 15:33,2023-04-27 16:01
StationP,2023-09-17 21:49,2023-09-17 21:53,2023-09-17 22:39
StationM,2023-07-01 13:50,2023-07-01 13:52,2023-07-01 14:15
StationR,2023-01-17 18:33,2023-01-17 18:35,2023-01-17 19:25
StationX,2023-11-13 17:00,2023-11-13 17:02,2023-11-13 17:26
StationG,2023-11-05 4:12,2023-11-05 4:16,2023-11-05 5:16
StationB,2023-06-25 8:01,2023-06-25 8:04,2023-06-25 8:21
StationR,2023-02-11 11:57,2023-02-11 11:58,2023-02-11 12:27
StationN,2023-06-14 15:36,2023-06-14 15:41,2023-06-14 16:07
StationV,2023-10-07 19:57,2023-10-07 20:01,2023-10-07 20:16
StationS,2023-10-04 7:01,2023-10-04 7:06,2023-10-04 7:53
StationN,2023-07-13 5:55,2023-07-13 6:00,2023-07-13 7:00
StationW,2023-03-10 0:20,2023-03-10 0:22,2023-03-10 1:07
StationO,2023-07-27 21:03,2023-07-27 21:05,2023-07-27 21:22
StationY,2023-11-03 15:50,2023-11-03 15:51,2023-11-03 16:12
StationN,2023-12-01 12:35,2023-12-01 12:36,2023-12-01 13:06
StationK,2023-07-30 4:56,2023-07-30 5:00,2023-07-30 5:14
StationM,2023-11-06 16:46,2023-11-06 16:49,2023-11-06 17:35
StationU,2023-07-22 9:09,2023-07-22 9:11,2023-07-22 9:35
StationS,2023-01-16 3:03,2023-01-16 3:06,2023-01-16 3:23
StationP,2023-04-25 22:11,2023-04-25 22:12,2023-04-25 22:53
StationG,2023-04-08 11:46,2023-04-08 11:49,2023-04-08 12:29
StationQ,2023-05-02 5:46,2023-05-02 5:48,2023-05-02 6:35
StationA,2023-12-27 10:33,2023-12-27 10:37,2023-12-27 11:00
StationX,2023-01-28 6:07,2023-01-28 6:12,2023-01-28 6:53
StationI,2023-12-21 19:45,2023-12-21 19:46,2023-12-21 20:42
StationE,2023-12-22 11:04,2023-12-22 11:09,2023-12-22 11:52
StationJ,2023-03-13 12:03,2023-03-13 12:05,2023-03-13 12:23
StationK,2023-12-29 16:17,2023-12-29 16:20,2023-12-29 16:53
StationR,2023-06-24 18:31,2023-06-24 18:35,2023-06-24 19:08
StationQ,2023-12-13 9:50,2023-12-13 9:52,2023-12-13 10:26
StationC,2023-09-29 11:00,2023-09-29 11:01,2023-09-29 11:41
StationW,2023-10-24 16:55,2023-10-24 17:00,2023-10-24 17:09
StationL,2023-11-26 16:36,2023-11-26 16:40,2023-11-26 16:55
StationI,2023-12-22 10:34,2023-12-22 10:37,2023-12-22 11:09
StationA,2023-10-13 3:59,2023-10-13 4:02,2023-10-13 4:47
StationS,2023-07-24 7:04,2023-07-24 7:08,2023-07-24 7:25
StationG,2023-03-16 10:28,2023-03-16 10:33,2023-03-16 11:03
StationU,2023-10-28 23:57,2023-10-28 23:59,2023-10-29 0:36
StationW,2023-04-13 11:25,2023-04-13 11:28,2023-04-13 11:51
StationS,2023-06-21 10:38,2023-06-21 10:41,2023-06-21 11:09
StationF,2023-09-02 22:22,2023-09-02 22:25,2023-09-02 22:55
StationW,2023-12-26 1:29,2023-12-26 1:31,2023-12-26 2:27
StationP,2023-04-24 12:05,2023-04-24 12:06,2023-04-24 12:16
StationJ,2023-07-03 7:35,2023-07-03 7:39,2023-07-03 7:43
StationU,2023-08-20 9:56,2023-08-20 10:00,2023-08-20 10:21
StationC,2023-07-04 13:09,2023-07-04 13:11,2023-07-04 13:36
StationH,2023-08-21 3:50,2023-08-21 3:52,2023-08-21 4:42
StationE,2023-07-16 8:36,2023-07-16 8:41,2023-07-16 9:25
StationD,2023-12-13 6:42,2023-12-13 6:45,2023-12-13 7:17
StationO,2023-06-10 6:02,2023-06-10 6:07,2023-06-10 6:10
StationR,2023-04-15 6:27,2023-04-15 6:30,2023-04-15 6:44
StationS,2023-12-30 0:53,2023-12-30 0:58,2023-12-30 1:33
StationX,2023-12-07 19:19,2023-12-07 19:21,2023-12-07 19:53
StationS,2023-07-03 15:34,2023-07-03 15:36,2023-07-03 15:55
StationU,2023-04-14 0:24,2023-04-14 0:26,2023-04-14 1:23
StationF,2023-11-30 5:23,2023-11-30 5:27,2023-11-30 6:09
StationA,2023-10-25 21:26,2023-10-25 21:27,2023-10-25 22:11
StationB,2023-09-13 23:18,2023-09-13 23:20,2023-09-13 23:32
StationN,2023-04-22 21:41,2023-04-22 21:45,2023-04-22 22:00
StationE,2023-02-02 14:51,2023-02-02 14:54,2023-02-02 15:08
StationK,2023-03-26 13:16,2023-03-26 13:21,2023-03-26 13:25
StationQ,2023-06-27 12:54,2023-06-27 12:56,2023-06-27 13:22
StationT,2023-08-15 8:28,2023-08-15 8:30,2023-08-15 8:55
StationB,2023-07-13 5:45,2023-07-13 5:50,2023-07-13 6:28
StationL,2023-07-22 12:59,2023-07-22 13:04,2023-07-22 13:14
StationL,2023-07-25 20:33,2023-07-25 20:36,2023-07-25 21:01
StationA,2023-08-18 8:30,2023-08-18 8:34,2023-08-18 9:04
StationN,2023-04-08 21:12,2023-04-08 21:14,2023-04-08 21:48
StationM,2023-01-16 7:57,2023-01-16 8:00,2023-01-16 8:37
StationF,2023-10-06 18:58,2023-10-06 19:00,2023-10-06 19:30
StationS,2023-02-03 4:01,2023-02-03 4:05,2023-02-03 4:48
StationF,2023-09-15 0:06,2023-09-15 0:11,2023-09-15 1:01
StationX,2023-09-22 10:18,2023-09-22 10:21,2023-09-22 11:00
StationL,2023-01-09 20:47,2023-01-09 20:48,2023-01-09 21:13
StationH,2023-07-24 22:00,2023-07-24 22:03,2023-07-24 22:31
StationF,2023-04-05 23:18,2023-04-05 23:21,2023-04-06 0:08
StationN,2023-01-31 8:58,2023-01-31 9:02,2023-01-31 9:43
StationL,2023-10-15 0:28,2023-10-15 0:32,2023-10-15 1:31
StationJ,2023-06-07 1:38,2023-06-07 1:43,2023-06-07 2:21
StationW,2023-06-15 6:44,2023-06-15 6:46,2023-06-15 7:09
StationM,2023-12-10 5:33,2023-12-10 5:35,2023-12-10 5:50
StationD,2023-07-15 22:56,2023-07-15 23:01,2023-07-15 23:50
StationO,2023-04-26 0:41,2023-04-26 0:43,2023-04-26 1:23
StationN,2023-06-15 22:58,2023-06-15 23:03,2023-06-15 23:53
StationL,2023-03-13 19:07,2023-03-13 19:12,2023-03-13 19:33
StationT,2023-06-06 7:57,2023-06-06 7:58,2023-06-06 8:02
StationP,2023-12-08 1:31,2023-12-08 1:32,2023-12-08 2:13
StationI,2023-07-30 1:32,2023-07-30 1:37,2023-07-30 2:01
StationP,2023-01-16 17:27,2023-01-16 17:31,2023-01-16 18:19
StationF,2023-05-28 16:40,2023-05-28 16:44,2023-05-28 16:54
StationC,2023-02-09 3:54,2023-02-09 3:55,2023-02-09 4:26
StationE,2023-02-26 17:27,2023-02-26 17:30,2023-02-26 18:22
StationO,2023-03-26 5:11,2023-03-26 5:16,2023-03-26 5:18
StationA,2023-08-19 9:18,2023-08-19 9:20,2023-08-19 9:49
StationW,2023-08-31 10:22,2023-08-31 10:26,2023-08-31 11:10
StationH,2023-07-09 8:46,2023-07-09 8:48,2023-07-09 8:56
StationF,2023-06-21 21:56,2023-06-21 22:01,2023-06-21 22:58
StationK,2023-04-01 4:16,2023-04-01 4:19,2023-04-01 5:11
StationC,2023-11-23 4:50,2023-11-23 4:52,2023-11-23 5:24
StationJ,2023-08-26 1:11,2023-08-26 1:16,2023-08-26 1:25
StationF,2023-01-14 1:18,2023-01-14 1:19,2023-01-14 1:46
StationI,2023-07-31 22:17,2023-07-31 22:20,2023-07-31 23:08
StationW,2023-10-25 18:45,2023-10-25 18:46,2023-10-25 19:40
StationD,2023-05-06 10:12,2023-05-06 10:14,2023-05-06 11:02
StationZ,2023-05-20 19:49,2023-05-20 19:54,2023-05-20 20:36
StationR,2023-02-13 21:13,2023-02-13 21:18,2023-02-13 22:17
StationB,2023-11-21 14:54,2023-11-21 14:55,2023-11-21 15:41
StationH,2023-07-26 10:46,2023-07-26 10:49,2023-07-26 10:51
StationT,2023-07-02 16:03,2023-07-02 16:04,2023-07-02 16:06
StationZ,2023-08-07 11:09,2023-08-07 11:14,2023-08-07 12:07
StationN,2023-11-28 8:33,2023-11-28 8:37,2023-11-28 8:42
StationV,2023-06-24 12:50,2023-06-24 12:53,2023-06-24 13:29
StationX,2023-11-28 13:24,2023-11-28 13:26,2023-11-28 14:05
StationY,2023-10-20 15:19,2023-10-20 15:21,2023-10-20 15:25
StationB,2023-04-01 5:13,2023-04-01 5:16,2023-04-01 5:57
StationS,2023-12-22 22:31,2023-12-22 22:36,2023-12-22 23:30
StationI,2023-11-04 4:57,2023-11-04 4:59,2023-11-04 5:03
StationR,2023-07-11 14:30,2023-07-11 14:34,2023-07-11 15:14
StationN,2023-02-18 1:00,2023-02-18 1:01,2023-02-18 1:27
StationL,2023-11-30 16:57,2023-11-30 16:58,2023-11-30 17:25
StationJ,2023-10-10 18:57,2023-10-10 19:02,2023-10-10 19:14
StationH,2023-05-11 17:53,2023-05-11 17:58,2023-05-11 18:33
StationC,2023-05-26 22:00,2023-05-26 22:04,2023-05-26 22:39
StationL,2023-07-09 15:05,2023-07-09 15:10,2023-07-09 15:27
StationZ,2023-06-12 11:47,2023-06-12 11:48,2023-06-12 12:44
StationU,2023-10-14 5:54,2023-10-14 5:59,2023-10-14 6:51
StationI,2023-12-17 23:18,2023-12-17 23:21,2023-12-18 0:05
StationB,2023-09-10 11:50,2023-09-10 11:53,2023-09-10 12:14
StationZ,2023-02-05 17:38,2023-02-05 17:42,2023-02-05 18:37
StationU,2023-10-30 14:04,2023-10-30 14:06,2023-10-30 14:27
StationL,2023-04-15 8:36,2023-04-15 8:37,2023-04-15 9:29
StationO,2023-06-03 11:43,2023-06-03 11:46,2023-06-03 12:26
StationT,2023-11-16 20:40,2023-11-16 20:44,2023-11-16 21:11
StationU,2023-04-17 3:13,2023-04-17 3:14,2023-04-17 3:41
StationT,2023-09-05 17:46,2023-09-05 17:49,2023-09-05 18:18
StationP,2023-07-09 15:30,2023-07-09 15:31,2023-07-09 15:32
StationH,2023-04-27 4:53,2023-04-27 4:55,2023-04-27 5:06
StationE,2023-01-17 10:48,2023-01-17 10:53,2023-01-17 11:42
StationL,2023-08-20 11:17,2023-08-20 11:19,2023-08-20 11:49
StationE,2023-04-04 20:00,2023-04-04 20:01,2023-04-04 20:32
StationD,2023-10-10 15:23,2023-10-10 15:28,2023-10-10 15:30
StationG,2023-09-03 7:54,2023-09-03 7:55,2023-09-03 8:11
StationC,2023-12-14 3:00,2023-12-14 3:04,2023-12-14 3:56
StationM,2023-12-15 6:13,2023-12-15 6:16,2023-12-15 6:46
StationJ,2023-06-26 6:06,2023-06-26 6:08,2023-06-26 7:08
StationA,2023-01-28 5:10,2023-01-28 5:11,2023-01-28 5:27
StationP,2023-05-11 22:13,2023-05-11 22:15,2023-05-11 22:40
StationX,2023-10-03 4:14,2023-10-03 4:15,2023-10-03 4:36
StationP,2023-08-25 4:13,2023-08-25 4:15,2023-08-25 5:11
StationC,2023-06-28 0:21,2023-06-28 0:23,2023-06-28 1:11
StationR,2023-11-15 0:57,2023-11-15 1:00,2023-11-15 1:40
StationW,2023-01-19 6:15,2023-01-19 6:16,2023-01-19 6:59
StationT,2023-10-22 21:56,2023-10-22 21:59,2023-10-22 22:02
StationR,2023-07-23 16:11,2023-07-23 16:14,2023-07-23 16:27
StationO,2023-08-26 9:57,2023-08-26 10:01,2023-08-26 10:06
StationY,2023-06-02 3:45,2023-06-02 3:50,2023-06-02 3:58
StationN,2023-02-16 19:11,2023-02-16 19:16,2023-02-16 20:10
StationT,2023-04-01 7:43,2023-04-01 7:47,2023-04-01 7:49
StationD,2023-09-15 6:10,2023-09-15 6:13,2023-09-15 6:42
StationX,2023-05-25 22:34,2023-05-25 22:37,2023-05-25 23:21
StationE,2023-03-12 12:20,2023-03-12 12:22,2023-03-12 12:27
StationW,2023-08-15 5:51,2023-08-15 5:55,2023-08-15 6:46
StationA,2023-11-28 11:20,2023-11-28 11:23,2023-11-28 11:40
StationI,2023-07-15 21:44,2023-07-15 21:46,2023-07-15 22:08
StationW,2023-01-18 2:18,2023-01-18 2:20,2023-01-18 3:11
StationU,2023-04-27 8:30,2023-04-27 8:31,2023-04-27 8:43
StationT,2023-12-26 4:11,2023-12-26 4:14,2023-12-26 4:39
StationR,2023-04-10 0:16,2023-04-10 0:20,2023-04-10 0:27
StationG,2023-02-03 10:55,2023-02-03 10:57,2023-02-03 11:50
StationS,2023-11-17 3:27,2023-11-17 3:29,2023-11-17 4:26
StationY,2023-04-02 1:28,2023-04-02 1:31,2023-04-02 2:03
StationH,2023-02-05 22:21,2023-02-05 22:23,2023-02-05 22:57
StationC,2023-08-23 8:43,2023-08-23 8:47,2023-08-23 9:38
StationF,2023-07-14 17:50,2023-07-14 17:53,2023-07-14 18:09
StationX,2023-08-15 18:08,2023-08-15 18:09,2023-08-15 18:37
StationR,2023-11-17 22:43,2023-11-17 22:48,2023-11-17 22:59
StationE,2023-11-11 10:33,2023-11-11 10:35,2023-11-11 10:45
StationG,2023-12-22 9:28,2023-12-22 9:29,2023-12-22 9:50
StationJ,2023-07-30 23:32,2023-07-30 23:36,2023-07-30 23:37
StationY,2023-08-27 17:38,2023-08-27 17:43,2023-08-27 18:39
StationY,2023-01-02 18:14,2023-01-02 18:18,2023-01-02 18:55
StationI,2023-12-11 22:32,2023-12-11 22:37,2023-12-11 22:58
StationJ,2023-04-17 23:43,2023-04-17 23:48,2023-04-18 0:16
StationK,2023-10-30 2:33,2023-10-30 2:38,2023-10-30 2:54
StationT,2023-12-14 4:50,2023-12-14 4:51,2023-12-14 5:32
StationY,2023-05-10 13:24,2023-05-10 13:26,2023-05-10 14:22
StationV,2023-07-31 4:07,2023-07-31 4:12,2023-07-31 4:16
StationO,2023-10-20 17:24,2023-10-20 17:27,2023-10-20 17:39
StationV,2023-07-09 11:36,2023-07-09 11:39,2023-07-09 12:07
StationC,2023-03-08 1:08,2023-03-08 1:10,2023-03-08 2:06
StationJ,2023-06-27 12:10,2023-06-27 12:11,2023-06-27 13:02
StationY,2023-04-11 11:03,2023-04-11 11:07,2023-04-11 12:00
StationF,2023-08-14 0:54,2023-08-14 0:57,2023-08-14 1:24
StationL,2023-05-04 17:18,2023-05-04 17:19,2023-05-04 17:44
StationN,2023-09-08 6:19,2023-09-08 6:22,2023-09-08 7:00
StationU,2023-07-20 8:50,2023-07-20 8:55,2023-07-20 9:03
StationR,2023-08-24 10:59,2023-08-24 11:02,2023-08-24 11:32
StationJ,2023-09-14 4:17,2023-09-14 4:20,2023-09-14 4:43
StationP,2023-10-13 14:45,2023-10-13 14:46,2023-10-13 15:14
StationR,2023-07-01 10:48,2023-07-01 10:51,2023-07-01 11:22
StationS,2023-10-23 10:22,2023-10-23 10:23,2023-10-23 10:46
StationL,2023-07-31 13:01,2023-07-31 13:03,2023-07-31 13:17
StationA,2023-04-30 0:54,2023-04-30 0:56,2023-04-30 0:57
StationI,2023-08-23 6:51,2023-08-23 6:55,2023-08-23 7:39
StationF,2023-02-01 4:44,2023-02-01 4:49,2023-02-01 5:10
StationW,2023-07-20 9:51,2023-07-20 9:54,2023-07-20 10:40
StationK,2023-07-12 21:02,2023-07-12 21:06,2023-07-12 21:17
StationT,2023-01-18 11:14,2023-01-18 11:15,2023-01-18 11:25
StationX,2023-09-14 3:04,2023-09-14 3:05,2023-09-14 3:42
StationB,2023-07-13 2:27,2023-07-13 2:32,2023-07-13 2:47
StationG,2023-04-15 16:17,2023-04-15 16:19,2023-04-15 17:11
StationE,2023-03-15 0:17,2023-03-15 0:22,2023-03-15 0:32
StationM,2023-07-26 14:01,2023-07-26 14:04,2023-07-26 14:37
StationY,2023-05-07 14:23,2023-05-07 14:28,2023-05-07 14:36
StationF,2023-12-27 7:18,2023-12-27 7:20,2023-12-27 8:00
StationO,2023-04-29 10:45,2023-04-29 10:49,2023-04-29 11:38
StationT,2023-12-15 7:56,2023-12-15 7:58,2023-12-15 8:29
StationA,2023-09-20 11:34,2023-09-20 11:38,2023-09-20 12:12
StationD,2023-07-01 10:30,2023-07-01 10:33,2023-07-01 11:31
StationV,2023-04-14 3:04,2023-04-14 3:08,2023-04-14 3:42
StationA,2023-01-09 19:46,2023-01-09 19:48,2023-01-09 20:17
StationH,2023-07-27 3:59,2023-07-27 4:04,2023-07-27 4:40
StationM,2023-11-15 7:33,2023-11-15 7:34,2023-11-15 8:22
StationJ,2023-03-12 3:26,2023-03-12 3:29,2023-03-12 4:21
StationM,2023-10-07 18:48,2023-10-07 18:52,2023-10-07 19:40
StationK,2023-09-18 1:00,2023-09-18 1:05,2023-09-18 1:28
StationD,2023-11-09 8:17,2023-11-09 8:19,2023-11-09 8:48
StationS,2023-07-13 1:13,2023-07-13 1:15,2023-07-13 1:32
StationD,2023-04-15 8:03,2023-04-15 8:08,2023-04-15 8:54
StationP,2023-09-03 4:03,2023-09-03 4:08,2023-09-03 4:46
StationQ,2023-10-20 16:59,2023-10-20 17:01,2023-10-20 17:19
StationQ,2023-10-13 20:48,2023-10-13 20:52,2023-10-13 21:05
StationP,2023-10-25 0:12,2023-10-25 0:16,2023-10-25 0:29
StationS,2023-05-03 4:21,2023-05-03 4:23,2023-05-03 5:22
StationE,2023-12-11 7:20,2023-12-11 7:24,2023-12-11 7:25
StationP,2023-03-17 4:29,2023-03-17 4:32,2023-03-17 4:47
StationN,2023-10-18 2:45,2023-10-18 2:50,2023-10-18 3:28
StationX,2023-04-08 5:53,2023-04-08 5:54,2023-04-08 6:22
StationP,2023-08-29 7:23,2023-08-29 7:26,2023-08-29 7:44
StationU,2023-07-20 1:58,2023-07-20 1:59,2023-07-20 2:55
StationV,2023-05-28 19:53,2023-05-28 19:58,2023-05-28 20:25
StationH,2023-01-13 17:11,2023-01-13 17:14,2023-01-13 17:17
StationH,2023-05-14 1:59,2023-05-14 2:04,2023-05-14 2:44
StationH,2023-03-19 14:43,2023-03-19 14:46,2023-03-19 14:47
StationJ,2023-12-08 11:14,2023-12-08 11:18,2023-12-08 12:09
StationO,2023-07-19 22:19,2023-07-19 22:20,2023-07-19 22:51
StationP,2023-05-22 13:20,2023-05-22 13:22,2023-05-22 13:26
StationG,2023-01-19 0:35,2023-01-19 0:38,2023-01-19 0:42
StationS,2023-09-09 23:46,2023-09-09 23:48,2023-09-09 23:53
StationU,2023-02-19 22:21,2023-02-19 22:24,2023-02-19 22:27
StationB,2023-02-01 10:58,2023-02-01 11:03,2023-02-01 11:48
StationV,2023-09-26 1:37,2023-09-26 1:41,2023-09-26 2:16
StationM,2023-10-14 13:12,2023-10-14 13:15,2023-10-14 13:44
StationO,2023-05-14 5:39,2023-05-14 5:41,2023-05-14 6:27
StationX,2023-12-21 5:25,2023-12-21 5:28,2023-12-21 6:14
StationI,2023-05-22 14:11,2023-05-22 14:14,2023-05-22 15:13
StationU,2023-05-15 10:32,2023-05-15 10:34,2023-05-15 10:47
StationX,2023-06-28 11:33,2023-06-28 11:35,2023-06-28 11:47
StationW,2023-06-18 15:52,2023-06-18 15:55,2023-06-18 15:58
StationN,2023-07-09 3:08,2023-07-09 3:12,2023-07-09 4:08
StationO,2023-06-03 8:14,2023-06-03 8:19,2023-06-03 9:00
StationW,2023-08-30 4:14,2023-08-30 4:18,2023-08-30 4:27
StationV,2023-07-22 0:18,2023-07-22 0:20,2023-07-22 0:24
StationK,2023-06-25 20:02,2023-06-25 20:05,2023-06-25 21:00
StationD,2023-02-17 17:50,2023-02-17 17:52,2023-02-17 18:38
StationI,2023-05-29 3:03,2023-05-29 3:08,2023-05-29 3:24
StationW,2023-05-20 17:19,2023-05-20 17:23,2023-05-20 17:44
StationH,2023-03-22 10:47,2023-03-22 10:50,2023-03-22 11:45
StationK,2023-03-05 23:21,2023-03-05 23:24,2023-03-06 0:07
StationF,2023-08-16 16:41,2023-08-16 16:42,2023-08-16 17:15
StationY,2023-05-19 12:57,2023-05-19 12:58,2023-05-19 13:23
StationM,2023-01-23 18:24,2023-01-23 18:27,2023-01-23 18:40
StationG,2023-10-01 23:54,2023-10-01 23:58,2023-10-02 0:12
StationG,2023-07-22 7:03,2023-07-22 7:06,2023-07-22 7:47
StationK,2023-03-20 11:16,2023-03-20 11:18,2023-03-20 12:13
StationJ,2023-05-17 20:21,2023-05-17 20:23,2023-05-17 20:54
StationW,2023-09-26 3:12,2023-09-26 3:14,2023-09-26 3:40
StationI,2023-10-12 13:52,2023-10-12 13:54,2023-10-12 14:32
StationR,2023-01-04 23:10,2023-01-04 23:11,2023-01-04 23:29
StationT,2023-03-07 21:53,2023-03-07 21:55,2023-03-07 22:50
StationX,2023-02-22 9:54,2023-02-22 9:58,2023-02-22 10:53
StationG,2023-09-29 21:30,2023-09-29 21:35,2023-09-29 21:48
StationE,2023-09-22 0:18,2023-09-22 0:23,2023-09-22 0:46
StationE,2023-12-16 2:22,2023-12-16 2:23,2023-12-16 2:51
StationV,2023-05-29 11:17,2023-05-29 11:18,2023-05-29 11:29
StationI,2023-01-09 14:20,2023-01-09 14:22,2023-01-09 14:43
StationO,2023-10-22 3:07,2023-10-22 3:10,2023-10-22 3:33
StationH,2023-05-12 2:25,2023-05-12 2:30,2023-05-12 2:54
StationK,2023-08-21 17:03,2023-08-21 17:05,2023-08-21 17:39
StationB,2023-11-10 12:04,2023-11-10 12:08,2023-11-10 12:21
StationD,2023-07-07 22:48,2023-07-07 22:51,2023-07-07 22:52
StationR,2023-05-02 12:00,2023-05-02 12:02,2023-05-02 12:55
StationD,2023-07-22 15:07,2023-07-22 15:10,2023-07-22 15:56
StationY,2023-04-27 10:37,2023-04-27 10:40,2023-04-27 10:41
StationV,2023-06-11 15:37,2023-06-11 15:40,2023-06-11 16:08
StationY,2023-04-16 12:18,2023-04-16 12:19,2023-04-16 12:34
StationE,2023-03-05 20:34,2023-03-05 20:36,2023-03-05 21:26
StationU,2023-11-14 3:11,2023-11-14 3:16,2023-11-14 3:49
StationP,2023-05-14 15:22,2023-05-14 15:23,2023-05-14 15:29
StationY,2023-06-07 21:59,2023-06-07 22:02,2023-06-07 22:21
StationO,2023-09-23 1:07,2023-09-23 1:12,2023-09-23 1:55
StationW,2023-07-24 11:21,2023-07-24 11:22,2023-07-24 12:02
StationE,2023-06-22 18:13,2023-06-22 18:14,2023-06-22 18:38
