id,price
1,21350
2,69691
3,42950
4,31470
5,27495
6,23290
7,47995
8,29566
9,14550
10,11995
11,30000
12,26490
13,29995
14,24200
15,17350
16,13990
17,18998
18,31366
19,14990
20,20990
21,29745
22,12000
23,23850
24,20000
25,11390
26,20500
27,14950
28,12000
29,15441
30,35995
31,10500
32,17995
33,39990
34,18120
35,15500
36,13490
37,70990
38,8499
39,21495
40,22498
41,13499
42,17980
43,37990
44,29750
45,32495
46,21111
47,20771
48,21950
49,20680
50,22750
51,45990
52,19450
53,27975
54,17650
55,29995
56,15000
57,44490
58,20995
59,13500
60,27640
61,8199
62,23500
63,29990
64,57490
65,20990
66,19998
67,11949
68,17500
69,21422
70,26490
71,25499
72,14900
73,31995
74,14981
75,21500
76,33990
77,28495
78,21583
79,16490
80,20000
81,11798
82,18995
83,14180
84,24350
85,21995
86,34450
87,18182
88,12444
89,15250
90,38750
91,20000
92,18500
93,137500
94,16725
95,21995
96,14490
97,24500
98,20590
99,15300
100,11000
101,14399
102,47990
103,21650
104,12995
105,33950
106,20700
107,53990
108,13498
109,21998
110,17700
111,37900
112,13999
113,2895
114,17290
115,16970
116,22888
117,11700
118,66990
119,67000
120,16599
121,45595
122,14970
123,125000
124,7900
125,28376
126,15540
127,19990
128,16575
129,12500
130,22990
131,33500
132,37201
133,16998
134,28985
135,21920
136,29490
137,57995
138,32950
139,19990
140,22991
141,7500
142,29809
143,16998
144,15990
145,25449
146,19655
147,15999
148,18900
149,20495
150,10700
151,12995
152,23888
153,12691
154,26990
155,10850
156,37900
157,23900
158,21495
159,17900
160,12595
161,18495
162,10395
163,27990
164,25350
165,20990
166,26500
167,9995
168,40000
169,33950
170,14000
171,15800
172,22476
173,56950
174,19995
175,30500
176,17400
177,14450
178,21350
179,33490
180,7175
181,18395
182,30990
183,15290
184,10295
185,12995
186,17300
187,21900
188,29950
189,19600
190,22150
191,35990
192,17100
193,20498
194,31995
195,37950
196,3995
197,18400
198,19888
199,28990
200,22750
201,16948
202,12499
203,9000
204,20620
205,13290
206,24490
207,11200
208,17595
209,16999
210,18990
211,14490
212,34498
213,12595
214,19895
215,18950
216,17998
217,40991
218,15899
219,27444
220,33330
221,11000
222,20300
223,20998
224,10500
225,32981
226,14991
227,15990
228,7999
229,27900
230,21656
231,21000
232,18000
233,27990
234,28950
235,23000
236,21490
237,22500
238,10990
239,19990
240,9999
241,24990
242,27888
243,18990
244,16995
245,6195
246,23995
247,19995
248,12200
249,20798
250,13298
251,19995
252,51500
253,55990
254,31990
255,14998
256,31990
257,36990
258,13240
259,23450
260,18495
261,20400
262,49990
263,12495
264,28450
265,26995
266,30878
267,45000
268,10000
269,26450
270,18990
271,9313
272,25750
273,26125
274,16800
275,43395
276,24500
277,15500
278,52950
279,20992
280,26664
281,23377
282,19000
283,16505
284,29000
285,16698
286,20977
287,14500
288,37990
289,15699
290,54995
291,26000
292,23998
293,15998
294,21995
295,9495
296,9799
297,33990
298,33995
299,32250
300,25790
301,28320
302,18999
303,45000
304,37990
305,29991
306,18000
307,11800
308,14498
309,32950
310,9990
311,20995
312,33295
313,16400
314,12995
315,20000
316,20498
317,12490
318,25700
319,27990
320,17995
321,16650
322,13495
323,10999
324,17590
325,24990
326,10691
327,27005
328,13495
329,12313
330,55500
331,8275
332,14298
333,56894
334,51991
335,20640
336,22992
337,20990
338,14800
339,20990
340,22999
341,30950
342,25000
343,23250
344,26888
345,12950
346,12475
347,18696
348,10965
349,29000
350,15950
351,18998
352,24448
353,28000
354,43700
355,20900
356,22498
357,29990
358,25790
359,5500
360,18350
361,30350
362,27000
363,29930
364,56990
365,10920
366,29485
367,41995
368,33990
369,26888
370,14099
371,21990
372,21985
373,7500
374,19990
375,30719
376,16300
377,28995
378,25490
379,18800
380,37000
381,14495
382,25950
383,15567
384,29995
385,19900
386,20995
387,24490
388,26995
389,17600
390,26990
391,9880
392,13500
393,43541
394,45251
395,14599
396,13695
397,29995
398,22276
399,22990
400,7850
401,28990
402,11995
403,22400
404,15998
405,13797
406,22998
407,8995
408,43500
409,28500
410,18860
411,17995
412,15500
413,14998
414,29995
415,20690
416,11795
417,21995
418,37900
419,11990
420,17498
421,31450
422,17698
423,11490
424,24490
425,18290
426,22900
427,18500
428,29000
429,18350
430,26132
431,18495
432,24990
433,41990
434,26495
435,26950
436,27995
437,29970
438,31490
439,11950
440,13495
441,10990
442,51900
443,15498
444,6793
445,11000
446,21811
447,19998
448,13500
449,33750
450,27190
451,18690
452,27495
453,22950
454,39900
455,11795
456,16637
457,16998
458,27900
459,10990
460,20495
461,31950
462,22400
463,20992
464,133900
465,21162
466,18000
467,25999
468,10000
469,18990
470,13551
471,18381
472,37295
473,30950
474,18500
475,8497
476,16999
477,23990
478,14999
479,35990
480,33995
481,30490
482,11500
483,15500
484,12990
485,19490
486,32900
487,12195
488,11998
489,22200
490,28490
491,15998
492,21840
493,11250
494,21990
495,25750
496,19995
497,60000
498,23498
499,57895
500,21500
501,29400
502,10000
503,12690
504,26490
505,8795
506,18995
507,34950
508,18790
509,36888
510,15998
511,19995
512,32995
513,25998
514,19499
515,15498
516,26850
517,24980
518,22490
519,19795
520,25826
521,15990
522,13000
523,28498
524,27022
525,34990
526,22302
527,15525
528,13500
529,17490
530,26000
531,14990
532,39999
533,34490
534,24291
535,26444
536,18990
537,26300
538,19999
539,11491
540,15998
541,15490
542,15650
543,30991
544,20088
545,16498
546,15498
547,11800
548,33444
549,34000
550,17990
551,3750
552,35950
553,11559
554,28750
555,33900
556,21995
557,24991
558,22495
559,18000
560,28343
561,41950
562,26011
563,33990
564,17255
565,16595
566,36995
567,14000
568,11000
569,38480
570,45790
571,18500
572,20495
573,16496
574,19025
575,21990
576,29490
577,24995
578,12465
579,17990
580,31495
581,53870
582,15596
583,11299
584,11991
585,33990
586,39881
587,12995
588,18995
589,22990
590,43990
591,11499
592,26470
593,21880
594,19495
595,9789
596,26990
597,17400
598,24000
599,18490
600,21000
601,16850
602,15899
603,19685
604,37995
605,13450
606,25444
607,30000
608,17600
609,62900
610,15750
611,63912
612,32490
613,20995
614,29350
615,21946
616,23450
617,29898
618,23495
619,15450
620,9099
621,21950
622,15698
623,9799
624,19100
625,23490
626,27699
627,44500
628,22490
629,11498
630,21498
631,28498
632,52995
633,24990
634,16490
635,24400
636,11513
637,29990
638,22888
639,16995
640,27990
641,16495
642,23999
643,21450
644,26990
645,22995
646,19291
647,6990
648,29490
649,18495
650,21010
651,45000
652,28490
653,14700
654,25495
655,22999
656,23995
657,21950
658,21781
659,11300
660,21755
661,20682
662,29691
663,10999
664,17950
665,10999
666,26900
667,19500
668,16511
669,12802
670,14999
671,16990
672,14995
673,43000
674,20981
675,28795
676,20700
677,17498
678,10500
679,22491
680,18350
681,10799
682,9350
683,23444
684,18000
685,13995
686,14000
687,11700
688,21000
689,29698
690,10000
691,18160
692,26990
693,14729
694,22790
695,17491
696,46426
697,42000
698,9995
699,57000
700,13990
701,14991
702,7500
703,18640
704,49990
705,24990
706,26570
707,12799
708,19990
709,17698
710,16970
711,28190
712,24990
713,14691
714,31990
715,12999
716,32170
717,32495
718,17400
719,18750
720,26990
721,18192
722,17500
723,11991
724,28495
725,18940
726,13298
727,11495
728,31996
729,31995
730,34256
731,11950
732,7495
733,40970
734,14490
735,40444
736,16998
737,20700
738,13650
739,20595
740,12999
741,30995
742,13298
743,8499
744,20445
745,23421
746,30995
747,16300
748,22444
749,11490
750,24416
751,17798
752,16000
753,12425
754,18489
755,32990
756,24500
757,27950
758,15500
759,31000
760,31985
761,31252
762,12255
763,33400
764,28541
765,18298
766,5000
767,11496
768,19500
769,31888
770,24990
771,27991
772,23750
773,14500
774,13995
775,23798
776,19790
777,22798
778,12995
779,26990
780,42888
781,59450
782,23992
783,15499
784,36000
785,10250
786,20990
787,22888
788,15995
789,52950
790,17591
791,17495
792,10990
793,21250
794,19990
795,7990
796,45995
797,23500
798,20450
799,22650
800,17990
801,7000
802,23499
803,28990
804,23995
805,23490
806,21286
807,30210
808,32990
809,39990
810,42500
811,12000
812,24750
813,16985
814,17298
815,32850
816,13300
817,12950
818,20995
819,23995
820,10950
821,16295
822,22000
823,21490
824,8395
825,29896
826,19995
827,34950
828,21950
829,8499
830,41880
831,38444
832,13898
833,20500
834,21291
835,17490
836,27985
837,21374
838,26880
839,27900
840,20290
841,5995
842,13995
843,11995
844,18350
845,19000
846,9691
847,28350
848,27990
849,19950
850,17100
851,22991
852,18995
853,29498
854,19400
855,15999
856,27495
857,7295
858,21995
859,26500
860,21995
861,19998
862,53000
863,12498
864,9547
865,21490
866,49950
867,18990
868,33560
869,32950
870,28500
871,26325
872,35995
873,15990
874,22950
875,15998
876,23575
877,41719
878,10379
879,11799
880,16995
881,15498
882,33075
883,15199
884,14840
885,63000
886,15990
887,8770
888,30000
889,22995
890,16250
891,17495
892,18498
893,12290
894,12200
895,26990
896,11795
897,20746
898,10995
899,32990
900,16950
901,14600
902,17954
903,22990
904,20999
905,21944
906,16300
907,14995
908,26500
909,23950
910,42950
911,31500
912,24000
913,28500
914,29890
915,10972
916,11990
917,17000
918,14500
919,8488
920,18998
921,17495
922,18300
923,18290
924,16000
925,11400
926,25000
927,9999
928,31270
929,16950
930,14995
931,19450
932,13799
933,11995
934,19485
935,23788
936,31990
937,17325
938,24480
939,9690
940,51000
941,19300
942,17500
943,29950
944,13100
945,11000
946,36995
947,13991
948,14500
949,18444
950,14995
951,24000
952,27999
953,32881
954,14990
955,17995
956,26100
957,18000
958,19000
959,35000
960,15940
961,13999
962,14788
963,11295
964,25990
965,30000
966,17400
967,35131
968,35490
969,31000
970,15495
971,32576
972,54990
973,52985
974,16495
975,21990
976,19500
977,36990
978,14899
979,14498
980,35490
981,15490
982,32990
983,16995
984,45990
985,37990
986,16950
987,21950
988,24995
989,35000
990,20990
991,27995
992,36990
993,26800
994,21999
995,34496
996,20250
997,16800
998,18995
999,18195
1000,17992
1001,11980
1002,15998
1003,20444
1004,16499
1005,13000
1006,20500
1007,12950
1008,22000
1009,25400
1010,17950
1011,52950
1012,11602
1013,27990
1014,16690
1015,12710
1016,18498
1017,19495
1018,13250
1019,20000
1020,66990
1021,22450
1022,18995
1023,26495
1024,30000
1025,22000
1026,20450
1027,15500
1028,23500
1029,17940
1030,10490
1031,17445
1032,13490
1033,31880
1034,16498
1035,31425
1036,125000
1037,19499
1038,24444
1039,16295
1040,17490
1041,9990
1042,29985
1043,50000
1044,29290
1045,11500
1046,31990
1047,30600
1048,29990
1049,11998
1050,11850
1051,66950
1052,24000
1053,24998
1054,10498
1055,13250
1056,24425
1057,57990
1058,18990
1059,21490
1060,14000
1061,22000
1062,6995
1063,13995
1064,15699
1065,16950
1066,13975
1067,15400
1068,2995
1069,19698
1070,18990
1071,18500
1072,29990
1073,52888
1074,18900
1075,16000
1076,11698
1077,13600
1078,16730
1079,14810
1080,14995
1081,20190
1082,27000
1083,24445
1084,9995
1085,31000
1086,24985
1087,19445
1088,13250
1089,19490
1090,8999
1091,26295
1092,28990
1093,21950
1094,14995
1095,47850
1096,20500
1097,21000
1098,31499
1099,12000
1100,17990
1101,12900
1102,14990
1103,29950
1104,19998
1105,32990
1106,10695
1107,38990
1108,12699
1109,17000
1110,9261
1111,25990
1112,9000
1113,25946
1114,26450
1115,26490
1116,12990
1117,31324
1118,38490
1119,21990
1120,23985
1121,11995
1122,11295
1123,14750
1124,14299
1125,3980
1126,13350
1127,28000
1128,19801
1129,10930
1130,16300
1131,14998
1132,14500
1133,17498
1134,6995
1135,11679
1136,29500
1137,15965
1138,23990
1139,13400
1140,23981
1141,49000
1142,21690
1143,56400
1144,3490
1145,34922
1146,17920
1147,19995
1148,19498
1149,32444
1150,35991
1151,10990
1152,13100
1153,23499
1154,6500
1155,21995
1156,15052
1157,20850
1158,31500
1159,21644
1160,21115
1161,19200
1162,17992
1163,26750
1164,8695
1165,28970
1166,37980
1167,20480
1168,7800
1169,36950
1170,22900
1171,18000
1172,23490
1173,11950
1174,11107
1175,29850
1176,47850
1177,19498
1178,49490
1179,17599
1180,31500
1181,16485
1182,16600
1183,36989
1184,10420
1185,26995
1186,27442
1187,32991
1188,22000
1189,29450
1190,20499
1191,9990
1192,18698
1193,8291
1194,9912
1195,16792
1196,10995
1197,15710
1198,17250
1199,11698
1200,2490
1201,21500
1202,25000
1203,20495
1204,24495
1205,6990
1206,17544
1207,21000
1208,24440
1209,21990
1210,24990
1211,19790
1212,23232
1213,31400
1214,13680
1215,23490
1216,16749
1217,15988
1218,23990
1219,27000
1220,12484
1221,20000
1222,9992
1223,22711
1224,21251
1225,13998
1226,35500
1227,15999
1228,25888
1229,23998
1230,18425
1231,12750
1232,31990
1233,19950
1234,10985
1235,29000
1236,16990
1237,18995
1238,15250
1239,4999
1240,25000
1241,17490
1242,9400
1243,28990
1244,17498
1245,8999
1246,36850
1247,19650
1248,12499
1249,20990
1250,16995
1251,39990
1252,22995
1253,26846
1254,18962
1255,11210
1256,19196
1257,31600
1258,27490
1259,22420
1260,21750
1261,13500
1262,19800
1263,18781
1264,13498
1265,10498
1266,14383
1267,24990
1268,26950
1269,9980
1270,45450
1271,20890
1272,27990
1273,18600
1274,11644
1275,21500
1276,39945
1277,22000
1278,35850
1279,24290
1280,12000
1281,12800
1282,22495
1283,26490
1284,25498
1285,21691
1286,53000
1287,10470
1288,20000
1289,20495
1290,25995
1291,14190
1292,31990
1293,11295
1294,17490
1295,12800
1296,25489
1297,12750
1298,19400
1299,15999
1300,6990
1301,15770
1302,20996
1303,19000
1304,10495
1305,35698
1306,29990
1307,13000
1308,9999
1309,14380
1310,16490
1311,26985
1312,31950
1313,34998
1314,8990
1315,17000
1316,14100
1317,14900
1318,16950
1319,13250
1320,17996
1321,16750
1322,23000
1323,23500
1324,19647
1325,13110
1326,33444
1327,22950
1328,33500
1329,12990
1330,21990
1331,11399
1332,21500
1333,18998
1334,35490
1335,23500
1336,9190
1337,25900
1338,25995
1339,31985
1340,36888
1341,12495
1342,12995
1343,30995
1344,14799
1345,22950
1346,38950
1347,17900
1348,27490
1349,9020
1350,16990
1351,22990
1352,18498
1353,14750
1354,31000
1355,53490
1356,7490
1357,19752
1358,40000
1359,49990
1360,21995
1361,10790
1362,34995
1363,32990
1364,29990
1365,3195
1366,35995
1367,37990
1368,49865
1369,19999
1370,13491
1371,48950
1372,22000
1373,25450
1374,20344
1375,13198
1376,16000
1377,30900
1378,11699
1379,13800
1380,17750
1381,14995
1382,44990
1383,12999
1384,18000
1385,15496
1386,11500
1387,44880
1388,6795
1389,14790
1390,30500
1391,27761
1392,8900
1393,18350
1394,17321
1395,27881
1396,15490
1397,31450
1398,25490
1399,41995
1400,10202
1401,14995
1402,12798
1403,42970
1404,18896
1405,46000
1406,23286
1407,16490
1408,22750
1409,15700
1410,11137
1411,59450
1412,14391
1413,29500
1414,13495
1415,29990
1416,30990
1417,45995
1418,26990
1419,6875
1420,23990
1421,22261
1422,9350
1423,12560
1424,29888
1425,11995
1426,9800
1427,21450
1428,22059
1429,9750
1430,23888
1431,24490
1432,15495
1433,14998
1434,30500
1435,23400
1436,18202
1437,20026
1438,14959
1439,15300
1440,13990
1441,19498
1442,19900
1443,27900
1444,54500
1445,9495
1446,36998
1447,19500
1448,9990
1449,21965
1450,24975
1451,51895
1452,9990
1453,32995
1454,12201
1455,11300
1456,9395
1457,22250
1458,20000
1459,25995
1460,15450
1461,17495
1462,61700
1463,21995
1464,37844
1465,31490
1466,18499
1467,21990
1468,21499
1469,49981
1470,22690
1471,21500
1472,11000
1473,11995
1474,20000
1475,37000
1476,21699
1477,17988
1478,27500
1479,35995
1480,18995
1481,17780
1482,13766
1483,17990
1484,9790
1485,19990
1486,20000
1487,10999
1488,28990
1489,43900
1490,29995
1491,18995
1492,13490
1493,29990
1494,28990
1495,17175
1496,26990
1497,29995
1498,17450
1499,13000
1500,17975
1501,22450
1502,19950
1503,27900
1504,45000
1505,16222
1506,32490
1507,14399
1508,14490
1509,48490
1510,17400
1511,18995
1512,10995
1513,21432
1514,12360
1515,16600
1516,29490
1517,21965
1518,33500
1519,26990
1520,57888
1521,13490
1522,19700
1523,20000
1524,31990
1525,27495
1526,9999
1527,37995
1528,20991
1529,28770
1530,23990
1531,18990
1532,26295
1533,10500
1534,18401
1535,33990
1536,14995
1537,14795
1538,26490
1539,22500
1540,30985
1541,49990
1542,17000
1543,29444
1544,12000
1545,18400
1546,23490
1547,14990
1548,17997
1549,16465
1550,21499
1551,12575
1552,22950
1553,38990
1554,21999
1555,25490
1556,24444
1557,21500
1558,19400
1559,10991
1560,13995
1561,7793
1562,27994
1563,26500
1564,20500
1565,21650
1566,13688
1567,27490
1568,42500
1569,10000
1570,13450
1571,17931
1572,11400
1573,19298
1574,19998
1575,23995
1576,43950
1577,18442
1578,32900
1579,15465
1580,12491
1581,46000
1582,16798
1583,34470
1584,12700
1585,14750
1586,35200
1587,25990
1588,17000
1589,14690
1590,20490
1591,14698
1592,12995
1593,31495
1594,18800
1595,23690
1596,16950
1597,14795
1598,26995
1599,24000
1600,31600
1601,18896
1602,17888
1603,20900
1604,16449
1605,12399
1606,18500
1607,14990
1608,22991
1609,29950
1610,12995
1611,20990
1612,14450
1613,5995
1614,16200
1615,16700
1616,11199
1617,22498
1618,30950
1619,64990
1620,6475
1621,17998
1622,12400
1623,13690
1624,11995
1625,17000
1626,34990
1627,23990
1628,27900
1629,21495
1630,15500
1631,27500
1632,19998
1633,22941
1634,15650
1635,7869
1636,32500
1637,24990
1638,50000
1639,19712
1640,18350
1641,10990
1642,16700
1643,17998
1644,21490
1645,16440
1646,13454
1647,13950
1648,10175
1649,10495
1650,22970
1651,22849
1652,17990
1653,54995
1654,26995
1655,15950
1656,15141
1657,26000
1658,17999
1659,26990
1660,12990
1661,10795
1662,18298
1663,21000
1664,34259
1665,21444
1666,26500
1667,17990
1668,30970
1669,59500
1670,33999
1671,16131
1672,23250
1673,24444
1674,20450
1675,13999
1676,25420
1677,11990
1678,25400
1679,13995
1680,22490
1681,23995
1682,33000
1683,16800
1684,10995
1685,31490
1686,19999
1687,41500
1688,15997
1689,12795
1690,28490
1691,16000
1692,15998
1693,21990
1694,129000
1695,20995
1696,38695
1697,20000
1698,29000
1699,20990
1700,33990
1701,22285
1702,13995
1703,27400
1704,16900
1705,38900
1706,29995
1707,27000
1708,10498
1709,11000
1710,22000
1711,8495
1712,16995
1713,21490
1714,15995
1715,16989
1716,51995
1717,22986
1718,31900
1719,20450
1720,18990
1721,27992
1722,34496
1723,22400
1724,24946
1725,32444
1726,27390
1727,45800
1728,28500
1729,35995
1730,16000
1731,18250
1732,23990
1733,10200
1734,9450
1735,20000
1736,35850
1737,62990
1738,32788
1739,14498
1740,27991
1741,22500
1742,11990
1743,65000
1744,18440
1745,9496
1746,19995
1747,20000
1748,15995
1749,21500
1750,26995
1751,31700
1752,25082
1753,12000
1754,47895
1755,17995
1756,5995
1757,52850
1758,15601
1759,15900
1760,16485
1761,17995
1762,47500
1763,13995
1764,43990
1765,32444
1766,51990
1767,13998
1768,20000
1769,28490
1770,17000
1771,16996
1772,24450
1773,16990
1774,22990
1775,19950
1776,11484
1777,22950
1778,15965
1779,13990
1780,20400
1781,26990
1782,18495
1783,10249
1784,13500
1785,38995
1786,3995
1787,37444
1788,18998
1789,33990
1790,13700
1791,33444
1792,34990
1793,21995
1794,13990
1795,15499
1796,8995
1797,33930
1798,31720
1799,35995
1800,47000
1801,36990
1802,17352
1803,8490
1804,23490
1805,17300
1806,48500
1807,17990
1808,9599
1809,13985
1810,13998
1811,18979
1812,44990
1813,13995
1814,44991
1815,10495
1816,35995
1817,20000
1818,25480
1819,32499
1820,10295
1821,17995
1822,5495
1823,11750
1824,15399
1825,10879
1826,16990
1827,20990
1828,14998
1829,29991
1830,12000
1831,29995
1832,11250
1833,59000
1834,9990
1835,17798
1836,23692
1837,12495
1838,31288
1839,17190
1840,20990
1841,15700
1842,69995
1843,46400
1844,24990
1845,22750
1846,14355
1847,3495
1848,28900
1849,10399
1850,23490
1851,21800
1852,9193
1853,19995
1854,12999
1855,19698
1856,12291
1857,10994
1858,21450
1859,24720
1860,20999
1861,10899
1862,22950
1863,15998
1864,12499
1865,48000
1866,24675
1867,18995
1868,13490
1869,13498
1870,14290
1871,21226
1872,10000
1873,22990
1874,31265
1875,34950
1876,21500
1877,15990
1878,24990
1879,23880
1880,15698
1881,21495
1882,12000
1883,11210
1884,35490
1885,39995
1886,33990
1887,15920
1888,16999
1889,53750
1890,61490
1891,28990
1892,14298
1893,20990
1894,13990
1895,34991
1896,23995
1897,14995
1898,31695
1899,30995
1900,12475
1901,22000
1902,19688
1903,9397
1904,35490
1905,15075
1906,17490
1907,13000
1908,32490
1909,19699
1910,21450
1911,28000
1912,21880
1913,13500
1914,22888
1915,10000
1916,12400
1917,12599
1918,17000
1919,35995
1920,9415
1921,9995
1922,33498
1923,17980
1924,17990
1925,18300
1926,22300
1927,22495
1928,23998
1929,59996
1930,18990
1931,24950
1932,18000
1933,24698
1934,15990
1935,32500
1936,20999
1937,9990
1938,17397
1939,32881
1940,17998
1941,19298
1942,18300
1943,15300
1944,22490
1945,20495
1946,24250
1947,18937
1948,25950
1949,21995
1950,20000
1951,22750
1952,26500
1953,32990
1954,16995
1955,27400
1956,24690
1957,27950
1958,13170
1959,22495
1960,18995
1961,12990
1962,23990
1963,38500
1964,27498
1965,30299
1966,9495
1967,26000
1968,38990
1969,22146
1970,11995
1971,5495
1972,13699
1973,34990
1974,19295
1975,26450
1976,21900
1977,13432
1978,26875
1979,26990
1980,24436
1981,18491
1982,29995
1983,11300
1984,19445
1985,7150
1986,33990
1987,26490
1988,20750
1989,14998
1990,22000
1991,41995
1992,24999
1993,20750
1994,26500
1995,33990
1996,24998
1997,16320
1998,15970
1999,30795
2000,25000
2001,20250
2002,14999
2003,42950
2004,12299
2005,31900
2006,18998
2007,16998
2008,50990
2009,12525
2010,10995
2011,17999
2012,40790
2013,28397
2014,25000
2015,13698
2016,5995
2017,26480
2018,20880
2019,10799
2020,28950
2021,37990
2022,46950
2023,21995
2024,19000
2025,28450
2026,21450
2027,16995
2028,20499
2029,16670
2030,45912
2031,44491
2032,16970
2033,37850
2034,20000
2035,17888
2036,11500
2037,9432
2038,16295
2039,18495
2040,38861
2041,21756
2042,34780
2043,16795
2044,14790
2045,47949
2046,16298
2047,19450
2048,26995
2049,29562
2050,15700
2051,31950
2052,30990
2053,11798
2054,42450
2055,16596
2056,7995
2057,23490
2058,37000
2059,18000
2060,16498
2061,16950
2062,16490
2063,17499
2064,23500
2065,31995
2066,15767
2067,26022
2068,13500
2069,42000
2070,19751
2071,27000
2072,38995
2073,10799
2074,24990
2075,25500
2076,12495
2077,17690
2078,16490
2079,10498
2080,51990
2081,19412
2082,19425
2083,30850
2084,19450
2085,21990
2086,14200
2087,20499
2088,14875
2089,14490
2090,14695
2091,24950
2092,27900
2093,13585
2094,39995
2095,20990
2096,7598
2097,33490
2098,25495
2099,12698
2100,38888
2101,20499
2102,15500
2103,18998
2104,35490
2105,38495
2106,15995
2107,17591
2108,18485
2109,51990
2110,14245
2111,19499
2112,18998
2113,23490
2114,34495
2115,11500
2116,37000
2117,30500
2118,24999
2119,29450
2120,25750
2121,10899
2122,5750
2123,12199
2124,10995
2125,1975
2126,17400
2127,32485
2128,26480
2129,11444
2130,13200
2131,15950
2132,28990
2133,17499
2134,26450
2135,17498
2136,10500
2137,39700
2138,14700
2139,17875
2140,30990
2141,11500
2142,17700
2143,33990
2144,48022
2145,15700
2146,10299
2147,13000
2148,2995
2149,37990
2150,43888
2151,31295
2152,22382
2153,13252
2154,16995
2155,11762
2156,58450
2157,32450
2158,13250
2159,16450
2160,24990
2161,19000
2162,21800
2163,21490
2164,28566
2165,19875
2166,17000
2167,11899
2168,64995
2169,12990
2170,17999
2171,21241
2172,20000
2173,19599
2174,18500
2175,17585
2176,18698
2177,36790
2178,13500
2179,11499
2180,9250
2181,14247
2182,16800
2183,11950
2184,13500
2185,18370
2186,14295
2187,16491
2188,35995
2189,11300
2190,27970
2191,15995
2192,9989
2193,44999
2194,18052
2195,10800
2196,27990
2197,16000
2198,25000
2199,33490
2200,16000
2201,12298
2202,37490
2203,12700
2204,16050
2205,19495
2206,27500
2207,29850
2208,21991
2209,72990
2210,20250
2211,34698
2212,19000
2213,4350
2214,24990
2215,16000
2216,10291
2217,43990
2218,22990
2219,19300
2220,23751
2221,16475
2222,30995
2223,6695
2224,15995
2225,23450
2226,8500
2227,21750
2228,15499
2229,16499
2230,43990
2231,18995
2232,21998
2233,23490
2234,15700
2235,11990
2236,26350
2237,18100
2238,20000
2239,20485
2240,11995
2241,12995
2242,31500
2243,41000
2244,15500
2245,11998
2246,24998
2247,29990
2248,14998
2249,9499
2250,20950
2251,17888
2252,41000
2253,33990
2254,26990
2255,22950
2256,21450
2257,19500
2258,48790
2259,25500
2260,11490
2261,10465
2262,9950
2263,18780
2264,23444
2265,76990
2266,26990
2267,13495
2268,30950
2269,29290
2270,16089
2271,19900
2272,19741
2273,29999
2274,15879
2275,24695
2276,10600
2277,1490
2278,12490
2279,32990
2280,27950
2281,15490
2282,19499
2283,28970
2284,8390
2285,11392
2286,22490
2287,6790
2288,18998
2289,29499
2290,27995
2291,15290
2292,43950
2293,17490
2294,41900
2295,33880
2296,15082
2297,12000
2298,24990
2299,16975
2300,32350
2301,32500
2302,13502
2303,49990
2304,8300
2305,41990
2306,18000
2307,15850
2308,17998
2309,11999
2310,16490
2311,20888
2312,13000
2313,16495
2314,13495
2315,16995
2316,19300
2317,20500
2318,13990
2319,20998
2320,51495
2321,12996
2322,33491
2323,27490
2324,26995
2325,22995
2326,11000
2327,9839
2328,15998
2329,16990
2330,12495
2331,14888
2332,44450
2333,13249
2334,12495
2335,18450
2336,18700
2337,37970
2338,9995
2339,44500
2340,25990
2341,10250
2342,17500
2343,39500
2344,10995
2345,24995
2346,8751
2347,31246
2348,20974
2349,13990
2350,13525
2351,7650
2352,28990
2353,25444
2354,17599
2355,16700
2356,23500
2357,17498
2358,27990
2359,11120
2360,13580
2361,23990
2362,12372
2363,36888
2364,22453
2365,20998
2366,9000
2367,20499
2368,7690
2369,19999
2370,22599
2371,25495
2372,9999
2373,52000
2374,12490
2375,30576
2376,30000
2377,12900
2378,14959
2379,24250
2380,29485
2381,34990
2382,11760
2383,22400
2384,12500
2385,19300
2386,23000
2387,29300
2388,43970
2389,15200
2390,21850
2391,14995
2392,21995
2393,26500
2394,14888
2395,12995
2396,12950
2397,22890
2398,32895
2399,42750
2400,25850
2401,11998
2402,17500
2403,20995
2404,14298
2405,16997
2406,29250
2407,17298
2408,13295
2409,36900
2410,23229
2411,48266
2412,29300
2413,7667
2414,34990
2415,12470
2416,17998
2417,48136
2418,22299
2419,18946
2420,53990
2421,32000
2422,18599
2423,12500
2424,28020
2425,7956
2426,27495
2427,23499
2428,21382
2429,16998
2430,12249
2431,19000
2432,20006
2433,27990
2434,21500
2435,17450
2436,12992
2437,27895
2438,13490
2439,35990
2440,26990
2441,19395
2442,27498
2443,19222
2444,22061
2445,10599
2446,18950
2447,21930
2448,10895
2449,27990
2450,13990
2451,16950
2452,18491
2453,21288
2454,49000
2455,16500
2456,17495
2457,16000
2458,42991
2459,34998
2460,28450
2461,7995
2462,8199
2463,32956
2464,13852
2465,11750
2466,22200
2467,12995
2468,16990
2469,43490
2470,21490
2471,8698
2472,9390
2473,15000
2474,14500
2475,24000
2476,11695
2477,31990
2478,24991
2479,13290
2480,27990
2481,8990
2482,10726
2483,44991
2484,8999
2485,26970
2486,7793
2487,11500
2488,21000
2489,20000
2490,43888
2491,23990
2492,29000
2493,2490
2494,19895
2495,19995
2496,22500
2497,22950
2498,10000
2499,24500
2500,66990
2501,21500
2502,22444
2503,16998
2504,21000
2505,36497
2506,19899
2507,15690
2508,33950
2509,11495
2510,24790
2511,25995
2512,25888
2513,53450
2514,16950
2515,16450
2516,51990
2517,20000
2518,23490
2519,47555
2520,20692
2521,18698
2522,22990
2523,19990
2524,28990
2525,21985
2526,37900
2527,29950
2528,52995
2529,13300
2530,13398
2531,54950
2532,17650
2533,7000
2534,17940
2535,32000
2536,15840
2537,24970
2538,33172
2539,62990
2540,16500
2541,17298
2542,21910
2543,12795
2544,18440
2545,12995
2546,27950
2547,13541
2548,19465
2549,16998
2550,19990
2551,16750
2552,12914
2553,16491
2554,15995
2555,10490
2556,20990
2557,6999
2558,13794
2559,29990
2560,24444
2561,15440
2562,16435
2563,24200
2564,15800
2565,30728
2566,16842
2567,15291
2568,56900
2569,8295
2570,16998
2571,17490
2572,31495
2573,19485
2574,14242
2575,31985
2576,29490
2577,14257
2578,17990
2579,17495
2580,19850
2581,12771
2582,26888
2583,19450
2584,16000
2585,16671
2586,24700
2587,32000
2588,15998
2589,25380
2590,21946
2591,30766
2592,45450
2593,32990
2594,26750
2595,19690
2596,12250
2597,38990
2598,20421
2599,20000
2600,22900
2601,18995
2602,19950
2603,17295
2604,37495
2605,17990
2606,13995
2607,10000
2608,16500
2609,18950
2610,16498
2611,12500
2612,21995
2613,21250
2614,11995
2615,31000
2616,24490
2617,22490
2618,13975
2619,9698
2620,20850
2621,37900
2622,20995
2623,20950
2624,33950
2625,12799
2626,26890
2627,18250
2628,22264
2629,13995
2630,36500
2631,24991
2632,10390
2633,32390
2634,49990
2635,54950
2636,17990
2637,40995
2638,71990
2639,11600
2640,21000
2641,13990
2642,12260
2643,19806
2644,15999
2645,26495
2646,43950
2647,15000
2648,10970
2649,17950
2650,19857
2651,31399
2652,18771
2653,21714
2654,56000
2655,18490
2656,11299
2657,14000
2658,28495
2659,10999
2660,15495
2661,24990
2662,28490
2663,18950
2664,11999
2665,13498
2666,11495
2667,29970
2668,31998
2669,11000
2670,17795
2671,19495
2672,6995
2673,31990
2674,18480
2675,9995
2676,6675
2677,15750
2678,17650
2679,34490
2680,25472
2681,25499
2682,13195
2683,36995
2684,19850
2685,17130
2686,32991
2687,14992
2688,19400
2689,59950
2690,16436
2691,27495
2692,21000
2693,47990
2694,42990
2695,19995
2696,65990
2697,31990
2698,13795
2699,22165
2700,18999
2701,21498
2702,18298
2703,18990
2704,22500
2705,22500
2706,21750
2707,47950
2708,20995
2709,11990
2710,10980
2711,15000
2712,10290
2713,9895
2714,48990
2715,13990
2716,17300
2717,15945
2718,21300
2719,35500
2720,31995
2721,13450
2722,16990
2723,20998
2724,11991
2725,11895
2726,24500
2727,14000
2728,7995
2729,26999
2730,38750
2731,19888
2732,15860
2733,14450
2734,21950
2735,28990
2736,15450
2737,31998
2738,14990
2739,20000
2740,18990
2741,32991
2742,28985
2743,35444
2744,28470
2745,26430
2746,17490
2747,21950
2748,10999
2749,21995
2750,13899
2751,15290
2752,29890
2753,25995
2754,22995
2755,11871
2756,32995
2757,29500
2758,25000
2759,8399
2760,25950
2761,53990
2762,18950
2763,11499
2764,30000
2765,37750
2766,10451
2767,11991
2768,16498
2769,2995
2770,9790
2771,9430
2772,19395
2773,27990
2774,26990
2775,26500
2776,15316
2777,11500
2778,14700
2779,21481
2780,15998
2781,18295
2782,19495
2783,30990
2784,23995
2785,25498
2786,17695
2787,25300
2788,16500
2789,12500
2790,19989
2791,28000
2792,27549
2793,34798
2794,20990
2795,12600
2796,18998
2797,21440
2798,29990
2799,20498
2800,15995
2801,20999
2802,32500
2803,22495
2804,12343
2805,26998
2806,82995
2807,26490
2808,4895
2809,26500
2810,30990
2811,9600
2812,9000
2813,21592
2814,24990
2815,14000
2816,18330
2817,14998
2818,44990
2819,32000
2820,15999
2821,18500
2822,29970
2823,1990
2824,11447
2825,29470
2826,22692
2827,24000
2828,5990
2829,19995
2830,14750
2831,5795
2832,23490
2833,37888
2834,9755
2835,36490
2836,30990
2837,11399
2838,14937
2839,18999
2840,16400
2841,32750
2842,24970
2843,8298
2844,18950
2845,36496
2846,14400
2847,11450
2848,30450
2849,19990
2850,9578
2851,33490
2852,23000
2853,13299
2854,27995
2855,13841
2856,19990
2857,15490
2858,31750
2859,17520
2860,22895
2861,10750
2862,53490
2863,20192
2864,20900
2865,23995
2866,12500
2867,13999
2868,15900
2869,36490
2870,21888
2871,21836
2872,22782
2873,30995
2874,30990
2875,11499
2876,48206
2877,26990
2878,15547
2879,24990
2880,39950
2881,21355
2882,16980
2883,17950
2884,29900
2885,15300
2886,28900
2887,12995
2888,32082
2889,23998
2890,19250
2891,15990
2892,14800
2893,27900
2894,11230
2895,19500
2896,23495
2897,32990
2898,24800
2899,24451
2900,42888
2901,26950
2902,11499
2903,43930
2904,25998
2905,19505
2906,35000
2907,30400
2908,35945
2909,26995
2910,21990
2911,30990
2912,28995
2913,33950
2914,14590
2915,35995
2916,30650
2917,11998
2918,24950
2919,38888
2920,20995
2921,18950
2922,8299
2923,19600
2924,12798
2925,23685
2926,36995
2927,46450
2928,18998
2929,19299
2930,8295
2931,36990
2932,16780
2933,8554
2934,22900
2935,7491
2936,11200
2937,32995
2938,27399
2939,16990
2940,24698
2941,26450
2942,18590
2943,21990
2944,14495
2945,13800
2946,38000
2947,12000
2948,23500
2949,17797
2950,11495
2951,29990
2952,19500
2953,20000
2954,9930
2955,8490
2956,36990
2957,35000
2958,26000
2959,15000
2960,11295
2961,41495
2962,30450
2963,30995
2964,21888
2965,18998
2966,11691
2967,20999
2968,10599
2969,26430
2970,13350
2971,16895
2972,10393
2973,9300
2974,28790
2975,14406
2976,15444
2977,44950
2978,12998
2979,23995
2980,19995
2981,22990
2982,27995
2983,35495
2984,23490
2985,11999
2986,15600
2987,20750
2988,32990
2989,11300
2990,15990
2991,9699
2992,11000
2993,34000
2994,37888
2995,23496
2996,32500
2997,33445
2998,15998
2999,26990
3000,15000
3001,23195
3002,22495
3003,33491
3004,35499
3005,11999
3006,48995
3007,32690
3008,26990
3009,10990
3010,10328
3011,26000
3012,23970
3013,12000
3014,16494
3015,11299
3016,30950
3017,11999
3018,16498
3019,18500
3020,26950
3021,21000
3022,8599
3023,13800
3024,17498
3025,31995
3026,49490
3027,18000
3028,40000
3029,15000
3030,38330
3031,11999
3032,59990
3033,48255
3034,11798
3035,32850
3036,27200
3037,16500
3038,10195
3039,27990
3040,12499
3041,25250
3042,17498
3043,20470
3044,13399
3045,23400
3046,9999
3047,19940
3048,22689
3049,15998
3050,19490
3051,18244
3052,12490
3053,20698
3054,30750
3055,24991
3056,10990
3057,19495
3058,35900
3059,14798
3060,16998
3061,16650
3062,34399
3063,17995
3064,42470
3065,25990
3066,23950
3067,17322
3068,19299
3069,59750
3070,13500
3071,18998
3072,26888
3073,12999
3074,24000
3075,22991
3076,18000
3077,28990
3078,34990
3079,9898
3080,27637
3081,23900
3082,13310
3083,17495
3084,49995
3085,17699
3086,12454
3087,32500
3088,19445
3089,11495
3090,31990
3091,21750
3092,10998
3093,35945
3094,19990
3095,19700
3096,23495
3097,22995
3098,9995
3099,21995
3100,16999
3101,14491
3102,94990
3103,13998
3104,29495
3105,19995
3106,18990
3107,32000
3108,16499
3109,17499
3110,31000
3111,12640
3112,15700
3113,11999
3114,11749
3115,30495
3116,17500
3117,29945
3118,25750
3119,19990
3120,16498
3121,22945
3122,11399
3123,27990
3124,59990
3125,13498
3126,15000
3127,10950
3128,34999
3129,23750
3130,13990
3131,42500
3132,12975
3133,20485
3134,16498
3135,14995
3136,23490
3137,21450
3138,30000
3139,36995
3140,22500
3141,10999
3142,23125
3143,17200
3144,26000
3145,33000
3146,11800
3147,9470
3148,29000
3149,12995
3150,13399
3151,26299
3152,10800
3153,16998
3154,24000
3155,31000
3156,20450
3157,19798
3158,13900
3159,17999
3160,59990
3161,18990
3162,14000
3163,16990
3164,18991
3165,29975
3166,25990
3167,15490
3168,13222
3169,17298
3170,23500
3171,27500
3172,19498
3173,6999
3174,13199
3175,42995
3176,23500
3177,29985
3178,8599
3179,22490
3180,16288
3181,14695
3182,35900
3183,22262
3184,13299
3185,27990
3186,35000
3187,17870
3188,18303
3189,16450
3190,17898
3191,19790
3192,21350
3193,14298
3194,16200
3195,26990
3196,12000
3197,17470
3198,28970
3199,19000
3200,21032
3201,18490
3202,8998
3203,30000
3204,26995
3205,63950
3206,29000
3207,26495
3208,6995
3209,37332
3210,13910
3211,28445
3212,10920
3213,3495
3214,23756
3215,30850
3216,13982
3217,13995
3218,26990
3219,39990
3220,28450
3221,18575
3222,21698
3223,16690
3224,23490
3225,15900
3226,17498
3227,19755
3228,14000
3229,8490
3230,23991
3231,10800
3232,25990
3233,27990
3234,32750
3235,27600
3236,7695
3237,26990
3238,51490
3239,30990
3240,11990
3241,20890
3242,14499
3243,19999
3244,28676
3245,31946
3246,16999
3247,32490
3248,16500
3249,18700
3250,6299
3251,12750
3252,20290
3253,47992
3254,14490
3255,20495
3256,8975
3257,54500
3258,58450
3259,15896
3260,20490
3261,12199
3262,36990
3263,30985
3264,18505
3265,13995
3266,18400
3267,30990
3268,35866
3269,10500
3270,21491
3271,33591
3272,22000
3273,24500
3274,12699
3275,23888
3276,20495
3277,53990
3278,19840
3279,85900
3280,19300
3281,16500
3282,18620
3283,35505
3284,33500
3285,18995
3286,24490
3287,10874
3288,6000
3289,15950
3290,23991
3291,29944
3292,12240
3293,12100
3294,86990
3295,11930
3296,31450
3297,15888
3298,26450
3299,29950
3300,21390
3301,25990
3302,18595
3303,18998
3304,34995
3305,31990
3306,12700
3307,22945
3308,27950
3309,24888
3310,25944
3311,13995
3312,10467
3313,27525
3314,10582
3315,31000
3316,25016
3317,10000
3318,12990
3319,21975
3320,14510
3321,14000
3322,17970
3323,14495
3324,14490
3325,21950
3326,31490
3327,49490
3328,21900
3329,29000
3330,13999
3331,14490
3332,27990
3333,21990
3334,14800
3335,23444
3336,13500
3337,38000
3338,17798
3339,4495
3340,10490
3341,16990
3342,20950
3343,67990
3344,20950
3345,12831
3346,14298
3347,10020
3348,19499
3349,24395
3350,16430
3351,16490
3352,24990
3353,16998
3354,22990
3355,15990
3356,23990
3357,20594
3358,26700
3359,19945
3360,22750
3361,28945
3362,26000
3363,53981
3364,22795
3365,14990
3366,15995
3367,26000
3368,8995
3369,28750
3370,26888
3371,10000
3372,15940
3373,42990
3374,17190
3375,20256
3376,30299
3377,11863
3378,19298
3379,22490
3380,19995
3381,24998
3382,14000
3383,24250
3384,29490
3385,25990
3386,24985
3387,9798
3388,19390
3389,11300
3390,15000
3391,3895
3392,9470
3393,14990
3394,26390
3395,9800
3396,19995
3397,16490
3398,9999
3399,20600
3400,12239
3401,14995
3402,25005
3403,35895
3404,21995
3405,36995
3406,14278
3407,29985
3408,41995
3409,19888
3410,19500
3411,17799
3412,16995
3413,10599
3414,31500
3415,19500
3416,6490
3417,14599
3418,10000
3419,18998
3420,25500
3421,11960
3422,15400
3423,22495
3424,35220
3425,18688
3426,13500
3427,16900
3428,15100
3429,29990
3430,15990
3431,32750
3432,14995
3433,11498
3434,29082
3435,18500
3436,30491
3437,15995
3438,27995
3439,11600
3440,22490
3441,42490
3442,19995
3443,37400
3444,18242
3445,27495
3446,14490
3447,12499
3448,21465
3449,14995
3450,15798
3451,26000
3452,24680
3453,28991
3454,13999
3455,15000
3456,29995
3457,41495
3458,27160
3459,29996
3460,16800
3461,14298
3462,30990
3463,20242
3464,19990
3465,22910
3466,19999
3467,13290
3468,23990
3469,33450
3470,24990
3471,19299
3472,15990
3473,23650
3474,29750
3475,27245
3476,20990
3477,20250
3478,15699
3479,19690
3480,14495
3481,12295
3482,9671
3483,34991
3484,8799
3485,20799
3486,6500
3487,24072
3488,11786
3489,15000
3490,38995
3491,45990
3492,55450
3493,13500
3494,50888
3495,17990
3496,4490
3497,31250
3498,17599
3499,38990
3500,36400
3501,12500
3502,9895
3503,13490
3504,49900
3505,8988
3506,33950
3507,21990
3508,28950
3509,26995
3510,26950
3511,12950
3512,20971
3513,19600
3514,15998
3515,8499
3516,37000
3517,23450
3518,24850
3519,31950
3520,22698
3521,12097
3522,33990
3523,39000
3524,19950
3525,29850
3526,18295
3527,14495
3528,26276
3529,9500
3530,36990
3531,17990
3532,11500
3533,28990
3534,7791
3535,26500
3536,13500
3537,12490
3538,24988
3539,13799
3540,43895
3541,34400
3542,15995
3543,23888
3544,14990
3545,38990
3546,20750
3547,39990
3548,45000
3549,30000
3550,15395
3551,21150
3552,19222
3553,12495
3554,12500
3555,54000
3556,23499
3557,10600
3558,34000
3559,16500
3560,12672
3561,10999
3562,34412
3563,27850
3564,28000
3565,14000
3566,27695
3567,17702
3568,13219
3569,16750
3570,26400
3571,16396
3572,30950
3573,21995
3574,11000
3575,17998
3576,11199
3577,21000
3578,13995
3579,15490
3580,19471
3581,25940
3582,39490
3583,13000
3584,31690
3585,16342
3586,27990
3587,18995
3588,29532
3589,28990
3590,10070
3591,17499
3592,41970
3593,27298
3594,13390
3595,20500
3596,27490
3597,18444
3598,12699
3599,27490
3600,26350
3601,27888
3602,11500
3603,16704
3604,22500
3605,23990
3606,54000
3607,21495
3608,58216
3609,28990
3610,16489
3611,12690
3612,18500
3613,15995
3614,11798
3615,16749
3616,15595
3617,19499
3618,10499
3619,14480
3620,14180
3621,43990
3622,14050
3623,19450
3624,34990
3625,15000
3626,17250
3627,22990
3628,17470
3629,10598
3630,16500
3631,23995
3632,15990
3633,16950
3634,27950
3635,13499
3636,35850
3637,22450
3638,18995
3639,6793
3640,25000
3641,27505
3642,22950
3643,29980
3644,17550
3645,7495
3646,35995
3647,32500
3648,19500
3649,7195
3650,17698
3651,15000
3652,12495
3653,27312
3654,19990
3655,12000
3656,29256
3657,25498
3658,21498
3659,16200
3660,27495
3661,46000
3662,35990
3663,9799
3664,22250
3665,28730
3666,9991
3667,21990
3668,20875
3669,14990
3670,11299
3671,27790
3672,38880
3673,16990
3674,27995
3675,17000
3676,11500
3677,18000
3678,25990
3679,35000
3680,29990
3681,24350
3682,14699
3683,12199
3684,28990
3685,15490
3686,12950
3687,18100
3688,39490
3689,24860
3690,21430
3691,11299
3692,33185
3693,29990
3694,53990
3695,28450
3696,89750
3697,17995
3698,43475
3699,26990
3700,20900
3701,24990
3702,20490
3703,52990
3704,19991
3705,10399
3706,15450
3707,21495
3708,35500
3709,18990
3710,15990
3711,38450
3712,20691
3713,12291
3714,15995
3715,15300
3716,42500
3717,11299
3718,40995
3719,9995
3720,29990
3721,15990
3722,31495
3723,47990
3724,13995
3725,28991
3726,19995
3727,25800
3728,12760
3729,31780
3730,15940
3731,24590
3732,15490
3733,21440
3734,20990
3735,17490
3736,23000
3737,16000
3738,25990
3739,51250
3740,39995
3741,22990
3742,7799
3743,9991
3744,27900
3745,29990
3746,19000
3747,12995
3748,30444
3749,16990
3750,35888
3751,26450
3752,19998
3753,30000
3754,11999
3755,20391
3756,15991
3757,35888
3758,20995
3759,32000
3760,28995
3761,21602
3762,18998
3763,47990
3764,47990
3765,5490
3766,22005
3767,11000
3768,26990
3769,8990
3770,11999
3771,12595
3772,29250
3773,32098
3774,15995
3775,19888
3776,20995
3777,16998
3778,35850
3779,21990
3780,48990
3781,19491
3782,16995
3783,11499
3784,7500
3785,14495
3786,20990
3787,41000
3788,9290
3789,19751
3790,53500
3791,44000
3792,12832
3793,42500
3794,25000
3795,11995
3796,18998
3797,34500
3798,36444
3799,12990
3800,20844
3801,11391
3802,17599
3803,16321
3804,44950
3805,15998
3806,22005
3807,27500
3808,8999
3809,21498
3810,14517
3811,16298
3812,23888
3813,28995
3814,34995
3815,6999
3816,13250
3817,17495
3818,16499
3819,21995
3820,16000
3821,19152
3822,14995
3823,24500
3824,19990
3825,9400
3826,15998
3827,23100
3828,9782
3829,27000
3830,49990
3831,12995
3832,13000
3833,22995
3834,36610
3835,16492
3836,20990
3837,18750
3838,33094
3839,11500
3840,23900
3841,13998
3842,15940
3843,28490
3844,22450
3845,9499
3846,35500
3847,34985
3848,28900
3849,15990
3850,33990
3851,32950
3852,11950
3853,20250
3854,20990
3855,11490
3856,26750
3857,27000
3858,20880
3859,19495
3860,17750
3861,23490
3862,34500
3863,28000
3864,8999
3865,13498
3866,18698
3867,20490
3868,10299
3869,32975
3870,18204
3871,25350
3872,14250
3873,8991
3874,9999
3875,30991
3876,23995
3877,21990
3878,17584
3879,20990
3880,9795
3881,16295
3882,23444
3883,27450
3884,25990
3885,20890
3886,22450
3887,30990
3888,22995
3889,25490
3890,12699
3891,12199
3892,13700
3893,59900
3894,49400
3895,13790
3896,24990
3897,34990
3898,15500
3899,24400
3900,21990
3901,48950
3902,22400
3903,22490
3904,17298
3905,12999
3906,20000
3907,19500
3908,20972
3909,25990
3910,15991
3911,12999
3912,14495
3913,35500
3914,11800
3915,29000
3916,28450
3917,21990
3918,23500
3919,12756
3920,58495
3921,29799
3922,28990
3923,23900
3924,26750
3925,20698
3926,14499
3927,18100
3928,19850
3929,14895
3930,13990
3931,41990
3932,17500
3933,24444
3934,13499
3935,47990
3936,18000
3937,16388
3938,14999
3939,24477
3940,17498
3941,18990
3942,18950
3943,28698
3944,18950
3945,13295
3946,9950
3947,18900
3948,18602
3949,20650
3950,15800
3951,16498
3952,13995
3953,26990
3954,27444
3955,22990
3956,18450
3957,13999
3958,23000
3959,27985
3960,14490
3961,11899
3962,26000
3963,30450
3964,11990
3965,20485
3966,21892
3967,23950
3968,38990
3969,27911
3970,25000
3971,37000
3972,15175
3973,15199
3974,13999
3975,19300
3976,30985
3977,15750
3978,34936
3979,17940
3980,44444
3981,22490
3982,26062
3983,23000
3984,20950
3985,18298
3986,15255
3987,18998
3988,11690
3989,25998
3990,19000
3991,40990
3992,10999
3993,19000
3994,23252
3995,31990
3996,13495
3997,20950
3998,20000
3999,7500
4000,32444
4001,18500
4002,18800
4003,26697
4004,14499
4005,16000
4006,26000
4007,27485
4008,16400
4009,33990
4010,22995
4011,13100
4012,60000
4013,17990
4014,18995
4015,45890
4016,24199
4017,12750
4018,33850
4019,63796
4020,19995
4021,11140
4022,35000
4023,33990
4024,26200
4025,19495
4026,19495
4027,29495
4028,36441
4029,26995
4030,45991
4031,22795
4032,61990
4033,17295
4034,56795
4035,29995
4036,21952
4037,24750
4038,27850
4039,31495
4040,26000
4041,25990
4042,18990
4043,18380
4044,30796
4045,34256
4046,12495
4047,14450
4048,34000
4049,13999
4050,16490
4051,16999
4052,46990
4053,20452
4054,21490
4055,21500
4056,28991
4057,25950
4058,33795
4059,32790
4060,14505
4061,19990
4062,45000
4063,23015
4064,16490
4065,13295
4066,12900
4067,23990
4068,37331
4069,9199
4070,54950
4071,22900
4072,24450
4073,22602
4074,20698
4075,20000
4076,27990
4077,10995
4078,19000
4079,19995
4080,35480
4081,12600
4082,15991
4083,29950
4084,28990
4085,15465
4086,19498
4087,26850
4088,13990
4089,32250
4090,18698
4091,26500
4092,17790
4093,15490
4094,19472
4095,10988
4096,29985
4097,29500
4098,10800
4099,16490
4100,17998
4101,33500
4102,27990
4103,34991
4104,25000
4105,14900
4106,50000
4107,26000
4108,29930
4109,11670
4110,16490
4111,29695
4112,25750
4113,19995
4114,11175
4115,13999
4116,12999
4117,18940
4118,23995
4119,33490
4120,37995
4121,26495
4122,12790
4123,15990
4124,14999
4125,11498
4126,28990
4127,11495
4128,12300
4129,117990
4130,46000
4131,17450
4132,21495
4133,21000
4134,26995
4135,31998
4136,9595
4137,54000
4138,69950
4139,10999
4140,10330
4141,16500
4142,12998
4143,31072
4144,17990
4145,22288
4146,17500
4147,17990
4148,23490
4149,6240
4150,28490
4151,22900
4152,11795
4153,16000
4154,16755
4155,10998
4156,19100
4157,10799
4158,36950
4159,18899
4160,15250
4161,16638
4162,11495
4163,21500
4164,33500
4165,28595
4166,29750
4167,8299
4168,21290
4169,24490
4170,24495
4171,26495
4172,28995
4173,15690
4174,9950
4175,18450
4176,20888
4177,36202
4178,23750
4179,17297
4180,22998
4181,10490
4182,64842
4183,14990
4184,16698
4185,33950
4186,44990
4187,12866
4188,11490
4189,39995
4190,13849
4191,27292
4192,28900
4193,22750
4194,16995
4195,32400
4196,16499
4197,16400
4198,31210
4199,5495
4200,14990
4201,38500
4202,14919
4203,44985
4204,32990
4205,8999
4206,15900
4207,14799
4208,41995
4209,19990
4210,16900
4211,8490
4212,14888
4213,25900
4214,36900
4215,25490
4216,17495
4217,14999
4218,11100
4219,16990
4220,13500
4221,23690
4222,24444
4223,13500
4224,22365
4225,19996
4226,16995
4227,5990
4228,17400
4229,22444
4230,26508
4231,20500
4232,20000
4233,33650
4234,14295
4235,14990
4236,15500
4237,32490
4238,21100
4239,11490
4240,32500
4241,45950
4242,32990
4243,17000
4244,13390
4245,17800
4246,16599
4247,36681
4248,13495
4249,135000
4250,13498
4251,22950
4252,17998
4253,61950
4254,17300
4255,10170
4256,36444
4257,42500
4258,17290
4259,32970
4260,16490
4261,11000
4262,15490
4263,21790
4264,21750
4265,21495
4266,21500
4267,29995
4268,14995
4269,12745
4270,35990
4271,28800
4272,15499
4273,52990
4274,15400
4275,22500
4276,19500
4277,18995
4278,63888
4279,14799
4280,10475
4281,31490
4282,22991
4283,15480
4284,12990
4285,12000
4286,16999
4287,44990
4288,16498
4289,11695
4290,12990
4291,29950
4292,16875
4293,31000
4294,62990
4295,15900
4296,15950
4297,13995
4298,17188
4299,19560
4300,18288
4301,17190
4302,16272
4303,14699
4304,39500
4305,20691
4306,27841
4307,16991
4308,12695
4309,20498
4310,10800
4311,13100
4312,21798
4313,15270
4314,38990
4315,46850
4316,15749
4317,16000
4318,72500
4319,43000
4320,23845
4321,9649
4322,31490
4323,20450
4324,23900
4325,13480
4326,15499
4327,12000
4328,9500
4329,18990
4330,13995
4331,22700
4332,19900
4333,21450
4334,20930
4335,22498
4336,15682
4337,23668
4338,24245
4339,25450
4340,23442
4341,15990
4342,32900
4343,21490
4344,30000
4345,15995
4346,16000
4347,16998
4348,21500
4349,18000
4350,26888
4351,19000
4352,17500
4353,22698
4354,24990
4355,24490
4356,23535
4357,15995
4358,55990
4359,39990
4360,19496
4361,12495
4362,18690
4363,15200
4364,19995
4365,21490
4366,46490
4367,13999
4368,18998
4369,36985
4370,8689
4371,18500
4372,25995
4373,10995
4374,29991
4375,4990
4376,15500
4377,33888
4378,43500
4379,24888
4380,43785
4381,28000
4382,23400
4383,20890
4384,12499
4385,17450
4386,19999
4387,33990
4388,34500
4389,22988
4390,20990
4391,18450
4392,51000
4393,22790
4394,11500
4395,13990
4396,17695
4397,21990
4398,13995
4399,20995
4400,32500
4401,8150
4402,25990
4403,24495
4404,26499
4405,17200
4406,27990
4407,31998
4408,37000
4409,21902
4410,11995
4411,14195
4412,28355
4413,46950
4414,29950
4415,19750
4416,27999
4417,15795
4418,33444
4419,20500
4420,12991
4421,32500
4422,26990
4423,17895
4424,16500
4425,22490
4426,24000
4427,14995
4428,10888
4429,13795
4430,34998
4431,36000
4432,15699
4433,17995
4434,13950
4435,20250
4436,22995
4437,9995
4438,11500
4439,16490
4440,17500
4441,11099
4442,13700
4443,14899
4444,18990
4445,34000
4446,10500
4447,10595
4448,20950
4449,35990
4450,15700
4451,16299
4452,20479
4453,21991
4454,11500
4455,24998
4456,17505
4457,47990
4458,29990
4459,17995
4460,29950
4461,17995
4462,11385
4463,17995
4464,16998
4465,18490
4466,17490
4467,34990
4468,19250
4469,32000
4470,54490
4471,11995
4472,24582
4473,19498
4474,21490
4475,23795
4476,30990
4477,38000
4478,15599
4479,8950
4480,28990
4481,19990
4482,11995
4483,29950
4484,31000
4485,17750
4486,35995
4487,17500
4488,16000
4489,6791
4490,24680
4491,15498
4492,24500
4493,56990
4494,13500
4495,9795
4496,23990
4497,59990
4498,16990
4499,16577
4500,33462
4501,21686
4502,34700
4503,25778
4504,16000
4505,28880
4506,19800
4507,7500
4508,9490
4509,32444
4510,44790
4511,13999
4512,19490
4513,18000
4514,28452
4515,15900
4516,11990
4517,15995
4518,19750
4519,23990
4520,27500
4521,13995
4522,17995
4523,10790
4524,66000
4525,49990
4526,15322
4527,19400
4528,10470
4529,13498
4530,31990
4531,18696
4532,21495
4533,12500
4534,16450
4535,21290
4536,15490
4537,18900
4538,24653
4539,20890
4540,34948
4541,24991
4542,13000
4543,15299
4544,35500
4545,11600
4546,16500
4547,19450
4548,36312
4549,11773
4550,29950
4551,28950
4552,14998
4553,36990
4554,34491
4555,27190
4556,24500
4557,34998
4558,18505
4559,15691
4560,12681
4561,15999
4562,14998
4563,18598
4564,19998
4565,48895
4566,21488
4567,13095
4568,20725
4569,24895
4570,9705
4571,14800
4572,26940
4573,37507
4574,14222
4575,36500
4576,19599
4577,13000
4578,11201
4579,102544
4580,33990
4581,6793
4582,24900
4583,36990
4584,22990
4585,12490
4586,11500
4587,12999
4588,12798
4589,13700
4590,13490
4591,33000
4592,38534
4593,17998
4594,13995
4595,16350
4596,24990
4597,23795
4598,13400
4599,37995
4600,30990
4601,29172
4602,61900
4603,32990
4604,22999
4605,12881
4606,12505
4607,32750
4608,19490
4609,22500
4610,15000
4611,28000
4612,13798
4613,17998
4614,59995
4615,11700
4616,10510
4617,20985
4618,11295
4619,9999
4620,27900
4621,15798
4622,37490
4623,31000
4624,14500
4625,16000
4626,30990
4627,13750
4628,14000
4629,11200
4630,25342
4631,9790
4632,119450
4633,22490
4634,44990
4635,13799
4636,20995
4637,37981
4638,14695
4639,21483
4640,32990
4641,17995
4642,25490
4643,7700
4644,17950
4645,12599
4646,45990
4647,24290
4648,17985
4649,9290
4650,14995
4651,19999
4652,16500
4653,2675
4654,19760
4655,21600
4656,27995
4657,21500
4658,36230
4659,26295
4660,33495
4661,31750
4662,13170
4663,22995
4664,13199
4665,10900
4666,18530
4667,11850
4668,43995
4669,38000
4670,22888
4671,21800
4672,49850
4673,27990
4674,32990
4675,44750
4676,45990
4677,19991
4678,14500
4679,3450
4680,27450
4681,14759
4682,20350
4683,26900
4684,17690
4685,24790
4686,25690
4687,17990
4688,56991
4689,19600
4690,24490
4691,21032
4692,9500
4693,16498
4694,21498
4695,24080
4696,18500
4697,23998
4698,16290
4699,14499
4700,19995
4701,32101
4702,14899
4703,66990
4704,19686
4705,28995
4706,15256
4707,11995
4708,11495
4709,16500
4710,8950
4711,26490
4712,26490
4713,34995
4714,14990
4715,23245
4716,10996
4717,18772
4718,21500
4719,19560
4720,26995
4721,30495
4722,59990
4723,12650
4724,18990
4725,19995
4726,15395
4727,5899
4728,29980
4729,7610
4730,21200
4731,24850
4732,13990
4733,14999
4734,13999
4735,20700
4736,33950
4737,15681
4738,22470
4739,10291
4740,25775
4741,13995
4742,18790
4743,58990
4744,51862
4745,28500
4746,11990
4747,10495
4748,4590
4749,11000
4750,12300
4751,9999
4752,33990
4753,44495
4754,6990
4755,39995
4756,15999
4757,12499
4758,21490
4759,12900
4760,9790
4761,12000
4762,13950
4763,40995
4764,13490
4765,27990
4766,42992
4767,31490
4768,12470
4769,10199
4770,14500
4771,28995
4772,20490
4773,13390
4774,20895
4775,20450
4776,20990
4777,26999
4778,18998
4779,28000
4780,27500
4781,27992
4782,10999
4783,10890
4784,24970
4785,22950
4786,13890
4787,6800
4788,16990
4789,27499
4790,19499
4791,33630
4792,25450
4793,12990
4794,19000
4795,15490
4796,48800
4797,15900
4798,14799
4799,19656
4800,23199
4801,32799
4802,16000
4803,19995
4804,31985
4805,29000
4806,34000
4807,13500
4808,58000
4809,28490
4810,8450
4811,9391
4812,20481
4813,27444
4814,4495
4815,9995
4816,17490
4817,26490
4818,10998
4819,17991
4820,25990
4821,19995
4822,38000
4823,23990
4824,19998
4825,26945
4826,14500
4827,18695
4828,47995
4829,4295
4830,23695
4831,59990
4832,15995
4833,17440
4834,27890
4835,18101
4836,17491
4837,11950
4838,17399
4839,23950
4840,21996
4841,11980
4842,18377
4843,34999
4844,28990
4845,23990
4846,28990
4847,19500
4848,19950
4849,18698
4850,27761
4851,19500
4852,17991
4853,9998
4854,21746
4855,18950
4856,13995
4857,17990
4858,16495
4859,25050
4860,16449
4861,26491
4862,28471
4863,52000
4864,15490
4865,10699
4866,15000
4867,22995
4868,21450
4869,29950
4870,25990
4871,14470
4872,22400
4873,26990
4874,19970
4875,34000
4876,25950
4877,25495
4878,8500
4879,14700
4880,22510
4881,9399
4882,21288
4883,17888
4884,27250
4885,26400
4886,8399
4887,11998
4888,19995
4889,21490
4890,27470
4891,20990
4892,26444
4893,3990
4894,14440
4895,34750
4896,24450
4897,23500
4898,30500
4899,30444
4900,17799
4901,14990
4902,25491
4903,24260
4904,23482
4905,16495
4906,44990
4907,19779
4908,42888
4909,50000
4910,21930
4911,12599
4912,59950
4913,18050
4914,18992
4915,7495
4916,26940
4917,16990
4918,23997
4919,19990
4920,16450
4921,11499
4922,26880
4923,82930
4924,20990
4925,19700
4926,25986
4927,16950
4928,19190
4929,23950
4930,24879
4931,8498
4932,16222
4933,34990
4934,28000
4935,17700
4936,19990
4937,20750
4938,31995
4939,23000
4940,37888
4941,45990
4942,12991
4943,20000
4944,20250
4945,43990
4946,37434
4947,17998
4948,32195
4949,43996
4950,25250
4951,29999
4952,19999
4953,32494
4954,24990
4955,18990
4956,24990
4957,18495
4958,33995
4959,29950
4960,26995
4961,19400
4962,25472
4963,10996
4964,20690
4965,10799
4966,13455
4967,14999
4968,19990
4969,23000
4970,27000
4971,13790
4972,10400
4973,19995
4974,24500
4975,19998
4976,17211
4977,19900
4978,15600
4979,20999
4980,31200
4981,19599
4982,19946
4983,19500
4984,24990
4985,31970
4986,42995
4987,23890
4988,8498
4989,42500
4990,19995
4991,29250
4992,12500
4993,13298
4994,22690
4995,10995
4996,35989
4997,18900
4998,10590
4999,18830
5000,42500
5001,18000
5002,6975
5003,36000
5004,32890
5005,17498
5006,53792
5007,24000
5008,18350
5009,18000
5010,13700
5011,24990
5012,15744
5013,12490
5014,19995
5015,17000
5016,19000
5017,34490
5018,25950
5019,10498
5020,15495
5021,22000
5022,18950
5023,38691
5024,16990
5025,12995
5026,41500
5027,10799
5028,22290
5029,32400
5030,37991
5031,13998
5032,14995
5033,34491
5034,13495
5035,18495
5036,19990
5037,30470
5038,31390
5039,13490
5040,32000
5041,21950
5042,23250
5043,11450
5044,49990
5045,16100
5046,14991
5047,19790
5048,18940
5049,16856
5050,19498
5051,20595
5052,37950
5053,26495
5054,17499
5055,24896
5056,18291
5057,45000
5058,30990
5059,25450
5060,19500
5061,14086
5062,12000
5063,19990
5064,16499
5065,17850
5066,15498
5067,19990
5068,29920
5069,20990
5070,22450
5071,29950
5072,4995
5073,25995
5074,8995
5075,13498
5076,17581
5077,16000
5078,22695
5079,17000
5080,26978
5081,27000
5082,18998
5083,26990
5084,14498
5085,22999
5086,17991
5087,26500
5088,12170
5089,20488
5090,16498
5091,22003
5092,16995
5093,27000
5094,13800
5095,14495
5096,2995
5097,27490
5098,28888
5099,21495
5100,27995
5101,32990
5102,19870
5103,39000
5104,2600
5105,35900
5106,34750
5107,17395
5108,16495
5109,25000
5110,10950
5111,25990
5112,12599
5113,20850
5114,20895
5115,37902
5116,10345
5117,37995
5118,18990
5119,15995
5120,29990
5121,17300
5122,17445
5123,10965
5124,34990
5125,11500
5126,19490
5127,30000
5128,17875
5129,11999
5130,17995
5131,24479
5132,27990
5133,19990
5134,20680
5135,26250
5136,25490
5137,9995
5138,27450
5139,21100
5140,10070
5141,22450
5142,21990
5143,19999
5144,31690
5145,27990
5146,25990
5147,12990
5148,31990
5149,32998
5150,26011
5151,28945
5152,23950
5153,24990
5154,15489
5155,12500
5156,33888
5157,14950
5158,9481
5159,24995
5160,27850
5161,17400
5162,22000
5163,37888
5164,11000
5165,17995
5166,22450
5167,12698
5168,30950
5169,27991
5170,12285
5171,28990
5172,14499
5173,33390
5174,30998
5175,22480
5176,18950
5177,25950
5178,29990
5179,21000
5180,19082
5181,41606
5182,21998
5183,48995
5184,11000
5185,59450
5186,14800
5187,12500
5188,26500
5189,19498
5190,33480
5191,9990
5192,8495
5193,18995
5194,30000
5195,15995
5196,11990
5197,15000
5198,9990
5199,16500
5200,27500
5201,30995
5202,28990
5203,10795
5204,56990
5205,29000
5206,9798
5207,22270
5208,11989
5209,28470
5210,9730
5211,12800
5212,11750
5213,18000
5214,9699
5215,14900
5216,10000
5217,21490
5218,19280
5219,20760
5220,25500
5221,12800
5222,11941
5223,28800
5224,11599
5225,11000
5226,24995
5227,11995
5228,16200
5229,31850
5230,52000
5231,16100
5232,10600
5233,17888
5234,21000
5235,53990
5236,16995
5237,19995
5238,17450
5239,14500
5240,13725
5241,26888
5242,7799
5243,17500
5244,13170
5245,25000
5246,13900
5247,18000
5248,9250
5249,29980
5250,25390
5251,19990
5252,20450
5253,13998
5254,27777
5255,14495
5256,12750
5257,15998
5258,19998
5259,32950
5260,23000
5261,19395
5262,15158
5263,5995
5264,10550
5265,13750
5266,15799
5267,26695
5268,13998
5269,56950
5270,14999
5271,46888
5272,48000
5273,22950
5274,20445
5275,15699
5276,21150
5277,37000
5278,29000
5279,17200
5280,33245
5281,7699
5282,32888
5283,20766
5284,16440
5285,32490
5286,14999
5287,33290
5288,15441
5289,18492
5290,17500
5291,13000
5292,9690
5293,20990
5294,13500
5295,26995
5296,22990
5297,27000
5298,8600
5299,25990
5300,10499
5301,24999
5302,26000
5303,23495
5304,23990
5305,9750
5306,19900
5307,12551
5308,22750
5309,18650
5310,15990
5311,22990
5312,30000
5313,23498
5314,26250
5315,17750
5316,32400
5317,23888
5318,33075
5319,13498
5320,31000
5321,22000
5322,14798
5323,17400
5324,21500
5325,14998
5326,16498
5327,33500
5328,10999
5329,25500
5330,18000
5331,26990
5332,20000
5333,16498
5334,35399
5335,38500
5336,14998
5337,48950
5338,18950
5339,16484
5340,14990
5341,12000
5342,17995
5343,19690
5344,36050
5345,24990
5346,10299
5347,25500
5348,34026
5349,18750
5350,31250
5351,23912
5352,19298
5353,16000
5354,19998
5355,12495
5356,15490
5357,27840
5358,14749
5359,12440
5360,19000
5361,12950
5362,19995
5363,11990
5364,34000
5365,19790
5366,15600
5367,39454
5368,12991
5369,14995
5370,45950
5371,19000
5372,39950
5373,13977
5374,9960
5375,16850
5376,19995
5377,15498
5378,19400
5379,40800
5380,24991
5381,14980
5382,21750
5383,18995
5384,35000
5385,22800
5386,29950
5387,19250
5388,18990
5389,11298
5390,13350
5391,11900
5392,15600
5393,30990
5394,13999
5395,28990
5396,44990
5397,49000
5398,37000
5399,11000
5400,20750
5401,18450
5402,23980
5403,78990
5404,14444
5405,31998
5406,32995
5407,18500
5408,21995
5409,32999
5410,20000
5411,32481
5412,28500
5413,13900
5414,13999
5415,17290
5416,18900
5417,20850
5418,22470
5419,22950
5420,29998
5421,24450
5422,11850
5423,18189
5424,56000
5425,11000
5426,12490
5427,15700
5428,32450
5429,33490
5430,31000
5431,16999
5432,11300
5433,10799
5434,15991
5435,34991
5436,11899
5437,25444
5438,21000
5439,30950
5440,36950
5441,5290
5442,17498
5443,9580
5444,19945
5445,32990
5446,54950
5447,46000
5448,54990
5449,24990
5450,29290
5451,44944
5452,9249
5453,16900
5454,28450
5455,42750
5456,23142
5457,25490
5458,20888
5459,27490
5460,17480
5461,33995
5462,13490
5463,50000
5464,8995
5465,20933
5466,10398
5467,21490
5468,17990
5469,19780
5470,55970
5471,22896
5472,15498
5473,25995
5474,22990
5475,16490
5476,36845
5477,21250
5478,8990
5479,15000
5480,11189
5481,26850
5482,26295
5483,21490
5484,13800
5485,11790
5486,11949
5487,24500
5488,16995
5489,18299
5490,22500
5491,17290
5492,19900
5493,18999
5494,24975
5495,21990
5496,30650
5497,17490
5498,9750
5499,14299
5500,20200
5501,21395
5502,12762
5503,11332
5504,16390
5505,26500
5506,16695
5507,10870
5508,56900
5509,14300
5510,20950
5511,26985
5512,30000
5513,11240
5514,33000
5515,19890
5516,19000
5517,37295
5518,27450
5519,24900
5520,13485
5521,62985
5522,12995
5523,11551
5524,17497
5525,19998
5526,47995
5527,18995
5528,12498
5529,22000
5530,12498
5531,15698
5532,19498
5533,69000
5534,22950
5535,34990
5536,31950
5537,22792
5538,12998
5539,21670
5540,24990
5541,16999
5542,55500
5543,26995
5544,16900
5545,14722
5546,32990
5547,26970
5548,17888
5549,16999
5550,32991
5551,12996
5552,15500
5553,22495
5554,15749
5555,32950
5556,11895
5557,8990
5558,35500
5559,8000
5560,17649
5561,30500
5562,13799
5563,22250
5564,13750
5565,10275
5566,13375
5567,12500
5568,39950
5569,29950
5570,32326
5571,31245
5572,11950
5573,21444
5574,9990
5575,25352
5576,11995
5577,17670
5578,29991
5579,23490
5580,10716
5581,23690
5582,12950
5583,27991
5584,18930
5585,17400
5586,23690
5587,38995
5588,36890
5589,17612
5590,23950
5591,8900
5592,25000
5593,32970
5594,20505
5595,27246
5596,22890
5597,13549
5598,20991
5599,12794
5600,19973
5601,10990
5602,24990
5603,14495
5604,16498
5605,49850
5606,9990
5607,11798
5608,21970
5609,15495
5610,32400
5611,27995
5612,20000
5613,13500
5614,21950
5615,14790
5616,11646
5617,15674
5618,14400
5619,24365
5620,27250
5621,20597
5622,16500
5623,19000
5624,18998
5625,19498
5626,14495
5627,28127
5628,7475
5629,25900
5630,12450
5631,13000
5632,9600
5633,16998
5634,29200
5635,31500
5636,24990
5637,19991
5638,16400
5639,8698
5640,52995
5641,15295
5642,12391
5643,12750
5644,37450
5645,36500
5646,13550
5647,21560
5648,18200
5649,11300
5650,16000
5651,31985
5652,29450
5653,20726
5654,13180
5655,10500
5656,29300
5657,26995
5658,20790
5659,39215
5660,21600
5661,8260
5662,15352
5663,29950
5664,16990
5665,19888
5666,17750
5667,10552
5668,25800
5669,18990
5670,19230
5671,27950
5672,35990
5673,26990
5674,18296
5675,37950
5676,22490
5677,13500
5678,12500
5679,56990
5680,21000
5681,34990
5682,11499
5683,20990
5684,8280
5685,18498
5686,12210
5687,15995
5688,21990
5689,19242
5690,13500
5691,19995
5692,11419
5693,15599
5694,26891
5695,9498
5696,15600
5697,31760
5698,8498
5699,13995
5700,12495
5701,28995
5702,29000
5703,11495
5704,42840
5705,44888
5706,21990
5707,24992
5708,12800
5709,14699
5710,17500
5711,15990
5712,30990
5713,31500
5714,24950
5715,17012
5716,25750
5717,14599
5718,31990
5719,43890
5720,20500
5721,48990
5722,24750
5723,14900
5724,17990
5725,17300
5726,15000
5727,14490
5728,10498
5729,22966
5730,125000
5731,24950
5732,28445
5733,24700
5734,58990
5735,30495
5736,16998
5737,14498
5738,20888
5739,42989
5740,16498
5741,37395
5742,27990
5743,20490
5744,10923
5745,25450
5746,36750
5747,34950
5748,25500
5749,15998
5750,23000
5751,22600
5752,31500
5753,28000
5754,17600
5755,15400
5756,54490
5757,11495
5758,33490
5759,16000
5760,10990
5761,22450
5762,20995
5763,27989
5764,21195
5765,7980
5766,11600
5767,23888
5768,18995
5769,8990
5770,22500
5771,18790
5772,51990
5773,25495
5774,22850
5775,15590
5776,58450
5777,18300
5778,14850
5779,28800
5780,12250
5781,13995
5782,26970
5783,47850
5784,36500
5785,13795
5786,16500
5787,11300
5788,22990
5789,37682
5790,34000
5791,47000
5792,29975
5793,19732
5794,25990
5795,16490
5796,18900
5797,12490
5798,59950
5799,13495
5800,21000
5801,11695
5802,17850
5803,22930
5804,18000
5805,4995
5806,26490
5807,33790
5808,16990
5809,28490
5810,18000
5811,21000
5812,28991
5813,26750
5814,20750
5815,21900
5816,19495
5817,13750
5818,25490
5819,30990
5820,20500
5821,9990
5822,43880
5823,20192
5824,20999
5825,10485
5826,19995
5827,15529
5828,19790
5829,28690
5830,13998
5831,28450
5832,20550
5833,14995
5834,26990
5835,38000
5836,28070
5837,17199
5838,10795
5839,20990
5840,18690
5841,15495
5842,26990
5843,19498
5844,21000
5845,27000
5846,19950
5847,12300
5848,14495
5849,11999
5850,24290
5851,24500
5852,30998
5853,36991
5854,15995
5855,29990
5856,104948
5857,30777
5858,24495
5859,23998
5860,26995
5861,17750
5862,16840
5863,22950
5864,14399
5865,11650
5866,11998
5867,7791
5868,23836
5869,22450
5870,31990
5871,11498
5872,10795
5873,17498
5874,25995
5875,23490
5876,21392
5877,55990
5878,16600
5879,37000
5880,18900
5881,19999
5882,23450
5883,22440
5884,30000
5885,29200
5886,10499
5887,34990
5888,50414
5889,20000
5890,22490
5891,18495
5892,52000
5893,50000
5894,29888
5895,27900
5896,21571
5897,15250
5898,37990
5899,35950
5900,9442
5901,42888
5902,11995
5903,11000
5904,20442
5905,4999
5906,11990
5907,12999
5908,45000
5909,10750
5910,21995
5911,16450
5912,17690
5913,31990
5914,6490
5915,28396
5916,6900
5917,27985
5918,14498
5919,19991
5920,2795
5921,29985
5922,19495
5923,39995
5924,25850
5925,16999
5926,19400
5927,16499
5928,9800
5929,26980
5930,15695
5931,18998
5932,22690
5933,27995
5934,55495
5935,21950
5936,11800
5937,24970
5938,24995
5939,11490
5940,40780
5941,12695
5942,27444
5943,9791
5944,22850
5945,14990
5946,29790
5947,19995
5948,27950
5949,23500
5950,22990
5951,16499
5952,27444
5953,19261
5954,19990
5955,39995
5956,7299
5957,14500
5958,23990
5959,22001
5960,28900
5961,26089
5962,28995
5963,9000
5964,18995
5965,36990
5966,33990
5967,17850
5968,11641
5969,21995
5970,19750
5971,18999
5972,21000
5973,46750
5974,22490
5975,20900
5976,17650
5977,55750
5978,15995
5979,35950
5980,26796
5981,24500
5982,21496
5983,18999
5984,8990
5985,16100
5986,18450
5987,14495
5988,19000
5989,22999
5990,21795
5991,17790
5992,28985
5993,33298
5994,10995
5995,21999
5996,26895
5997,13990
5998,13999
5999,12799
6000,22498
6001,24500
6002,18291
6003,26995
6004,43885
6005,19998
6006,13950
6007,16800
6008,29900
6009,34990
6010,25999
6011,16490
6012,33410
6013,18498
6014,22480
6015,31490
6016,16298
6017,14291
6018,14970
6019,14000
6020,20100
6021,23495
6022,9619
6023,9312
6024,18611
6025,15800
6026,11300
6027,14995
6028,19750
6029,30861
6030,22490
6031,22190
6032,23900
6033,84496
6034,33500
6035,32195
6036,14295
6037,16290
6038,17490
6039,14650
6040,6485
6041,15490
6042,27450
6043,17490
6044,26888
6045,17995
6046,52450
6047,18725
6048,20698
6049,32500
6050,56990
6051,22500
6052,13395
6053,25950
6054,33399
6055,20750
6056,23500
6057,10995
6058,44950
6059,15200
6060,16200
6061,8899
6062,29990
6063,19998
6064,11500
6065,23970
6066,28500
6067,42996
6068,7791
6069,16995
6070,41850
6071,34990
6072,24990
6073,12799
6074,33850
6075,9495
6076,16490
6077,12500
6078,25650
6079,24699
6080,19444
6081,19290
6082,10850
6083,21500
6084,19990
6085,17420
6086,24646
6087,13063
6088,13298
6089,8400
6090,29582
6091,13999
6092,8975
6093,43495
6094,53491
6095,46395
6096,22950
6097,19990
6098,30990
6099,16500
6100,27990
6101,27750
6102,24600
6103,12816
6104,15000
6105,23434
6106,13498
6107,23800
6108,15699
6109,25950
6110,16700
6111,13995
6112,18470
6113,11495
6114,44212
6115,29500
6116,11500
6117,18800
6118,30709
6119,16970
6120,13991
6121,31900
6122,25419
6123,56000
6124,18990
6125,5495
6126,19990
6127,14295
6128,24490
6129,17199
6130,16600
6131,28000
6132,19999
6133,26000
6134,17995
6135,45485
6136,11499
6137,14939
6138,11225
6139,37950
6140,19575
6141,27942
6142,32490
6143,12250
6144,48750
6145,11990
6146,12999
6147,36930
6148,18181
6149,10600
6150,14790
6151,18299
6152,34750
6153,21450
6154,16150
6155,16450
6156,6998
6157,35000
6158,15998
6159,5995
6160,31991
6161,18990
6162,9705
6163,15900
6164,22398
6165,15995
6166,10999
6167,23900
6168,37400
6169,12400
6170,14975
6171,16995
6172,34450
6173,24990
6174,20700
6175,8500
6176,19250
6177,17575
6178,17990
6179,45950
6180,17000
6181,15199
6182,33490
6183,26990
6184,32000
6185,46480
6186,12875
6187,35498
6188,43995
6189,11502
6190,29985
6191,37000
6192,27490
6193,31995
6194,16400
6195,22000
6196,17390
6197,24526
6198,30900
6199,11500
6200,22500
6201,6999
6202,22490
6203,19990
6204,4495
6205,19350
6206,25750
6207,11500
6208,14700
6209,29750
6210,39990
6211,36990
6212,32970
6213,10510
6214,20950
6215,17995
6216,21998
6217,18490
6218,19295
6219,37560
6220,26059
6221,12795
6222,18300
6223,17000
6224,12498
6225,24444
6226,16990
6227,32500
6228,20990
6229,28000
6230,19750
6231,16990
6232,22000
6233,30950
6234,32950
6235,31900
6236,23198
6237,24880
6238,8990
6239,23490
6240,17998
6241,14999
6242,18490
6243,23995
6244,16500
6245,14500
6246,18000
6247,13987
6248,49496
6249,31950
6250,31000
6251,12495
6252,22990
6253,44999
6254,34255
6255,11491
6256,7951
6257,12798
6258,17499
6259,20990
6260,17000
6261,24499
6262,24985
6263,20176
6264,27990
6265,30888
6266,25450
6267,26999
6268,17444
6269,11400
6270,46992
6271,15250
6272,22400
6273,14995
6274,19444
6275,29000
6276,8395
6277,22998
6278,44033
6279,17495
6280,13298
6281,17299
6282,14698
6283,15000
6284,9495
6285,26000
6286,19998
6287,17935
6288,21990
6289,32790
6290,27990
6291,11990
6292,18400
6293,11990
6294,32990
6295,32985
6296,14000
6297,11992
6298,14499
6299,22500
6300,19999
6301,19990
6302,14695
6303,16680
6304,20498
6305,16000
6306,19990
6307,41750
6308,16000
6309,28991
6310,14797
6311,35950
6312,14290
6313,23750
6314,29990
6315,15770
6316,15980
6317,26000
6318,19950
6319,16990
6320,29990
6321,11850
6322,22000
6323,22990
6324,19444
6325,12490
6326,19499
6327,49750
6328,28888
6329,16900
6330,29490
6331,19991
6332,17530
6333,19995
6334,32111
6335,37888
6336,23700
6337,21946
6338,31850
6339,14650
6340,16690
6341,26900
6342,25990
6343,19450
6344,21799
6345,25490
6346,22453
6347,17499
6348,22450
6349,16500
6350,18000
6351,50786
6352,12291
6353,28000
6354,16240
6355,25999
6356,25000
6357,13985
6358,21200
6359,15200
6360,19970
6361,77888
6362,19000
6363,19610
6364,28490
6365,11995
6366,30470
6367,19995
6368,18498
6369,14525
6370,12940
6371,27995
6372,11998
6373,10199
6374,14895
6375,16900
6376,14990
6377,18991
6378,19465
6379,41799
6380,16990
6381,25050
6382,12230
6383,19495
6384,31490
6385,16450
6386,12900
6387,15498
6388,19950
6389,6575
6390,13500
6391,25850
6392,11999
6393,23756
6394,25000
6395,60750
6396,24990
6397,8995
6398,23252
6399,19798
6400,13799
6401,17992
6402,37000
6403,17800
6404,11999
6405,40945
6406,14799
6407,8895
6408,51970
6409,21652
6410,18750
6411,18982
6412,17490
6413,17999
6414,16790
6415,31000
6416,13995
6417,14032
6418,45990
6419,19000
6420,21446
6421,23439
6422,26000
6423,16700
6424,41888
6425,10495
6426,7495
6427,22450
6428,15800
6429,23256
6430,7699
6431,24825
6432,26995
6433,21000
6434,16222
6435,34985
6436,18698
6437,13750
6438,31990
6439,13599
6440,17862
6441,25312
6442,20476
6443,12298
6444,29888
6445,14750
6446,14000
6447,10170
6448,26990
6449,11500
6450,7375
6451,19300
6452,20000
6453,32900
6454,24888
6455,24750
6456,20450
6457,19444
6458,20495
6459,24850
6460,16498
6461,60000
6462,25000
6463,25672
6464,9291
6465,55750
6466,14850
6467,45250
6468,33990
6469,17500
6470,17650
6471,18998
6472,19699
6473,13498
6474,18998
6475,8750
6476,14745
6477,20995
6478,9720
6479,13895
6480,23500
6481,13290
6482,24950
6483,28888
6484,10198
6485,18850
6486,19998
6487,11695
6488,26000
6489,11490
6490,8399
6491,24995
6492,14500
6493,13991
6494,15990
6495,17998
6496,23896
6497,14481
6498,37000
6499,18495
6500,97500
6501,25895
6502,30950
6503,29985
6504,27236
6505,12500
6506,19990
6507,11320
6508,22490
6509,30450
6510,19430
6511,26676
6512,19000
6513,9940
6514,37000
6515,26990
6516,14995
6517,16498
6518,14000
6519,43900
6520,31795
6521,38995
6522,26990
6523,26695
6524,20498
6525,13700
6526,18500
6527,18495
6528,25042
6529,18695
6530,27990
6531,26850
6532,17998
6533,28495
6534,13290
6535,24490
6536,30995
6537,54883
6538,22500
6539,19450
6540,44990
6541,28000
6542,16150
6543,33950
6544,47490
6545,36950
6546,16700
6547,23888
6548,21500
6549,13995
6550,11499
6551,35496
6552,31950
6553,15492
6554,49900
6555,15999
6556,31962
6557,35990
6558,12690
6559,33000
6560,27495
6561,20520
6562,28795
6563,20000
6564,30990
6565,109990
6566,26169
6567,18500
6568,37888
6569,30888
6570,9999
6571,23300
6572,33985
6573,21995
6574,28970
6575,21000
6576,17336
6577,26995
6578,27888
6579,21000
6580,19990
6581,15491
6582,25000
6583,11679
6584,10260
6585,27162
6586,23165
6587,17490
6588,38995
6589,18990
6590,14449
6591,27990
6592,25750
6593,35998
6594,11495
6595,32995
6596,19990
6597,30000
6598,21790
6599,22250
6600,25888
6601,26950
6602,17000
6603,26490
6604,20000
6605,17691
6606,7099
6607,21450
6608,20000
6609,22899
6610,34251
6611,22075
6612,18700
6613,24000
6614,11000
6615,31900
6616,33499
6617,6475
6618,21880
6619,19395
6620,11210
6621,40892
6622,13995
6623,16490
6624,19991
6625,25995
6626,23990
6627,16500
6628,21000
6629,9298
6630,28610
6631,8685
6632,17000
6633,20000
6634,11698
6635,41750
6636,19000
6637,12270
6638,17132
6639,12500
6640,34000
6641,29996
6642,16000
6643,17499
6644,26000
6645,19490
6646,12300
6647,7295
6648,17990
6649,28490
6650,21990
6651,33950
6652,19000
6653,4250
6654,11900
6655,12980
6656,14500
6657,8490
6658,18990
6659,29995
6660,17900
6661,33000
6662,13990
6663,19490
6664,13025
6665,29950
6666,22500
6667,27750
6668,25900
6669,15990
6670,28495
6671,10891
6672,22990
6673,21991
6674,24000
6675,18349
6676,14175
6677,18500
6678,25000
6679,16985
6680,27680
6681,9999
6682,13495
6683,16990
6684,18200
6685,37900
6686,13499
6687,26990
6688,21000
6689,32000
6690,19990
6691,12998
6692,27850
6693,19950
6694,21490
6695,19000
6696,19298
6697,55995
6698,19999
6699,28900
6700,51595
6701,17000
6702,27591
6703,23497
6704,31698
6705,27995
6706,19888
6707,11761
6708,11995
6709,22990
6710,11191
6711,19000
6712,23950
6713,13699
6714,31000
6715,22300
6716,28490
6717,20200
6718,18000
6719,21950
6720,21950
6721,17995
6722,27280
6723,31652
6724,20750
6725,22490
6726,15000
6727,17190
6728,23490
6729,32990
6730,36991
6731,10941
6732,11990
6733,34990
6734,11533
6735,21005
6736,26102
6737,33000
6738,14250
6739,13200
6740,24990
6741,29665
6742,17498
6743,20498
6744,18300
6745,24790
6746,25250
6747,9995
6748,27795
6749,18350
6750,25995
6751,16199
6752,16898
6753,11498
6754,32995
6755,13923
6756,19950
6757,20995
6758,20450
6759,24950
6760,8150
6761,19995
6762,18299
6763,52850
6764,29000
6765,6450
6766,59990
6767,36979
6768,12490
6769,22990
6770,16666
6771,29990
6772,25975
6773,11399
6774,24950
6775,36991
6776,10799
6777,16499
6778,12998
6779,26000
6780,20995
6781,13995
6782,23000
6783,37999
6784,17250
6785,31266
6786,18000
6787,29990
6788,13995
6789,17695
6790,19300
6791,31990
6792,19970
6793,27500
6794,22995
6795,39888
6796,25950
6797,16900
6798,25000
6799,13700
6800,20200
6801,30000
6802,11500
6803,11499
6804,54950
6805,17190
6806,39850
6807,21772
6808,19220
6809,35995
6810,17650
6811,25750
6812,16500
6813,26000
6814,17700
6815,16890
6816,26990
6817,30985
6818,26888
6819,22450
6820,23950
6821,19490
6822,21950
6823,17800
6824,16998
6825,11500
6826,12698
6827,112990
6828,16990
6829,14800
6830,16990
6831,25995
6832,18500
6833,18910
6834,13476
6835,8750
6836,29995
6837,27490
6838,18000
6839,35948
6840,17444
6841,18698
6842,44990
6843,21500
6844,15495
6845,21999
6846,11795
6847,11259
6848,20985
6849,30790
6850,23450
6851,13295
6852,20985
6853,19790
6854,8000
6855,23500
6856,18990
6857,13100
6858,53850
6859,35990
6860,54900
6861,21995
6862,22752
6863,23950
6864,38985
6865,16625
6866,8499
6867,23000
6868,26990
6869,28450
6870,28995
6871,25400
6872,18182
6873,38990
6874,17000
6875,11990
6876,22000
6877,25280
6878,22495
6879,23888
6880,8147
6881,18950
6882,22444
6883,10999
6884,43930
6885,38995
6886,27950
6887,24491
6888,11120
6889,16990
6890,15698
6891,23766
6892,21000
6893,27500
6894,10100
6895,10385
6896,28950
6897,24990
6898,23290
6899,18298
6900,19490
6901,16000
6902,12880
6903,19600
6904,27300
6905,32000
6906,16500
6907,30900
6908,15498
6909,2495
6910,16947
6911,17000
6912,32444
6913,29490
6914,20500
6915,32495
6916,12499
6917,28900
6918,10490
6919,31490
6920,48850
6921,48990
6922,19490
6923,15763
6924,15975
6925,14699
6926,11995
6927,18495
6928,12995
6929,20990
6930,17491
6931,14450
6932,38444
6933,24500
6934,16300
6935,9499
6936,69890
6937,17985
6938,23490
6939,23995
6940,15698
6941,18798
6942,38975
6943,53900
6944,10000
6945,27176
6946,60000
6947,59995
6948,29990
6949,27990
6950,4990
6951,21390
6952,43490
6953,8388
6954,26275
6955,26490
6956,20996
6957,9500
6958,3990
6959,12900
6960,29350
6961,11100
6962,18390
6963,18698
6964,51990
6965,19995
6966,22950
6967,23990
6968,16500
6969,8995
6970,18999
6971,18495
6972,19000
6973,20000
6974,9999
6975,34991
6976,25000
6977,22995
6978,29745
6979,37490
6980,30990
6981,16991
6982,20990
6983,21276
6984,8490
6985,23900
6986,25510
6987,13375
6988,34376
6989,17100
6990,26444
6991,16998
6992,22490
6993,20790
6994,19500
6995,28990
6996,18500
6997,45850
6998,13698
6999,11300
7000,25499
7001,32880
7002,24000
7003,14840
7004,9200
7005,13199
7006,20960
7007,24888
7008,7995
7009,18600
7010,40399
7011,10100
7012,23165
7013,27995
7014,28888
7015,29491
7016,19998
7017,8000
7018,25950
7019,29750
7020,15990
7021,26485
7022,11350
7023,17490
7024,11200
7025,12999
7026,22490
7027,26000
7028,11799
7029,15995
7030,35000
7031,17599
7032,30000
7033,23990
7034,22990
7035,26490
7036,31000
7037,13995
7038,15200
7039,18990
7040,19291
7041,25290
7042,14998
7043,19061
7044,18290
7045,16750
7046,11495
7047,15700
7048,15890
7049,46500
7050,11990
7051,13795
7052,27991
7053,26945
7054,18495
7055,15700
7056,21490
7057,21495
7058,22950
7059,20495
7060,9313
7061,17995
7062,11500
7063,16000
7064,11498
7065,35845
7066,16297
7067,21000
7068,12495
7069,24995
7070,13590
7071,20250
7072,18990
7073,14444
7074,15500
7075,36438
7076,42800
7077,19000
7078,27990
7079,49995
7080,23290
7081,14102
7082,17200
7083,17595
7084,45990
7085,21498
7086,42970
7087,6791
7088,23940
7089,13995
7090,21000
7091,28290
7092,30000
7093,16200
7094,19930
7095,53900
7096,28000
7097,36641
7098,18000
7099,21285
7100,33716
7101,26990
7102,29750
7103,36490
7104,10499
7105,14490
7106,67495
7107,18495
7108,12650
7109,42490
7110,14551
7111,22495
7112,12498
7113,12490
7114,56950
7115,49995
7116,45888
7117,52600
7118,16000
7119,15450
7120,20990
7121,26990
7122,26000
7123,8490
7124,25295
7125,12995
7126,14995
7127,16000
7128,20700
7129,18991
7130,18950
7131,27991
7132,12999
7133,21500
7134,15000
7135,14298
7136,30000
7137,19111
7138,29495
7139,28990
7140,6890
7141,9298
7142,17444
7143,17525
7144,20444
7145,33946
7146,14500
7147,21990
7148,18420
7149,7450
7150,12000
7151,30500
7152,19990
7153,20950
7154,16000
7155,15999
7156,13400
7157,14500
7158,28888
7159,16490
7160,22495
7161,30990
7162,46456
7163,20998
7164,15472
7165,12880
7166,11000
7167,15749
7168,11062
7169,35866
7170,18400
7171,20000
7172,14999
7173,20995
7174,12490
7175,55292
7176,15000
7177,33333
7178,19499
7179,39990
7180,28490
7181,54990
7182,70950
7183,16999
7184,52495
7185,34990
7186,15299
7187,12950
7188,23000
7189,14500
7190,27990
7191,20945
7192,26500
7193,8488
7194,16800
7195,22990
7196,14995
7197,31290
7198,31450
7199,19495
7200,15990
7201,29990
7202,15745
7203,14598
7204,16300
7205,19998
7206,17990
7207,23499
7208,20688
7209,13671
7210,3995
7211,12950
7212,20498
7213,22600
7214,15890
7215,21495
7216,30995
7217,29000
7218,12995
7219,4689
7220,21000
7221,17998
7222,22249
7223,23490
7224,19990
7225,13971
7226,20999
7227,13498
7228,21726
7229,26490
7230,26500
7231,16498
7232,19450
7233,22995
7234,39991
7235,30900
7236,8299
7237,18990
7238,27750
7239,7783
7240,13437
7241,47916
7242,25000
7243,8990
7244,41000
7245,28950
7246,28000
7247,19985
7248,48500
7249,12200
7250,7898
7251,21981
7252,15999
7253,23990
7254,19000
7255,45490
7256,16995
7257,29990
7258,17495
7259,19999
7260,23490
7261,21800
7262,14000
7263,36500
7264,18499
7265,28490
7266,33990
7267,12691
7268,25354
7269,19926
7270,15998
7271,42900
7272,11290
7273,22495
7274,25490
7275,47990
7276,49500
7277,25000
7278,10995
7279,24450
7280,23950
7281,15495
7282,17999
7283,50990
7284,8899
7285,22970
7286,23450
7287,11000
7288,21030
7289,20990
7290,22950
7291,22485
7292,14761
7293,30000
7294,17495
7295,33000
7296,17995
7297,12898
7298,33000
7299,29970
7300,15790
7301,32500
7302,9998
7303,15490
7304,16036
7305,9999
7306,21500
7307,28371
7308,20996
7309,26450
7310,17999
7311,17000
7312,13995
7313,12500
7314,11995
7315,13295
7316,10499
7317,19250
7318,18888
7319,32500
7320,21572
7321,12500
7322,43695
7323,15750
7324,18500
7325,15500
7326,12990
7327,13650
7328,45490
7329,16999
7330,17800
7331,10960
7332,56996
7333,18790
7334,21444
7335,22995
7336,18250
7337,13888
7338,21600
7339,25990
7340,12230
7341,29000
7342,12795
7343,37700
7344,22777
7345,10499
7346,30543
7347,24950
7348,16995
7349,18750
7350,16582
7351,17995
7352,11995
7353,25998
7354,22650
7355,20495
7356,16495
7357,10800
7358,17990
7359,51950
7360,19325
7361,13610
7362,17998
7363,23500
7364,21840
7365,20000
7366,27990
7367,30995
7368,37444
7369,20498
7370,14990
7371,14990
7372,19995
7373,37995
7374,20490
7375,14250
7376,27995
7377,37500
7378,16100
7379,34950
7380,12521
7381,19250
7382,39995
7383,22890
7384,21400
7385,15000
7386,32000
7387,38799
7388,33995
7389,23950
7390,15790
7391,12300
7392,25490
7393,32000
7394,9995
7395,14250
7396,19299
7397,20500
7398,22850
7399,12965
7400,24998
7401,6475
7402,15000
7403,9250
7404,24888
7405,21745
7406,33000
7407,22950
7408,26500
7409,10962
7410,10790
7411,30500
7412,34995
7413,19750
7414,32970
7415,22897
7416,23490
7417,21755
7418,25450
7419,30000
7420,14940
7421,17996
7422,22000
7423,33440
7424,17000
7425,21294
7426,14999
7427,11675
7428,28485
7429,24400
7430,21400
7431,26000
7432,9499
7433,11695
7434,14053
7435,27490
7436,14599
7437,31990
7438,19995
7439,22000
7440,33995
7441,11673
7442,16495
7443,26500
7444,38000
7445,26990
7446,19950
7447,18890
7448,27950
7449,34995
7450,11095
7451,47500
7452,19495
7453,11750
7454,11500
7455,39990
7456,29491
7457,9270
7458,19995
7459,14995
7460,29995
7461,11299
7462,16490
7463,22991
7464,16799
7465,17000
7466,21000
7467,28490
7468,16995
