BranchName,City,Population,IncomeGeneratingPopRatio,AverageIncome,IndustryType,Sales
지점106,대전,1961994,0.201854887,5104676,농업,256900147
지점69,수원,1999348,0.609038613,6175887,서비스업,185564838
지점480,광주,1736191,0.684105886,4935993,농업,265883549
지점400,서울,1411974,0.488642007,6387483,어업,130738595
지점435,수원,1599608,0.231684502,6113313,어업,354354259
지점259,대전,1062318,0.373729834,5926568,농업,114431635
지점828,울산,2605470,0.379430789,4619640,농업,200353692
지점885,부산,2422809,0.221635338,3428593,서비스업,381082693
지점305,광주,559500,0.450414095,5721441,농업,399312187
지점812,서울,1200483,0.30759129,3771059,제조업,383902487
지점939,인천,1237683,0.507711703,4936978,어업,171948484
지점925,수원,1359931,0.502013467,6609883,서비스업,344385480
지점527,대전,2325268,0.6609579,3544175,서비스업,427894869
지점21,대전,2016817,0.531428239,6756598,농업,214770721
지점906,울산,923323,0.308189557,3589572,농업,478391394
지점381,수원,1228988,0.379553254,3298062,서비스업,346534107
지점421,울산,2056688,0.230944584,4226753,서비스업,383425559
지점286,고양,1833299,0.678744272,4909046,서비스업,411987900
지점72,인천,2736910,0.222125986,4319094,서비스업,294104550
지점50,서울,2287163,0.67984782,4248153,어업,231865474
지점180,용인,1274160,0.38429946,3182791,농업,250123580
지점507,용인,1205106,0.291752234,3328790,제조업,259820187
지점930,대구,1300248,0.581930921,6987045,어업,302108369
지점117,인천,2640307,0.308639486,6808295,어업,169253470
지점294,부산,1824273,0.612840411,6167628,서비스업,319644972
지점77,울산,1103268,0.216387951,4951135,서비스업,157939522
지점49,대구,2734661,0.435160641,4674160,서비스업,109376907
지점504,대구,1482878,0.221931215,5351308,농업,220984419
지점264,울산,2002749,0.635049895,3808114,농업,167433273
지점809,부산,1431326,0.222254814,5468079,서비스업,386513301
지점864,인천,1367272,0.280493931,3765208,제조업,173114938
지점749,서울,1359726,0.362136438,4037840,제조업,108222625
지점65,용인,1963019,0.585538673,6798993,서비스업,445961747
지점799,고양,2582416,0.680787572,3437211,서비스업,262099158
지점53,대전,2820392,0.635091089,5758694,농업,295842050
지점441,대전,1361188,0.343787691,4465112,농업,237852251
지점125,고양,2909408,0.360848809,5630529,서비스업,213599974
지점651,대구,2090058,0.62179518,4627770,제조업,211837699
지점410,부산,1190441,0.430926721,4247909,서비스업,230193399
지점753,용인,837667,0.313564408,4136242,어업,126800127
지점953,서울,1569727,0.20733291,3525827,농업,250959726
지점478,용인,1371345,0.56996874,4190782,어업,243697279
지점119,부산,2273214,0.298000377,4528555,농업,243571910
지점13,고양,683286,0.256112158,5196590,제조업,192318764
지점158,대전,878735,0.242105632,5676103,농업,160079471
지점338,용인,2559870,0.504546949,3126845,농업,212082961
지점128,서울,2067418,0.394166583,3257322,제조업,281029771
지점47,대구,1026710,0.464157564,5401797,서비스업,352819574
지점236,부산,2486935,0.28763776,6651263,농업,450175514
지점539,대구,2534832,0.469184219,5711274,제조업,144966689
지점242,광주,828625,0.306341204,6972699,어업,319633838
지점591,광주,918054,0.645189281,5560369,제조업,441523346
지점359,고양,2465721,0.406884104,5212519,제조업,356386565
지점960,대구,1880479,0.244821238,5605632,농업,314195208
지점849,대전,1384335,0.4132857,6325656,서비스업,308995796
지점793,광주,935355,0.46329213,4506679,서비스업,106596254
지점326,대전,1731456,0.390826873,3991912,농업,152173478
지점900,인천,1987984,0.277138889,6211932,농업,430054634
지점810,수원,1149173,0.323919323,6076504,어업,458198288
지점351,인천,2764398,0.699099476,5475223,서비스업,239241977
지점364,광주,2823243,0.670719646,6161746,어업,135458569
지점18,수원,1203335,0.56607111,5385831,어업,105064459
지점187,인천,1030733,0.605490866,6894955,서비스업,186688874
지점403,울산,516371,0.408514871,6822361,농업,370617166
지점339,울산,1391693,0.292558194,6429139,농업,492633125
지점207,인천,1298361,0.679139667,3931179,농업,411492540
지점964,울산,1327878,0.427193149,3873641,어업,222409734
지점346,고양,521427,0.446932743,5861544,농업,211123070
지점314,대전,1301430,0.22940436,6186140,제조업,145235697
지점243,서울,2991216,0.438307114,4924413,서비스업,333358101
지점914,고양,2399481,0.356710261,5102466,제조업,169331281
지점171,대전,2842887,0.360373958,5866109,농업,366147039
지점188,울산,513649,0.513877858,4881414,서비스업,225116919
지점935,용인,1831633,0.459168894,4535936,제조업,280130315
지점134,인천,1045417,0.500613879,3767720,서비스업,166928889
지점302,울산,1421771,0.643917153,4040063,제조업,196903337
지점732,인천,1830438,0.383058775,5892167,서비스업,197036228
지점671,대구,526704,0.423661444,6309292,서비스업,317455696
지점319,인천,2743693,0.46857021,6219941,제조업,194083564
지점79,광주,2986608,0.369547294,6832377,농업,105928832
지점522,서울,2342471,0.522207782,4730843,제조업,317654225
지점347,울산,2006344,0.490944471,6256272,어업,122857508
지점199,대구,2431989,0.362927421,5659229,농업,197340642
지점866,부산,2665765,0.683368872,4308437,제조업,124566391
지점549,인천,858151,0.216703646,5074225,제조업,348275650
지점916,대전,2050618,0.650961816,6562060,어업,185380386
지점589,대전,1295345,0.452953992,6941631,농업,180880946
지점448,대전,2605679,0.578912054,5699079,농업,216986065
지점22,용인,2489379,0.622682259,5241590,제조업,274848436
지점725,인천,1244635,0.317274951,5596982,어업,397719998
지점719,서울,656678,0.412276478,6931812,어업,229046019
지점251,대구,2424710,0.50779861,3320476,농업,162822521
지점244,용인,659928,0.25603594,4831555,어업,425296578
지점572,대전,1828330,0.686820759,5942600,서비스업,411039486
지점36,인천,1497507,0.459992495,4942433,서비스업,443392260
지점82,광주,2422992,0.583732882,5372732,제조업,387215978
지점160,서울,2152356,0.550316672,5848995,서비스업,285931952
지점334,서울,2364241,0.507381375,3088330,농업,471864167
지점838,수원,2210366,0.274970695,3987207,서비스업,481138065
지점475,인천,2816254,0.267133512,4334236,제조업,178030519
지점672,대구,2663135,0.610367131,5952695,제조업,267628888
지점110,수원,505912,0.327632259,6006000,제조업,193837612
지점662,울산,1462021,0.341756891,6286398,서비스업,279575147
지점380,울산,2471063,0.387794281,5255356,농업,200638437
지점626,대구,597098,0.364980442,6864893,제조업,114007866
지점604,서울,2024682,0.507183756,5722788,농업,103053343
지점93,인천,2625222,0.564236983,6006974,제조업,422949199
지점452,대전,2541049,0.466168035,5396069,농업,171793007
지점653,고양,598816,0.383162185,6068088,제조업,231176040
지점823,서울,1195467,0.605145382,6911948,농업,368134287
지점856,대구,782462,0.213194666,6750191,농업,220170001
지점391,광주,627014,0.440053904,6350464,어업,218601415
지점578,대전,739185,0.624514317,4036546,서비스업,318477575
지점986,고양,2669356,0.24840161,3249662,농업,306257196
지점423,대구,2889123,0.389833222,4800407,농업,180469944
지점212,용인,2942541,0.503130953,3773093,서비스업,153790626
지점172,수원,2508978,0.237062259,6517131,서비스업,333841430
지점166,고양,572664,0.434692178,3593416,농업,180694907
지점239,고양,1979495,0.589576962,6741976,제조업,398822280
지점189,인천,2592621,0.65249116,4570144,서비스업,126230340
지점686,부산,1806074,0.372351089,3453423,제조업,341855026
지점804,대전,2232537,0.493744262,4942813,어업,456688301
지점345,서울,1623332,0.557149923,6222952,제조업,100311185
지점742,서울,907559,0.413730703,5381081,어업,360444518
지점454,고양,1327198,0.396814873,3713468,어업,459846980
지점647,인천,1460143,0.239037427,5237449,서비스업,335350181
지점831,수원,1249094,0.404647656,4452370,서비스업,201387796
지점156,서울,2237066,0.282772806,5391774,서비스업,356479201
지점488,용인,1955866,0.346285423,5210607,서비스업,451267001
지점598,인천,559202,0.501891452,6380907,제조업,379047804
지점989,대구,2083043,0.424847215,3493218,서비스업,154490761
지점126,대구,576033,0.413296955,6871468,농업,363571257
지점67,인천,2336072,0.388634466,6284139,어업,354626459
지점909,수원,1405741,0.465802909,3014274,어업,456785509
지점512,광주,805186,0.315386971,5339873,서비스업,107886976
지점225,부산,1940765,0.456204241,3358804,서비스업,148490539
지점269,용인,629364,0.461412141,4992309,농업,385223408
지점162,울산,2444229,0.48333467,3033269,어업,468026204
지점814,대전,652655,0.338709021,4946114,제조업,246767870
지점619,부산,1593402,0.308776105,3393028,제조업,210118882
지점677,광주,2305600,0.459183205,3544411,서비스업,259091208
지점179,울산,2918660,0.333185196,3885039,농업,210901212
지점951,서울,2729190,0.463160806,6182398,어업,347677869
지점416,수원,1294643,0.369257246,3536051,농업,320987422
지점101,서울,2448803,0.315627476,3588553,제조업,301148815
지점734,수원,615989,0.242219163,6384343,서비스업,322125671
지점690,울산,2892203,0.411305037,3678346,제조업,406833734
지점230,대구,644223,0.499790673,3290797,제조업,372780886
지점335,인천,2334971,0.672202061,6655979,서비스업,439598066
지점628,광주,2405379,0.445892018,3125728,농업,237153587
지점703,부산,1008394,0.45176391,6145848,제조업,332785886
지점879,광주,1099666,0.476725215,4395214,제조업,319037569
지점483,부산,1016085,0.382838167,5038432,제조업,114280680
지점920,울산,1593342,0.669539178,6360803,제조업,387398475
지점221,부산,727717,0.477831313,5943672,농업,327471413
지점392,대전,2369282,0.521932018,4311778,제조업,103713896
지점913,고양,2166065,0.343073802,3428746,제조업,215269522
지점428,서울,2738044,0.589555497,5605041,제조업,259239047
지점310,고양,1893347,0.48930499,5410542,어업,277670869
지점776,광주,819755,0.259118064,4955174,어업,362807563
지점886,용인,2001304,0.600380254,5198020,제조업,374608533
지점16,울산,1072716,0.453265841,3226444,농업,175625779
지점494,울산,1637159,0.315200157,5438972,농업,173686600
지점246,수원,1246938,0.342389853,6564172,어업,254827162
지점899,수원,1820538,0.330123289,4479637,어업,240985061
지점7,인천,1840054,0.396561208,5829736,서비스업,318937621
지점614,서울,1356658,0.511933363,5180516,제조업,474354334
지점534,울산,1654829,0.608412571,3567961,농업,355773669
지점398,광주,2005090,0.502521508,3490408,서비스업,438746926
지점722,서울,2740060,0.639708731,4824484,제조업,284022876
지점859,광주,1157456,0.51193395,4165309,농업,286262951
지점692,대전,2114151,0.610835967,5291144,제조업,459489647
지점105,수원,1817141,0.376952055,5798801,서비스업,283755062
지점304,대구,1761746,0.234168189,4811533,농업,353017783
지점550,고양,2920348,0.495139961,5057829,농업,350561689
지점730,대전,537330,0.566407562,6859322,서비스업,155745392
지점209,수원,962944,0.503870924,4772281,어업,219708973
지점303,광주,2545025,0.550628424,5727259,서비스업,222369664
지점52,광주,997238,0.581570115,6036910,농업,404379856
지점91,대전,2784830,0.482922548,5652874,제조업,351820944
지점355,광주,2421750,0.682104878,6822342,농업,407425957
지점633,대구,1638582,0.431522191,4862074,제조업,391257908
지점461,대구,2725793,0.271988267,4391801,제조업,110274999
지점23,고양,1952317,0.589019423,3171631,농업,448700485
지점375,인천,1600493,0.560521704,4659030,서비스업,358904678
지점547,부산,2726692,0.640533306,3384877,제조업,443610045
지점440,인천,1199919,0.543391684,6979016,농업,295704150
지점219,수원,2134196,0.683523396,3609629,농업,457445270
지점738,수원,1217248,0.619113522,4229604,농업,394984905
지점506,부산,1761121,0.318594816,4260551,농업,146940277
지점606,용인,1318411,0.676107907,5630238,어업,124453993
지점802,고양,1912530,0.302390681,4424158,서비스업,293523079
지점949,대구,2914042,0.578564889,3586048,어업,434527356
지점684,대전,1329782,0.467216014,5950076,농업,175251184
지점206,대전,2896359,0.677980875,6648936,제조업,407847625
지점648,용인,1348932,0.361607601,4075895,제조업,171841673
지점191,대전,2837630,0.480560464,3315749,어업,390265809
지점362,고양,1927990,0.681734997,3769055,제조업,154916945
지점665,울산,865437,0.486158508,5817492,서비스업,411973052
지점376,대전,2189228,0.348985132,6778018,어업,450339642
지점632,용인,1626131,0.261773342,5531732,어업,470294610
지점186,대구,775810,0.229511623,4638419,농업,261188960
지점733,울산,547188,0.646319902,4206126,어업,404645189
지점405,인천,537990,0.334054632,4257579,농업,151338388
지점195,광주,1402001,0.34680841,5352884,서비스업,432475346
지점565,대전,2078638,0.471093477,6983263,어업,171269565
지점402,광주,2982660,0.279734546,6080405,제조업,227460370
지점531,대전,1993264,0.301697921,5075762,제조업,147687410
지점657,수원,2599997,0.458277971,6379125,어업,449695025
지점442,인천,1349814,0.584499461,5806854,어업,481532803
지점133,인천,935910,0.240224258,4183484,어업,320368531
지점234,고양,2094498,0.548864201,4637716,제조업,194662554
지점174,고양,1016120,0.585801403,5908872,제조업,419402176
지점429,고양,2711931,0.602563743,3619600,서비스업,289808056
지점568,용인,1628879,0.206827703,6148721,제조업,401243258
지점968,인천,1062258,0.641292987,3753087,농업,479893727
지점759,수원,2063635,0.487555558,5579772,서비스업,106088988
지점627,수원,976379,0.648956776,6209383,어업,406073924
지점97,부산,1014077,0.216472724,6507815,농업,451402306
지점782,부산,1825310,0.332062866,5428282,제조업,393715760
지점500,대전,1074645,0.569973121,3460888,농업,260521588
지점75,광주,1396997,0.614240245,6644074,서비스업,328630590
지점90,부산,2232966,0.254784846,3152784,서비스업,426303943
지점610,인천,1916279,0.410455068,4376621,서비스업,181179484
지점1,대전,2965488,0.253247657,6599779,농업,358485887
지점393,서울,2294241,0.450886565,6137745,서비스업,311227452
지점477,광주,1113669,0.487495164,5791167,농업,190043171
지점800,부산,760107,0.211618313,6376288,어업,446961940
지점520,고양,2438978,0.366124458,6591780,농업,180435430
지점108,서울,2690237,0.277420352,5304709,서비스업,248935837
지점709,대전,2641913,0.322924651,6265496,서비스업,308292123
지점635,용인,1932597,0.534391271,4880522,제조업,320024295
지점224,고양,1197346,0.356847527,4999338,제조업,250558197
지점328,대구,1576004,0.27401934,3485255,농업,346058841
지점103,대구,2159315,0.672715485,3593324,서비스업,327698329
지점705,고양,2899188,0.616494238,5651658,어업,101912439
지점476,대구,2127481,0.625314,5794904,서비스업,159564224
지점214,인천,2913433,0.609050525,3469430,어업,334255810
지점136,고양,1877437,0.318986271,3009191,농업,283632528
지점247,인천,2520602,0.42231268,5560114,서비스업,496723253
지점971,용인,1646960,0.28195495,6101494,제조업,134669084
지점892,인천,2585924,0.295785507,4287619,농업,457126955
지점620,인천,700049,0.220673186,4423109,서비스업,369047421
지점816,용인,993647,0.37620356,6582497,서비스업,345757295
지점366,수원,2516386,0.430401521,3638432,서비스업,240667012
지점813,수원,2652651,0.369559207,4185422,어업,485000616
지점27,서울,2210324,0.200183672,3675137,어업,398778665
지점643,대전,1485832,0.543345015,5334319,농업,337591477
지점418,광주,1892318,0.626368079,3790196,서비스업,368179547
지점908,인천,1548489,0.678285778,5777055,서비스업,197941309
지점922,용인,1175321,0.47677098,5646662,어업,220404099
지점4,인천,1064143,0.542249273,3672165,제조업,216569064
지점135,고양,2489394,0.617293191,3585262,제조업,438002951
지점356,용인,539965,0.590442592,5291832,제조업,297191156
지점878,광주,2547645,0.411774908,6725308,제조업,165533752
지점769,대구,1038767,0.38596739,5826607,서비스업,418093901
지점837,대구,1263078,0.6106188,5804582,서비스업,477239457
지점562,울산,1894604,0.66313294,4294029,농업,190617016
지점893,서울,2184364,0.531087117,5902888,농업,130900486
지점226,대전,863975,0.350850787,6080976,제조업,422592175
지점821,용인,1770075,0.431380615,5709798,어업,212515209
지점370,부산,1200102,0.256947052,6249755,제조업,499261025
지점682,부산,2303240,0.226203518,6015800,제조업,148691084
지점340,울산,1716208,0.203101707,5714845,어업,479168350
지점420,대전,1603017,0.333994341,4856605,제조업,154202268
지점830,수원,1289710,0.348128636,5905872,농업,419396899
지점952,부산,957049,0.435366077,5238385,농업,295618716
지점455,서울,739369,0.387774678,6282687,어업,169710104
지점64,수원,1182892,0.625599236,6539591,어업,107814666
지점760,수원,1754628,0.69805022,4867089,농업,379114995
지점361,수원,1965563,0.281036493,4290776,농업,302681874
지점238,인천,1552559,0.546861669,3281953,서비스업,182266968
지점113,대구,2481051,0.59876318,4525124,농업,132349460
지점641,고양,2989513,0.683502762,4978893,서비스업,465705073
지점533,고양,1432672,0.359903668,4162441,제조업,222412507
지점127,인천,1752636,0.212274058,4721519,농업,461681286
지점260,수원,828557,0.427082634,4367175,어업,135644807
지점743,용인,2047723,0.200451643,6764769,농업,325299374
지점762,울산,2151733,0.376711852,6472637,농업,189461118
지점138,대구,994524,0.645382173,6231450,제조업,134050238
지점8,대전,2582895,0.494855909,5636346,어업,418833832
지점503,대전,590791,0.377689908,5961217,제조업,453429042
지점832,서울,2870827,0.248355631,5835373,어업,191751641
지점763,대구,545119,0.331445589,4561073,농업,409728767
지점852,인천,2177402,0.23940118,4735437,제조업,469385468
지점408,부산,1556923,0.212615914,6800001,농업,498095207
지점693,대구,2109274,0.47395335,6810769,서비스업,267019969
지점354,수원,2584356,0.262580829,5120342,어업,340983279
지점154,용인,589034,0.336674368,3212908,서비스업,400745910
지점567,대구,2222045,0.693717495,3091386,서비스업,124802552
지점543,용인,2077864,0.480699359,4486231,서비스업,312639815
지점344,수원,1712581,0.522149314,4375991,농업,203355148
지점888,울산,2599708,0.535119471,3175248,어업,359875528
지점998,부산,2292372,0.246139799,6944712,제조업,213047735
지점826,울산,1368602,0.666923181,6358746,농업,375165950
지점57,광주,2844927,0.414404885,6782884,어업,172124137
지점401,고양,949443,0.284839058,5550732,서비스업,317035868
지점573,광주,1440117,0.629768314,5262802,제조업,489395473
지점474,부산,1349429,0.444221233,5987224,서비스업,341227397
지점469,용인,2385541,0.35875185,6064216,제조업,409471399
지점652,광주,1966110,0.548161843,5499383,농업,485931453
지점670,대구,2732590,0.427167121,3015529,서비스업,264265628
지점505,수원,1451530,0.292102153,5349396,농업,132907856
지점901,광주,677301,0.356060508,5323222,농업,122719562
지점650,고양,837893,0.300502741,6369980,농업,205919296
지점932,서울,2192363,0.616967335,4197594,어업,488555217
지점301,서울,2147004,0.508517605,3384470,어업,291910440
지점675,울산,2894647,0.543675898,4976642,서비스업,392352673
지점666,인천,902731,0.64743487,3928678,제조업,447942652
지점571,대구,2943738,0.344453386,5843239,어업,203013242
지점164,인천,1516350,0.510941196,4013149,어업,335002096
지점337,용인,1572967,0.564805692,6461345,농업,291657739
지점60,용인,1554172,0.400234855,4490972,제조업,148069709
지점822,부산,2638656,0.20275522,5023223,제조업,250545148
지점934,고양,2844029,0.541635348,3456914,서비스업,366203313
지점491,울산,547628,0.329017978,3893540,어업,218295286
지점788,울산,1788389,0.44748581,6274538,제조업,308731553
지점450,인천,1118281,0.327120045,4370547,농업,280412137
지점704,대전,2466964,0.510420781,6761404,어업,489448584
지점438,광주,2028526,0.31936942,3046132,서비스업,382035725
지점564,수원,591934,0.240233592,3132517,어업,457206219
지점721,서울,1995807,0.450795735,6450540,농업,358610598
지점891,울산,1675228,0.56216549,5858896,서비스업,125114613
지점220,대전,791691,0.637421181,3057476,농업,151688163
지점679,대구,2396889,0.519042299,6023091,서비스업,398742930
지점587,부산,2961476,0.680803058,6419247,어업,356687006
지점283,광주,2573207,0.532975705,5563175,서비스업,113291153
지점349,용인,937489,0.63841031,4931176,서비스업,274327167
지점687,울산,1388456,0.562166782,6405089,서비스업,209056728
지점5,수원,2517553,0.408666571,6823098,농업,429642080
지점996,광주,2988985,0.596277584,4556273,어업,142466263
지점464,인천,2331979,0.404338699,3001803,제조업,483292811
지점777,대전,1484969,0.316809073,6037067,농업,324411454
지점683,수원,1020103,0.655065694,3272540,제조업,201418505
지점880,대구,2417678,0.571004652,6325284,서비스업,358378000
지점518,서울,2979327,0.654136543,3312766,농업,103490141
지점574,부산,1122698,0.65782642,4588180,서비스업,492591103
지점794,광주,785329,0.64334161,6113590,농업,413792358
지점894,수원,655710,0.625661719,5927798,어업,128800165
지점535,광주,2535972,0.469768303,3961984,농업,487433265
지점904,수원,2438408,0.566554652,6680433,농업,488496540
지점277,용인,890525,0.241765294,4509547,서비스업,194024287
지점285,인천,2706807,0.50359032,5649170,제조업,436931075
지점471,용인,911509,0.443303046,5824859,서비스업,300629147
지점427,광주,2860489,0.27272507,3440214,서비스업,421202784
지점282,고양,1853871,0.327144065,4357617,농업,447381779
지점121,용인,994513,0.28337079,4970861,농업,133273634
지점594,울산,753468,0.251035865,3934329,서비스업,363926173
지점982,대구,1045785,0.400255232,6237574,어업,244849909
지점14,고양,849845,0.29666732,5067966,어업,371790823
지점656,고양,2601981,0.557026893,4883557,농업,305742299
지점456,고양,1449786,0.484081122,3961470,농업,268168679
지점585,대구,1879652,0.492525505,3423962,제조업,451365122
지점956,울산,879058,0.323728593,5612988,농업,330700557
지점161,용인,2329270,0.62090787,3864565,농업,203414767
지점978,부산,2575771,0.46707801,5350637,어업,497959086
지점974,대전,2560296,0.41225274,3373120,어업,417023549
지점716,대전,1114241,0.695226655,6414996,서비스업,317228614
지점745,광주,2492684,0.313245639,6058240,제조업,382579370
지점196,울산,1337404,0.684102196,5481291,서비스업,474529849
지점192,수원,1311385,0.61827359,6196246,서비스업,420404573
지점629,서울,1530987,0.265558114,6153593,제조업,321656118
지점537,인천,2327731,0.431947337,3564725,어업,365339091
지점881,대구,2264303,0.648572936,3892039,서비스업,373853634
지점165,부산,1730599,0.464370756,3484052,농업,240330184
지점107,용인,846653,0.622538814,6838639,서비스업,464876962
지점17,수원,2594889,0.514730614,6815264,농업,492044896
지점576,고양,1154806,0.484936076,6211687,농업,463749985
지점926,용인,2771238,0.531091826,4847306,서비스업,142433001
지점713,고양,1186352,0.321970409,4665425,제조업,177228867
지점541,대전,564327,0.312388664,4373796,제조업,266931325
지점330,부산,2399924,0.20748813,6968669,제조업,343608153
지점481,용인,881031,0.347653661,3112564,서비스업,388672063
지점499,울산,2946965,0.540185127,6360088,어업,359089629
지점969,용인,2165227,0.240103331,6920262,농업,489112469
지점406,인천,2786318,0.265798425,4617826,제조업,263776328
지점744,광주,1076139,0.234907151,3415188,어업,205341333
지점94,서울,2396876,0.650337619,3269478,제조업,268240688
지점434,부산,1713513,0.500971849,6975107,농업,163486040
지점84,광주,2493441,0.691463239,3657984,농업,491366108
지점844,울산,1184721,0.500235522,4457662,농업,425362835
지점915,광주,859629,0.295425002,4545547,농업,491933245
지점658,고양,2759226,0.266537995,5146109,어업,356012801
지점415,서울,1904030,0.290330311,3012074,농업,413069024
지점663,서울,2731633,0.33153939,3619075,어업,177783135
지점979,대구,532869,0.601073977,5721279,서비스업,452286387
지점772,인천,579309,0.458369357,6258830,농업,105432507
지점729,광주,1716540,0.485748723,6329876,어업,168450189
지점912,수원,1098074,0.341778858,3842059,서비스업,373992589
지점808,수원,2246855,0.4034732,4046568,제조업,380213304
지점323,대전,2750323,0.424300331,6827489,제조업,112629385
지점557,수원,2777677,0.594517986,6633694,어업,156333556
지점358,서울,2489802,0.476343236,5908723,제조업,450851310
지점70,대구,2282949,0.50717315,3592668,어업,156438650
지점515,부산,732587,0.396379473,6239427,제조업,491141463
지점510,대전,1470936,0.533816901,6854543,농업,431780312
지점341,수원,1493345,0.204642225,6625350,제조업,123182521
지점222,대구,905845,0.250642123,5375088,농업,231066560
지점929,부산,1822871,0.69670261,4903833,어업,284380108
지점147,고양,2800781,0.37653748,3153151,제조업,334712125
지점290,인천,1780389,0.559093263,5959231,어업,441766520
지점30,서울,928565,0.519181448,6694520,농업,405320195
지점115,인천,599073,0.663510284,6408881,어업,255119969
지점509,대구,563483,0.467941491,4938168,어업,232314194
지점811,고양,1830101,0.296440351,4177974,어업,476129067
지점973,울산,2988165,0.571670113,4730983,어업,481697949
지점177,고양,1416584,0.236300033,6917556,서비스업,309024511
지점169,용인,928877,0.285586024,3267170,서비스업,344774568
지점348,고양,2232494,0.263183763,5249543,어업,428835744
지점377,수원,2712133,0.554616882,3357279,제조업,278191447
지점765,서울,1924888,0.250402258,4212841,제조업,267569804
지점872,부산,1455714,0.401454222,3878650,서비스업,420286606
지점890,고양,1789000,0.551169571,3273215,서비스업,255485792
지점773,수원,1518482,0.588596364,5257093,제조업,142222841
지점190,울산,1942224,0.574361153,5362875,서비스업,465440498
지점137,고양,824277,0.580963256,3997997,서비스업,146827688
지점447,서울,2436645,0.326426939,4770597,서비스업,370195750
지점840,대구,2102851,0.559538512,5483860,어업,162023233
지점255,대전,2755018,0.240526894,5817495,어업,155636417
지점882,부산,500819,0.390017288,3975664,제조업,150571854
지점291,고양,1186458,0.60097862,3344001,어업,281770548
지점942,인천,1611804,0.257568925,4882946,제조업,147543183
지점955,부산,1188885,0.629238784,4674065,어업,426242125
지점233,서울,1885249,0.293680451,5924331,서비스업,345283216
지점646,부산,1232713,0.518094775,4841373,어업,355573399
지점34,부산,719402,0.29265646,4696407,어업,100158342
지점89,서울,1660291,0.5481096,6037152,어업,417321692
지점45,수원,954688,0.276548448,6105432,서비스업,292754993
지점342,고양,1763704,0.466046205,5432005,제조업,428222577
지점62,부산,2881371,0.246425607,6011266,농업,190279525
지점954,부산,1012084,0.550101884,3836741,어업,383273101
지점200,인천,1758870,0.451254698,5239381,어업,376531872
지점430,인천,2451537,0.58462356,6373407,농업,318007829
지점748,고양,1296165,0.638340946,6415497,제조업,132845933
지점395,부산,2237850,0.438041993,6432372,제조업,373579633
지점731,부산,1345461,0.249124957,6209916,서비스업,145513279
지점298,서울,848733,0.474709292,4939707,어업,174075801
지점74,용인,1459351,0.53631357,5103414,어업,308556101
지점394,인천,1366518,0.605759235,4470890,제조업,395925284
지점548,인천,2054635,0.203640507,6230245,어업,204342895
지점580,광주,898262,0.469438502,6118770,어업,135963121
지점542,대전,1311158,0.623869666,5088967,서비스업,227473907
지점855,광주,1952255,0.49454918,4057883,제조업,384493120
지점834,울산,2211961,0.214800414,5199798,농업,198497476
지점841,고양,635636,0.479785267,6897712,농업,317258326
지점664,인천,1559639,0.366753698,6617061,어업,466878256
지점218,수원,1221268,0.57196891,6482856,제조업,472240191
지점540,울산,1878686,0.486225109,3227837,어업,369596377
지점829,부산,735592,0.654438276,4162205,제조업,136908529
지점624,광주,883516,0.492331432,5195407,서비스업,268993376
지점669,인천,762655,0.490839922,5995289,서비스업,194302158
지점825,대전,1358397,0.217553685,6458319,서비스업,194696501
지점422,인천,1436592,0.610651739,6788823,농업,375367260
지점695,인천,655605,0.602851169,4860359,제조업,314578248
지점139,인천,1069898,0.603062076,5606697,농업,243697418
지점213,수원,888330,0.694544038,4359198,서비스업,294919399
지점617,부산,1976387,0.682463971,6746999,농업,160611403
지점843,울산,2602020,0.24563536,6500866,농업,348674257
지점839,대전,1754523,0.577045183,6303481,농업,476438895
지점867,울산,827735,0.467354087,3398861,어업,101694243
지점728,인천,754968,0.695269597,3319668,농업,495214153
지점966,대전,1024647,0.67212991,6569324,제조업,271811703
지점702,대전,2500249,0.655362617,6520113,어업,340667094
지점727,광주,1877519,0.295130254,3788141,어업,262429192
지점918,울산,2193227,0.430819681,4476233,어업,249980658
지점717,부산,2390505,0.622686769,4491002,농업,218374202
지점235,부산,1397563,0.685187664,3877293,서비스업,160309804
지점68,울산,1496352,0.663013253,4421353,서비스업,192893449
지점25,광주,1339133,0.637846135,5908871,서비스업,331481270
지점382,용인,1608283,0.508309222,6051015,농업,240978818
지점217,용인,2866016,0.592029307,3575917,제조업,362464679
지점736,서울,928954,0.512708805,3223301,농업,472027203
지점130,울산,2071155,0.446789266,4110380,제조업,486597232
지점350,고양,2670267,0.580396314,3207640,제조업,106323075
지점112,용인,2398466,0.303225706,5959396,서비스업,162758780
지점167,서울,2512760,0.579725126,3340938,어업,480287664
지점208,인천,1567597,0.612133235,3742503,서비스업,439592487
지점439,수원,940301,0.671913795,4875520,어업,120917676
지점553,대전,1040531,0.338967679,3577366,서비스업,243556541
지점275,용인,1739027,0.363471125,6522420,어업,492907296
지점975,인천,1397169,0.603475644,4922341,서비스업,328118938
지점592,부산,1879760,0.214128341,3029150,농업,411426535
지점801,인천,1536089,0.465551885,5028157,제조업,214677675
지점938,대전,1669033,0.36921871,5114597,제조업,431652848
지점526,서울,2629995,0.554037467,4560806,어업,390849518
지점288,수원,2143712,0.256375755,5279087,제조업,323466345
지점470,대구,1148779,0.49779251,4772400,서비스업,242145081
지점327,수원,2542203,0.642761319,6676915,서비스업,207201940
지점122,부산,534074,0.286348343,3518603,어업,415243817
지점995,대구,1440039,0.516382821,3355232,어업,182866006
지점508,대구,1894126,0.577391947,4120044,서비스업,204661003
지점229,서울,2384534,0.357732579,4688258,제조업,478398725
지점674,광주,1069047,0.440653483,5086373,농업,359896632
지점596,서울,1419945,0.369825512,3015978,서비스업,445677126
지점446,인천,1162893,0.666727946,4434869,농업,150846786
지점118,광주,2476820,0.571449146,6838173,농업,392693259
지점465,서울,1620261,0.459216155,4699798,서비스업,319697350
지점26,인천,539603,0.221381569,5721467,서비스업,212467148
지점111,대구,2748818,0.642311028,3040358,농업,371072058
지점150,서울,1954161,0.642162113,3686722,어업,453903061
지점153,울산,2981194,0.594234194,6053464,제조업,293251247
지점529,대구,1547643,0.257462175,3099664,농업,273284833
지점697,용인,1843980,0.411203747,6335453,서비스업,444243328
지점622,부산,1161034,0.675705407,5215374,어업,439122904
지점462,수원,1391121,0.602411482,6751493,어업,450912327
지점599,수원,2725262,0.392913985,5787909,농업,331033137
지점140,대구,2992882,0.253650516,5786856,서비스업,421429418
지점750,부산,2807973,0.662311406,3027774,어업,318775456
지점261,수원,2146397,0.632605731,5417961,농업,461540061
지점962,수원,2908461,0.330609476,5577702,서비스업,332750858
지점324,대구,2022254,0.221244804,4453300,서비스업,337568483
지점898,용인,1172461,0.677563017,4525062,농업,294494072
지점249,부산,2443102,0.290633831,6135881,어업,423026923
지점451,수원,2448633,0.574550303,6750533,농업,421612837
지점411,인천,1233299,0.563121641,3176110,서비스업,367689448
지점608,광주,1092293,0.60063671,5617984,서비스업,336758034
지점20,부산,1341087,0.694544219,5837248,농업,259894738
지점329,수원,2006662,0.611995047,5098074,제조업,362852780
지점297,수원,2610880,0.429010482,5143513,어업,237069196
지점270,대전,2862966,0.222221694,3632869,어업,304091599
지점227,고양,1647123,0.630911496,5917429,어업,207127366
지점95,대전,1564995,0.584935757,4201590,서비스업,331089751
지점516,서울,1863121,0.21463547,5695591,서비스업,377058049
지점842,대전,1984351,0.492322299,3738776,제조업,113947434
지점638,광주,925452,0.338123834,3887036,어업,486288539
지점281,광주,2399461,0.631333029,6808696,어업,312187836
지점287,고양,2573013,0.55444145,3646101,제조업,169302337
지점590,서울,2940559,0.433010872,3589823,제조업,434204570
지점931,대전,2043803,0.432545892,3536911,어업,241508714
지점445,수원,1372263,0.22464263,3364350,서비스업,114904093
지점185,인천,815159,0.530788824,3359750,어업,386398451
지점372,용인,2047822,0.549058188,4597434,제조업,487938928
지점873,대전,1476912,0.479261549,3004077,어업,481050412
지점977,서울,984572,0.671419723,3557191,서비스업,163006223
지점276,부산,717720,0.252417104,6227041,어업,336937847
지점807,인천,1030364,0.215144205,6928470,서비스업,313296581
지점936,고양,1305751,0.289032943,5686884,어업,278673256
지점183,고양,966144,0.272120051,4380437,어업,343092604
지점33,고양,2054193,0.600907934,3216657,어업,259997354
지점81,광주,2590478,0.601487689,6648535,농업,469728536
지점308,인천,805154,0.377963776,3893832,제조업,208060200
지점771,부산,1040054,0.564189498,6140897,제조업,474814951
지점12,울산,1129414,0.290811197,5314763,서비스업,361874425
지점44,광주,2578854,0.317985193,4937865,제조업,226259990
지점87,대전,1597340,0.258231627,3198724,어업,333645458
지점779,인천,1543240,0.38090062,4271568,서비스업,316875226
지점37,인천,2649351,0.425903509,3451462,농업,199766916
지점981,대구,557310,0.372872923,6725956,어업,335787794
지점59,광주,831646,0.408466976,5267058,제조업,440799104
지점42,용인,1639133,0.602467786,6387833,서비스업,100038878
지점783,대전,2317928,0.436214423,5647959,제조업,193871418
지점412,광주,2694621,0.43743585,5044011,농업,347919893
지점563,고양,2137291,0.530881797,3059097,농업,365484445
지점210,용인,1992523,0.44388228,3517803,제조업,299783518
지점149,인천,2721762,0.356344922,5050941,농업,349350001
지점740,인천,2853539,0.270993238,3972425,농업,118294593
지점595,울산,1667437,0.578467663,6568705,제조업,177806502
지점124,울산,2076177,0.254841531,6786912,제조업,404181329
지점735,광주,2924091,0.282741614,4006356,제조업,150899604
지점575,대전,1529726,0.20961603,4719321,서비스업,161723681
지점99,광주,2128995,0.457716543,6974391,어업,424884186
지점378,인천,1339635,0.565965139,6686066,어업,129074359
지점131,서울,1842663,0.612869094,6906762,제조업,336287965
지점700,대전,1186105,0.648716663,5211604,농업,176682114
지점24,용인,1779611,0.35376602,4484631,어업,373596497
지점870,광주,1485126,0.335608265,6779241,제조업,278785885
지점556,용인,2849401,0.484597986,6747121,서비스업,153319557
지점371,대전,1187871,0.561012265,6260204,어업,195688175
지점513,대구,2647290,0.36296197,3265549,서비스업,399315821
지점384,용인,720761,0.286596618,4992383,서비스업,201581593
지점202,수원,1922917,0.47962415,3236869,농업,188116824
지점369,광주,1352152,0.476883037,5415072,농업,132655589
지점555,서울,784441,0.564473848,6214586,어업,178012797
지점611,서울,1192177,0.32848773,3677679,서비스업,375458881
지점388,고양,592810,0.407219437,5853414,제조업,497234358
지점862,대구,2097127,0.689398269,5654131,서비스업,475668578
지점817,울산,802583,0.647086258,4952554,농업,310376296
지점293,수원,1296832,0.559439458,5207526,농업,421325066
지점691,대구,2148798,0.363317615,3454887,제조업,342827665
지점257,대전,1675825,0.427294934,4982021,농업,487161213
지점607,대구,2131746,0.464040964,5780865,서비스업,317793383
지점198,고양,2615652,0.20786912,3636640,제조업,497103559
지점96,서울,1045550,0.624844938,4744636,제조업,467981025
지점963,광주,1607107,0.403018651,3655468,농업,126299261
지점944,대전,1603800,0.376606884,6383033,서비스업,437911121
지점170,울산,866567,0.415921325,3836782,농업,384951873
지점582,수원,574518,0.470111402,3361064,농업,335253676
지점306,울산,1964136,0.343243174,5910670,어업,288063462
지점561,울산,1812059,0.410636698,5280775,서비스업,167063795
지점854,부산,1587410,0.406448308,3680985,제조업,225175763
지점374,부산,2700665,0.670871072,3423378,농업,290654310
지점720,서울,1058450,0.343232316,5164108,농업,399130080
지점792,인천,1057418,0.569296111,5332698,어업,251425344
지점228,광주,1515580,0.622163507,6704789,서비스업,144648349
지점661,인천,1438217,0.681546945,3601896,서비스업,372306273
지점144,인천,760984,0.508091495,4338795,제조업,497949599
지점847,대전,1039453,0.356549441,4507891,제조업,173466614
지점181,부산,1309178,0.309639693,5261240,어업,167134846
지점869,대전,1119950,0.509886042,6288568,어업,447064660
지점132,울산,853589,0.609211081,6416490,농업,424388718
지점950,부산,2955327,0.693164532,3533385,서비스업,380712698
지점48,수원,1861653,0.535844929,4766640,제조업,174528568
지점775,대전,2951138,0.432245177,6498021,농업,462715006
지점325,인천,1592729,0.25877297,3894504,서비스업,418159233
지점204,인천,2910083,0.552366097,6422465,서비스업,426032878
지점85,인천,557329,0.272029271,6788689,어업,368202976
지점634,광주,962206,0.658025454,6121733,어업,247891301
지점566,인천,2420327,0.37800363,4102564,서비스업,441970338
지점612,대전,2482575,0.333487949,4022840,제조업,387332698
지점399,서울,2681554,0.351452404,4728379,서비스업,477788772
지점897,대전,2958625,0.516912557,6364537,어업,497177693
지점92,용인,2914194,0.410116768,6345831,어업,485099350
지점83,고양,2847273,0.45841652,5462532,제조업,476680157
지점431,용인,1069927,0.468499446,4035504,서비스업,128085139
지점780,고양,984100,0.39081966,3408659,어업,431621771
지점120,대구,1783661,0.343164773,5748606,제조업,495294559
지점871,용인,2688481,0.249422976,6353217,어업,423514817
지점292,수원,2271793,0.213160668,4780521,서비스업,272116886
지점58,부산,816834,0.477596941,4338863,서비스업,223829283
지점322,대구,1329683,0.691601369,3838537,제조업,234361608
지점258,대구,1423289,0.304801364,5891437,어업,381672935
지점889,용인,1095654,0.435832033,3687353,농업,486445381
지점948,수원,2183515,0.378126589,5834598,농업,415445091
지점443,울산,1419220,0.241582386,6499339,농업,183838393
지점43,서울,2955386,0.233298166,6539302,제조업,254203623
지점618,수원,2064981,0.681011627,4606100,서비스업,470773283
지점389,광주,1672096,0.595640776,6990697,농업,420605987
지점336,부산,694791,0.28012996,5890686,농업,103486225
지점274,서울,2865243,0.618663188,4760290,제조업,184123133
지점757,서울,1387808,0.390291434,3365457,제조업,220117310
지점489,수원,2144616,0.322995303,5790024,제조업,294137636
지점551,용인,1362943,0.355724698,4729988,제조업,117758092
지점902,수원,1152878,0.328979389,3695963,농업,179818151
지점54,대전,1896024,0.481033055,5718080,서비스업,184727899
지점933,대전,1859653,0.260193697,4897285,어업,431662560
지점937,대구,1096408,0.686466809,4307680,제조업,348865090
지점129,서울,2829308,0.247061218,5479402,서비스업,408760765
지점803,부산,2744239,0.226831453,5934614,서비스업,418923896
지점29,대전,743368,0.431048765,6061517,어업,300677279
지점184,고양,616564,0.620008349,4336406,어업,442890169
지점883,인천,638272,0.500816748,3512073,농업,316829290
지점460,인천,2941471,0.396010859,3805648,어업,371891700
지점511,울산,1391570,0.61023108,5280480,서비스업,295829272
지점676,서울,2307650,0.600529356,3377401,농업,453955836
지점152,인천,2926918,0.303756367,6038588,농업,326835737
지점245,인천,2318943,0.360710963,3797075,어업,229813561
지점715,대전,1670599,0.256394132,6296878,제조업,351710793
지점544,광주,1579001,0.556623007,5958577,농업,281048958
지점545,울산,1194566,0.690932109,6348776,어업,357155295
지점640,용인,586891,0.588374835,3994740,서비스업,308815914
지점698,인천,1533014,0.262398224,6766439,어업,393321591
지점266,대구,643388,0.374543671,6811363,어업,495035973
지점289,서울,1967860,0.479205013,3927324,농업,231356936
지점424,용인,2483880,0.485775098,3729432,어업,168287810
지점911,인천,2147160,0.45034605,4070814,서비스업,321710147
지점148,광주,2447320,0.277212712,6982380,어업,222864465
지점660,인천,2590246,0.403136248,5819539,제조업,472166758
지점798,용인,2994808,0.504580632,5776007,제조업,385825322
지점967,인천,2627268,0.269865076,6078802,농업,279891499
지점178,울산,2171535,0.583334651,6578436,제조업,337491648
지점100,대구,840123,0.407976657,5773120,서비스업,465848715
지점851,울산,688776,0.326958333,5349126,제조업,479550625
지점449,용인,2969711,0.20003685,4566199,제조업,165953225
지점432,대전,2825562,0.689428491,3583360,농업,133248431
지점848,광주,1549179,0.488297539,4548130,어업,421574212
지점710,울산,1076444,0.555252664,4814837,서비스업,133813931
지점756,광주,2517534,0.336674854,3142250,서비스업,470314815
지점116,대구,1085467,0.257780657,4521867,어업,325133358
지점917,인천,2964017,0.629199067,5117076,서비스업,147954259
지점778,대전,957202,0.27093363,3975769,농업,330373953
지점73,대전,2800876,0.415628923,5451252,제조업,225042790
지점846,부산,1931231,0.633790426,4827338,농업,454487581
지점538,울산,1078129,0.541989806,6785808,어업,111848499
지점678,용인,2534453,0.347158204,4970670,서비스업,427402318
지점850,대전,1834483,0.638130969,4115392,어업,483944143
지점984,울산,2901466,0.25162661,4577852,제조업,294231984
지점175,용인,896652,0.47196075,5438773,서비스업,216248268
지점88,대전,1497284,0.281590853,4797323,서비스업,237184045
지점552,대전,2291945,0.324138284,5862306,농업,283146228
지점487,인천,1866052,0.674148376,4027158,농업,193861011
지점706,대구,2076945,0.482298555,6251788,제조업,268294957
지점315,광주,2340338,0.487876423,4701654,제조업,407071320
지점397,광주,1943157,0.325260293,4649795,어업,369660588
지점601,대구,2336196,0.522569267,3628371,서비스업,307560371
지점473,용인,1744587,0.609844903,6877534,농업,104133631
지점71,서울,2071247,0.310745089,4913214,어업,167350255
지점600,용인,2178328,0.465783861,6171941,서비스업,484428280
지점805,고양,786582,0.586302072,4394720,농업,196104990
지점755,부산,2680332,0.588166841,3151674,서비스업,394945513
지점278,서울,2368856,0.66856151,3191833,농업,261004589
지점724,울산,584029,0.450268729,5955685,어업,269332421
지점10,광주,2221506,0.664533079,3589441,제조업,399954722
지점360,대구,873215,0.275743004,5391039,서비스업,413708689
지점708,용인,2337605,0.6904897,4409760,제조업,141846981
지점764,울산,1079294,0.380556718,4496805,제조업,340446067
지점836,광주,507208,0.541595925,6178042,서비스업,491237005
지점193,서울,2519559,0.339025119,5476393,어업,171584230
지점630,대구,1020358,0.324212738,3764958,제조업,486850872
지점560,대전,2164947,0.407322075,4930715,어업,117472561
지점685,울산,514609,0.207838058,4927395,농업,223484593
