Size,Bedrooms,Bathrooms,Floor,Age,DistanceToCenter,NearbySchools,NearbyParks,PublicTransport,SafetyIndex,Price
132.3220256,2,2,12,23,5.916262823,7.0,1.0,5.0,54,204546.3152
157.278405,2,2,16,1,4.765030499,9.0,4.0,5.0,44,224020.064
131.7324774,1,1,18,18,16.52969021,1.0,2.0,3.0,94,110609.5388
113.5482199,3,1,13,43,15.60236712,3.0,1.0,4.0,75,143313.9356
146.884117,2,1,13,7,9.115029361,6.0,3.0,1.0,89,162672.0736
183.7659501,1,1,3,41,19.53896563,4.0,1.0,3.0,86,130244.9888
107.5162278,4,2,54,13,17.17703086,0.0,4.0,9.0,39,162590.2994
168.7587557,3,1,38,40,15.85273865,2.0,1.0,6.0,75,161692.8823
188.8394957,2,2,10,1,7.296060226,9.0,3.0,1.0,76,248718.6598
60.65540873,3,1,16,44,5.406366825,6.0,2.0,5.0,20,173827.5772
53.03275962,4,2,11,2,4.85865624,3.0,1.0,6.0,54,189457.7991
174.8929768,3,1,17,49,14.67192021,6.0,0.0,8.0,61,187711.9179
166.7235126,4,1,3,44,16.70385402,26.89748537,0.0,7.0,47,171773.0342
180.5018222,3,1,18,38,13.28233896,5.0,0.0,9.0,30,204159.5337
169.8737846,1,1,6,78,1.71030951,9.0,2.0,1.0,40,219110.9025
167.0793764,2,2,3,24,9.790788997,0.0,3.0,5.0,3,191379.3025
67.74116388,1,2,4,43,4.794374636,9.0,2.0,5.0,10,166407.1129
145.9881532,2,2,12,5,7.993594142,8.0,1.0,6.0,9,204834.6068
71.50299311,1,1,14,8,11.28785886,0.0,0.0,5.0,9,111554.9191
128.2772483,2,1,6,2,10.05623177,4.0,0.0,4.0,81,135112.891
112.199291,4,2,2,24,19.45646361,9.0,1.0,6.0,73,155634.4187
89.68334182,4,2,9,24,1.878301609,0.0,1.0,4.0,74,225064.6027
166.1350534,0,1,8,25,13.50595035,9.0,4.0,8.0,28,186565.4162
135.2650923,1,2,2,6,5.494720011,4.0,2.0,2.0,28,195360.7875
52.81847007,4,2,10,23,5.060436573,2.0,2.0,2.0,59,177524.7453
142.5400995,2,1,1,49,19.85137263,1.0,4.0,8.0,65,143196.3302
191.5622118,4,2,5,1,12.19334879,5.0,0.0,6.0,66,226218.6693
152.2730449,2,2,1,95,18.54539674,7.0,4.0,7.0,23,139349.6091
103.9261851,2,2,12,34,1.231999874,5.0,1.0,1.0,32,198973.7109
115.5547931,1,1,4,32,3.936252789,4.0,1.0,9.0,19,180956.081
154.6446794,1,1,5,7,14.00396185,6.0,2.0,6.0,26,153199.4644
59.03382074,4,1,16,85,8.912861028,5.0,1.0,5.0,69,181855.363
150.0150073,3,1,18,9,16.88332682,3.0,1.0,6.0,49,167654.862
81.55738416,2,1,17,7,14.54693723,9.0,1.0,7.0,51,140355.1919
69.33894465,3,2,7,12,11.75704032,7.0,3.0,6.0,1,162311.0301
97.31425264,1,1,3,5,3.278167779,0.0,0.0,7.0,45,182877.2293
104.5566156,2,2,18,38,14.64107293,5.0,2.0,7.0,84,159680.7391
135.5295156,1,1,19,8,14.42106423,8.0,0.0,2.0,55,144474.2375
198.2560757,1,1,1,43,11.6763177,6.0,1.0,4.0,5,174499.4573
81.33151341,2,1,7,38,9.718145859,5.0,4.0,6.0,46,134771.4726
74.19642768,1,2,5,5,9.032415168,7.0,3.0,3.0,93,161674.9142
147.9662488,2,1,5,43,2.990713681,9.0,4.0,3.0,22,210874.0109
87.99374038,1,2,16,13,4.00243674,1.0,2.0,4.0,39,167355.2137
119.9466159,4,1,7,17,2.649363707,0.0,3.0,1.0,24,185681.2093
86.6638388,3,1,11,6,4.656493258,0.0,1.0,1.0,260,170801.1641
66.55627117,1,2,3,12,1.465930336,5.0,1.0,8.0,97,197857.5553
148.4494384,1,1,15,23,9.200727755,8.0,0.0,4.0,44,182642.0872
70.7274427,4,2,15,43,16.21779139,0.0,1.0,1.0,16,110352.5406
79.48735425,1,1,15,40,2.904905886,6.0,2.0,6.0,29,164944.0301
105.3087756,3,2,1,1,5.326558213,3.0,4.0,5.0,10,192984.3844
64.56519137,4,2,2,49,13.30349622,5.0,4.0,1.0,78,129451.2723
196.4689198,1,2,16,25,16.09608923,7.0,4.0,5.0,40,188529.0414
120.2976802,4,2,1,29,3.686868126,4.0,0.0,5.0,25,220235.1086
196.5141632,2,2,4,130,3.56116,6.0,2.0,1.0,26,242252.1468
140.726828,3,2,16,31,16.10566584,8.0,2.0,9.0,74,177326.1737
55.87816884,1,2,2,33,6.939725203,1.0,1.0,2.0,89,130796.4379
94.42102963,1,1,3,23,7.471164394,3.0,2.0,5.0,64,150217.0954
97.69747691,2,2,11,9,5.564981822,1.0,1.0,7.0,22,197625.9564
59.62212445,4,2,10,37,15.74801866,9.0,4.0,8.0,24,139019.3636
153.8708179,2,2,6,15,18.34986089,3.0,2.0,1.0,75,117920.9073
134.9902181,1,1,6,37,12.64388343,0.0,2.0,21.45019964,16,130822.0306
89.80842364,3,2,4,18,2.99724636,5.0,3.0,4.0,0,200254.9382
128.487208,2,2,17,20,11.29010855,9.0,2.0,5.0,95,188478.9849
64.09107661,2,1,8,25,12.92779861,8.0,4.0,7.0,7,144175.1765
189.3944296,3,1,13,36,16.73200709,5.0,3.0,4.0,34,158030.0066
97.78534287,3,2,5,2,15.8594974,6.0,4.0,3.0,73,121943.5715
69.76967936,4,1,13,21,3.755296199,3.0,4.0,6.0,32,197998.8405
157.4490806,2,2,16,8,14.25024785,9.0,2.0,1.0,30,165348.2901
93.41091394,3,1,11,23,18.01162461,6.0,1.0,7.0,91,131604.2492
77.4787043,1,2,12,45,5.751921086,0.0,4.0,8.0,38,160775.8263
53.01613193,2,1,0,33,15.65474554,5.0,4.0,3.0,96,112513.0284
50.70432143,3,1,7,14,12.71960136,9.0,3.0,7.0,82,145859.4925
151.6724805,1,2,8,2,6.84911071,3.0,4.0,5.0,90,215023.5058
90.50119598,4,2,1,4,2.889889646,0.0,3.0,9.0,19,217836.0842
160.2791033,4,2,3,40,16.65882472,3.0,1.0,6.0,99,179843.2044
194.3282818,4,1,1,37,13.65033366,2.0,2.0,5.0,73,190242.3743
136.4236002,3,2,8,28,3.701284734,1.0,4.0,1.0,1,212038.7397
138.8062897,2,2,19,35,8.17016515,1.0,3.0,5.0,34,172509.3075
135.8377859,1,2,1,46,17.65608552,7.0,2.0,9.0,94,151453.6798
192.9123517,1,2,7,48,1.910154853,4.0,2.0,2.0,99,243062.0055
117.0688068,3,1,13,26,4.631878061,2.0,4.0,8.0,82,191768.685
176.9613009,1,2,1,17,5.753420136,3.0,3.0,9.0,76,234292.339
154.9218913,4,2,9,49,15.88920795,8.0,0.0,8.0,80,184493.8775
94.61554263,1,1,4,10,13.31468795,7.0,0.0,6.0,82,135824.1111
172.069673,4,2,14,26,1.329512189,1.0,4.0,6.0,70,260597.4329
153.8797385,4,2,3,37,12.59878089,8.0,0.0,2.0,26,205138.6867
125.1986573,3,1,15,24,0.313919194,3.0,3.0,2.0,13,188493.9542
193.4125452,1,2,19,41,8.767800027,1.0,1.0,4.0,87,195138.2886
146.5985299,4,2,17,39,3.207701128,1.0,0.0,1.0,85,234088.2427
113.5782573,4,1,12,84,19.2987785,1.0,1.0,3.0,33,116203.8466
140.9589821,4,1,2,38,19.50152462,2.0,0.0,8.0,58,134409.5901
52.87897975,3,2,11,38,9.455032093,2.0,1.0,5.0,55,159813.7773
95.2362225,4,1,6,5,5.891863084,4.0,4.0,2.0,2,159849.184
114.3153051,2,1,1,34,9.774423958,9.0,4.0,9.0,44,187843.3164
70.32110963,1,2,14,28,8.800995327,7.0,0.0,6.0,84,160594.4906
135.4947366,2,2,7,14,10.87265988,0.0,1.0,2.0,50,166240.297
138.6309142,4,1,18,26,13.55106064,7.0,2.0,1.0,37,144243.6486
147.980123,2,2,4,32,14.53152274,4.0,4.0,2.0,7,162725.6918
147.8154905,3,2,1,37,2.787995077,14.80892359,3.0,6.0,22,240251.2535
114.7127653,1,1,18,48,8.17480076,6.0,3.0,8.0,38,184706.4924
184.4819894,1,2,4,40,4.174694582,8.0,3.0,8.0,83,239921.1173
115.3797388,1,2,12,19,4.815661254,4.0,2.0,5.0,71,179769.4297
170.9290984,4,2,5,26,1.360866782,8.0,1.0,4.0,39,272662.6087
155.5832875,3,1,16,40,19.31538444,6.0,3.0,9.0,78,167786.3728
157.1361949,2,2,7,41,13.95902297,7.0,0.0,5.0,2,168252.9759
199.827051,3,1,17,18,6.108872952,1.0,0.0,3.0,49,225216.3354
72.4172457,4,1,5,41,3.028584259,9.0,1.0,3.0,47,221124.9582
180.2189086,3,1,4,40,16.77577003,0.0,3.0,3.0,54,167852.2692
68.57299743,1,2,1,27,2.081222599,1.0,3.0,3.0,72,163742.6164
135.3651108,2,2,7,31,1.155783671,8.0,2.0,3.0,47,218130.9944
111.0774946,3,2,6,2,5.208130269,0.0,1.0,8.0,95,229556.4503
60.37504932,3,1,8,43,14.38895859,2.0,0.0,4.0,86,133571.0475
154.614316,2,0,14,19,3.890676239,8.0,2.0,3.0,47,233213.1938
118.0314024,4,2,19,8,11.95826488,4.0,4.0,2.0,68,173958.5417
179.9573489,4,2,4,6,9.535451411,9.0,4.0,1.0,42,220581.2932
196.3282258,3,1,9,41,17.48103817,9.0,3.0,5.0,87,186685.6071
178.3705014,3,1,16,38,6.749332119,7.0,2.0,5.0,66,230361.8451
51.75711263,4,1,12,20,14.03347541,7.0,4.0,6.0,65,147344.9323
103.9967097,1,1,4,35,9.327343423,3.0,0.0,5.0,36,143232.7282
128.1554909,3,1,18,25,16.98432126,8.0,4.0,2.0,62,124169.6149
52.77826917,1,1,12,1,4.082339425,3.0,2.0,6.0,47,147628.1656
101.8027521,1,1,4,48,11.52402275,9.0,0.0,9.0,78,155132.7971
155.6621603,3,1,4,1,15.77788207,7.0,3.0,8.0,19,192940.4548
143.2217602,3,2,2,5,10.1014086,7.0,3.0,6.0,95,184023.0311
190.1320997,4,2,14,23,9.037607676,0.0,4.0,4.0,34,252717.4016
130.3449205,2,2,19,20,8.686303451,5.0,0.0,9.0,15,208326.3084
138.4864965,1,1,39,13,11.18216332,3.0,3.0,1.0,63,147495.2285
159.5183044,3,2,9,40,18.18354664,1.0,2.0,5.0,47,148813.049
109.7331593,4,1,15,31,6.868418768,7.0,3.0,6.0,77,186892.6537
81.47656235,4,1,7,21,12.91648146,0.0,1.0,3.0,44,120846.9799
123.5688213,1,1,6,25,10.30044699,2.0,4.0,9.0,44,161635.5909
84.1121942,4,2,4,12,15.80842817,2.0,1.0,4.0,4,121872.812
88.15347227,1,2,15,22,15.79779378,2.0,4.0,7.0,18,117872.1053
115.1624938,2,2,10,2,8.271645765,7.0,3.0,6.0,49,189749.7731
96.7693823,2,1,5,14,8.447797209,1.0,1.0,9.0,77,169295.4829
154.4515233,4,1,8,16,1.034570401,9.0,3.0,3.0,48,258654.7547
106.6627759,2,1,2,48,16.76842994,7.0,1.0,6.0,32,128016.2667
76.94055163,1,2,14,44,13.28594044,7.0,0.0,1.0,16,121287.6617
53.70180926,1,2,6,22,15.62852026,3.0,2.0,8.0,82,107941.6945
60.08744472,3,2,9,4,9.941840799,1.0,0.0,1.0,12,153633.665
151.908916,3,2,10,30,18.48367628,7.0,2.0,9.0,42,164601.0455
118.0545267,1,1,8,10,1.553162159,9.0,2.0,3.0,2,199206.6024
130.4868817,2,1,4,25,3.190342472,7.0,2.0,5.0,23,201047.8595
198.5508421,4,1,6,21,2.617012254,7.0,1.0,1.0,6,255603.8412
149.4617305,3,2,12,47,11.77058091,3.0,0.0,5.0,18,181990.0075
89.49835651,2,2,4,20,5.106318372,9.0,4.0,2.0,50,172380.9802
53.09764992,1,1,19,41,12.904169,0.0,2.0,9.0,0,113478.7077
163.7567981,3,2,4,4,18.65859662,9.0,4.0,9.0,60,170595.2128
98.00257262,2,1,15,38,16.65376198,0.0,0.0,3.0,52,121069.3159
107.5195841,3,2,10,4,5.720177364,5.0,4.0,2.0,82,186939.3695
174.6572683,3,1,16,39,19.0536569,5.0,0.0,3.0,59,128842.3041
180.8975983,3,1,10,34,8.11540309,5.0,4.0,4.0,83,222294.7229
192.9187485,3,2,12,23,9.01483853,8.0,2.0,2.0,45,226507.5433
82.32615157,3,1,15,3,11.96863752,1.0,1.0,3.0,66,141857.0701
192.1055886,3,1,15,28,1.812892374,5.0,1.0,1.0,15,226746.7642
159.628371,3,1,3,96,7.36413627,6.0,4.0,1.0,33,200748.1099
88.09124639,4,1,2,38,16.36332724,7.0,4.0,2.0,49,141790.7779
81.99679661,2,1,11,29,14.07416375,4.0,2.0,6.0,3,130903.7385
127.7301071,1,2,6,36,13.018107,7.0,1.0,5.0,21,172803.9845
53.84940771,4,1,15,48,13.7775882,6.0,0.0,6.0,9,135447.4657
81.12051132,4,1,1,34,12.49570064,8.0,2.0,5.0,18,160044.6812
106.1254971,3,1,16,11,12.78800099,3.0,0.0,6.0,84,159140.5014
119.5363137,3,2,16,40,11.13513085,6.0,2.0,5.0,35,180970.3455
91.64430594,2,2,2,9,15.39719538,8.0,3.0,7.0,73,153035.4689
138.017652,3,2,1,18,8.020358707,5.0,0.0,5.0,88,187581.1551
179.5783409,4,1,9,26,10.02952843,4.0,4.0,2.0,87,205187.9699
109.4089554,2,1,6,21,7.185025045,5.0,1.0,7.0,15,194729.1537
134.8131968,4,2,6,34,8.421078766,0.0,3.0,1.0,57,197714.7103
77.49197543,2,2,14,11,2.774297855,1.0,1.0,5.0,41,176548.21
71.7271639,4,1,4,13,5.188647465,2.0,4.0,4.0,55,174298.3399
123.2084421,1,1,14,48,5.741293201,9.0,1.0,8.0,81,192008.2792
103.3419107,4,1,4,3,5.321933956,7.0,3.0,3.0,39,214464.0803
191.0647918,4,1,9,33,7.654212329,7.0,1.0,7.0,26,236474.5096
164.7987881,2,1,4,25,3.752645996,4.0,1.0,1.0,58,202897.7634
185.557961,3,2,12,20,7.510442251,2.0,3.0,7.0,82,242786.5489
62.51336532,1,1,4,1,3.324939446,2.0,1.0,9.0,64,171181.1397
132.8288705,1,2,12,18,12.27839585,4.0,3.0,8.0,38,157407.6973
137.6714103,3,1,12,24,4.413315327,0.0,2.0,2.0,95,197237.7011
194.2904568,4,1,11,47,2.103070093,5.0,3.0,2.0,66,272136.5698
86.12431699,2,1,5,37,8.979901429,5.0,3.0,2.0,60,136617.1071
65.04409134,1,1,13,37,14.17667047,1.0,0.0,5.0,2,89434.37391
150.487482,1,2,16,37,16.0725224,4.0,1.0,4.0,25,125641.3065
167.7729368,2,1,13,16,7.378067791,0.0,1.0,9.0,61,220960.6988
92.25951586,1,2,18,38,13.91459813,5.0,2.0,5.0,82,137061.3754
196.624271,1,2,4,8,16.51056517,8.0,2.0,5.0,88,181226.5311
181.4757868,0,2,15,47,4.55237643,8.0,1.0,3.0,38,251905.2037
194.2355232,1,1,7,21,6.264257092,5.0,4.0,5.0,3,227448.2065
84.75524397,3,1,2,90,3.571671172,8.0,1.0,3.0,85,193221.0663
192.3978234,1,2,16,8,18.67561144,1.0,0.0,6.0,57,166128.8875
191.2066557,2,2,12,37,12.3054677,6.0,4.0,3.0,80,197942.0427
169.8803881,3,1,8,48,17.9219899,0.0,4.0,7.0,30,149222.5047
144.5671905,3,1,9,10,6.825388631,5.0,1.0,6.0,80,208686.711
181.143195,1,1,4,6,16.76687134,5.0,1.0,9.0,9,173858.07
93.95304268,4,1,12,26,18.89196433,3.0,4.0,9.0,19,141759.6816
177.3415333,1,2,8,34,8.508492709,4.0,0.0,8.0,96,199638.5427
142.6815038,4,1,10,21,18.17848997,6.0,1.0,9.0,73,175471.1261
51.98552866,3,1,14,88,7.366629111,5.0,1.0,9.0,60,166906.3454
72.22112914,2,1,8,20,19.91892077,8.0,2.0,2.0,48,99091.37439
197.2744085,4,1,9,10,19.09579852,7.0,0.0,8.0,81,180508.5335
121.7555461,4,2,6,3,5.343748573,7.0,1.0,0.439973214,6,220466.5314
124.6087048,3,1,7,17,16.90683851,8.0,1.0,6.0,45,151793.002
105.2876909,3,2,8,26,0.346402101,6.0,1.0,9.0,37,137048.8583
70.53504075,2,1,19,43,17.14653495,7.0,3.0,9.0,47,123349.5797
173.31766,2,2,12,17,18.19346672,8.0,4.0,8.0,14,194505.4619
78.47718679,1,1,19,18,11.89979672,2.0,1.0,4.0,16,121316.0099
126.6978474,1,2,18,41,6.588875694,3.0,3.0,7.0,73,198435.0248
83.64755435,1,1,12,18,4.752975121,4.0,1.0,1.0,32,144544.6218
64.67667267,2,1,2,38,11.02956649,4.0,4.0,6.0,90,139883.721
195.9379234,3,1,15,39,15.09398407,4.0,3.0,2.0,22,158205.598
194.1251987,2,1,11,13,4.237281039,1.0,4.0,9.0,81,252260.3652
185.9833249,4,2,11,7,11.18187186,2.0,2.0,4.0,35,223613.4734
166.1070999,1,2,17,48,9.286086582,5.0,2.0,7.0,10,187651.148
99.9717728,3,2,16,25,4.956260009,6.0,4.0,5.0,10,201060.7969
62.1652085,1,2,2,34,11.50628403,6.0,1.0,1.0,94,110044.3165
111.0861757,3,1,11,15,6.242360714,9.0,0.0,4.0,31,174887.1997
69.87314521,2,1,16,10,4.802077553,5.0,3.0,6.0,36,165283.0653
58.01407727,1,1,17,38,18.0989082,0.0,0.0,7.0,57,72251.28023
51.71411879,4,2,10,12,12.59635745,1.0,3.0,6.0,95,153274.1514
165.5871123,4,1,12,0,3.316726761,1.0,4.0,5.0,28,223546.8631
72.04199681,4,2,1,17,12.97032666,1.0,2.0,1.0,54,137319.0766
61.92831239,2,2,18,20,6.168766447,8.0,2.0,3.0,69,181199.7333
63.44045514,2,2,8,24,19.17410022,3.0,2.0,5.0,82,98623.99119
150.8071711,3,2,3,49,8.488931055,3.0,2.0,6.0,58,218650.3802
86.80508148,2,1,7,10,12.54072458,2.0,0.0,2.0,46,122923.7994
113.08092,2,1,4,43,5.100453948,3.0,2.0,1.0,11,170580.561
133.6053187,4,2,14,42,17.36804785,3.0,4.0,8.0,45,181268.7304
159.0566394,2,1,12,40,5.667070933,8.0,3.0,4.0,82,203731.7102
90.54918579,2,2,6,27,18.30992165,9.0,1.0,9.0,40,136349.2265
69.72241989,4,2,17,43,1.762945419,4.0,0.0,2.0,62,200657.2458
89.31772239,3,2,9,28,16.8737285,3.0,0.0,1.0,58,113494.2645
118.421085,4,2,7,33,9.844233381,0.0,4.0,6.0,90,203584.7634
152.4922003,4,2,13,31,2.246059818,8.0,3.0,5.0,51,245403.6549
154.3438168,3,2,11,23,5.304365114,3.0,2.0,1.0,92,215180.9968
168.2818268,4,1,16,23,16.31078569,6.0,3.0,3.0,41,180781.9064
58.52721146,3,1,1,48,1.85632672,0.0,4.0,3.0,37,165375.4748
154.5495863,2,1,8,41,2.261766278,6.0,4.0,4.0,160,230438.4442
21.82485795,3,2,6,48,6.65285681,5.0,2.0,7.0,81,230808.2743
166.6111343,4,1,7,25,1.900618518,2.0,0.0,3.0,84,261541.8744
88.91338465,3,1,16,15,19.91854099,3.0,2.0,0.385739217,54,100775.6126
138.1399453,1,1,1,4,10.87214238,3.0,4.0,9.0,9,164836.8345
90.92328536,4,1,19,34,16.29816141,7.0,2.0,7.0,30,157844.5524
79.55814203,4,1,8,37,4.29203412,0.0,2.0,9.0,80,206362.3382
118.9783826,4,2,2,1,5.173042193,4.0,2.0,1.0,65,210023.33
169.9693827,3,1,17,39,7.402265209,4.0,3.0,1.0,61,193133.9635
61.54346705,4,1,19,13,9.50516651,9.0,2.0,25.6499766,56,155391.1483
96.02151493,4,2,9,27,1.988566428,2.0,3.0,8.0,87,220380.3365
136.6314423,3,2,9,24,14.38690063,8.0,0.0,8.0,99,177307.3174
193.9150011,4,2,17,30,11.26140753,3.0,0.0,1.0,90,215426.8777
114.5603659,3,1,8,46,8.731364258,4.0,0.0,5.0,55,180746.4501
126.5025278,11,1,5,34,4.660345483,2.0,0.0,6.0,94,225609.065
130.4266242,2,1,17,4,8.973969997,9.0,1.0,6.0,69,200990.2413
91.63941466,8,1,11,8,18.94909182,1.0,0.0,5.0,40,125981.5087
69.32908482,1,2,7,21,13.6056868,0.0,0.0,9.0,57,123101.7242
108.9013515,2,2,5,49,10.97803487,3.0,2.0,1.0,74,142030.531
193.4608584,2,2,17,25,8.910977227,8.0,4.0,1.0,68,196201.5071
131.5708925,4,2,16,35,3.94705377,4.0,4.0,2.0,29,222328.8875
118.5367132,2,2,15,25,12.06155648,8.0,3.0,4.0,89,167493.536
182.3062115,2,2,16,1,14.87469447,9.0,4.0,9.0,87,210101.7087
118.7905943,2,2,8,7,18.98341662,9.0,3.0,9.0,5,159472.2042
158.6251455,2,2,16,14,6.640204486,9.0,0.0,4.0,85,235995.3787
109.8537983,1,1,15,39,8.541205236,9.0,3.0,6.0,85,173930.4636
185.6066589,2,2,11,26,4.476086851,4.0,1.0,9.0,63,247266.3206
153.503753,3,2,5,28,17.68086969,1.0,2.0,3.0,94,147123.8424
154.9433081,4,2,10,48,16.65746726,5.0,1.0,4.0,53,166919.4414
99.15806023,4,2,9,6,15.724238,4.0,4.0,9.0,15,166389.5928
163.5167964,4,1,12,46,2.088510732,5.0,4.0,1.0,69,231897.5109
145.4091583,1,1,4,42,11.5776694,8.0,1.0,6.0,88,171674.9762
86.00304101,2,1,13,24,5.465257679,7.0,3.0,9.0,4,182433.9337
74.08082337,4,2,3,25,3.274018738,0.0,2.0,1.0,58,188519.5706
563.6159535,3,2,3,14,15.8506489,6.0,8.581849434,1.0,51,171553.2895
193.8749905,1,2,14,22,5.020046127,1.0,2.0,1.0,88,202143.049
118.7208241,2,1,19,14,10.51542227,1.0,2.0,6.0,7,163376.861
138.6476248,2,1,16,3,10.99583062,9.0,3.0,6.0,75,195112.5054
178.6583966,2,1,2,42,5.052358077,4.0,4.0,8.0,79,246628.6184
192.7811715,1,2,5,46,2.003578054,1.0,3.0,9.0,19,249762.3787
136.3626743,3,1,18,1,1.001376543,5.0,0.0,1.0,64,215091.9722
173.1150681,2,1,12,15,17.7261167,9.0,4.0,8.0,89,177353.4628
186.3265578,1,2,13,37,8.89618534,5.0,4.0,3.0,73,199957.6866
144.3347659,1,1,10,10,9.191057597,1.0,4.0,7.0,57,193394.0837
109.7651388,1,1,5,45,6.622330673,7.0,1.0,8.0,9,177234.2886
59.4069428,4,1,12,5,2.552089814,0.0,1.0,3.0,83,176755.1276
113.6048378,4,1,10,17,6.884198336,6.0,1.0,7.0,14,212593.1763
88.80261003,3,2,7,17,12.56093504,6.0,2.0,4.0,28,166948.7012
177.3557463,4,2,18,17,15.4929406,5.0,1.0,4.0,53,202257.1299
193.8474083,1,2,16,41,15.40686103,0.0,4.0,2.0,79,154980.5362
103.3053273,3,2,13,3,3.997280242,6.0,0.0,6.0,16,227049.6994
103.5060336,1,2,7,33,12.0815587,4.0,4.0,5.0,10,162841.7758
52.4492754,3,2,19,7,17.76946131,7.0,0.0,4.0,51,107638.6221
77.78484879,4,1,17,22,5.141243945,5.0,0.0,5.0,96,189588.6246
189.3937126,2,1,1,23,15.22021775,8.0,2.0,1.0,94,184785.0717
64.94223953,4,1,7,28,16.42907891,3.0,0.0,2.0,74,116453.164
191.79523,2,1,7,5,5.712880264,7.0,2.0,1.0,9,215867.9208
99.00513227,1,2,19,3,8.570202551,3.0,0.0,5.0,26,155018.1663
84.91161939,6,1,1,26,12.85620843,1.0,0.0,6.0,78,117878.013
142.169706,4,2,10,31,10.43217061,8.0,1.0,3.0,55,200251.535
54.96118872,3,1,18,12,15.69937487,5.0,2.0,1.0,65,114000.6406
52.34090967,4,2,11,11,17.07188429,4.0,3.0,7.0,97,135548.673
114.3193584,3,1,5,3,17.41271698,4.0,2.0,5.0,74,135737.5918
60.2111111,4,2,5,12,12.61897648,1.0,0.0,5.0,97,152959.777
87.79114824,3,1,19,82,12.63909799,1.0,1.0,3.0,51,142219.123
51.80543343,3,1,19,7,2.210256652,2.0,3.0,8.0,84,210150.8074
196.1384319,3,1,9,11,12.33923834,0.0,2.0,1.0,36,201310.0299
198.5517502,3,2,19,49,13.83511937,0.0,1.0,8.0,90,190896.8249
111.3581143,4,2,5,9,4.572151464,5.0,0.0,6.0,41,224867.7814
74.44316391,2,2,8,26,5.977109844,8.0,1.0,9.0,47,180992.5658
145.8142636,2,1,11,38,4.099510906,7.0,4.0,9.0,63,210433.4883
123.545802,1,2,4,16,17.01108648,5.0,1.0,1.0,30,102683.8537
198.4114666,1,1,16,27,6.325947247,8.0,1.0,9.0,58,230208.4145
59.79563107,1,2,15,6,11.68419988,0.0,4.0,8.0,56,131447.8884
167.4851657,3,2,14,19,3.681443647,1.0,0.0,5.0,94,238897.0415
86.90947775,1,2,3,38,7.248211442,2.0,3.0,6.0,65,141393.3116
127.5962776,1,1,4,14,7.003812965,0.0,0.0,8.0,23,176904.5595
113.6133483,1,2,4,20,15.60598151,6.0,4.0,3.0,48,140256.9584
93.05772799,2,2,19,48,7.170931297,6.0,1.0,1.0,9,154732.018
155.9862059,1,1,3,41,13.71466944,3.0,2.0,7.0,48,154650.0194
112.2285304,2,1,17,42,12.4557101,4.0,4.0,7.0,22,152117.9973
104.0818341,4,2,8,1,3.270796749,3.0,0.0,8.0,47,219413.93
174.2985372,3,2,11,39,9.34999637,0.0,1.0,3.0,83,211842.514
56.90109663,3,1,17,10,13.00553821,6.0,3.0,6.0,16,140555.0438
102.2779054,2,2,9,82,13.74075254,6.0,3.0,4.0,80,147237.3885
172.2449719,3,1,12,18,9.812818094,5.0,0.0,8.0,51,223273.6698
197.8237141,3,2,2,19,6.22290977,9.0,0.0,6.0,8,244855.835
185.7422518,2,2,6,12,4.570287251,1.0,2.0,5.0,96,234700.1943
198.8016865,1,1,11,39,1.291762795,7.0,4.0,4.0,15,227727.2184
87.41300616,3,2,8,45,17.36470677,2.0,3.0,6.0,62,118695.4832
65.88592323,3,1,5,42,10.35494527,6.0,1.0,6.0,26,156698.7992
192.6428917,2,2,19,18,10.81759658,0.0,1.0,4.0,83,192763.4478
85.01303832,4,1,16,45,3.180489717,1.0,3.0,4.0,69,193172.4616
153.4652398,4,1,3,74,3.047746585,1.0,4.0,4.0,96,218924.6427
58.75345385,3,2,10,7,7.341884693,0.0,2.0,7.0,98,166124.6099
159.6063649,4,1,1,16,10.80838224,1.0,3.0,3.0,64,185225.2498
106.8585344,3,2,1,38,16.79961019,6.0,1.0,5.0,23,156749.2723
106.1444275,4,2,14,37,8.170454303,1.0,2.0,7.0,74,202253.7537
162.3182386,4,1,19,8,1.533671847,0.0,4.0,5.0,24,247285.6592
75.77796486,4,2,2,12,2.615049957,6.0,4.0,1.0,96,225312.9682
95.67026111,2,1,2,7,19.71793898,6.0,4.0,9.0,42,128091.7649
85.6612739,1,2,3,41,5.49265855,9.0,2.0,7.0,25,184268.1282
125.3584186,4,2,15,7,8.143286195,1.0,4.0,4.0,68,190824.8817
191.38754,4,2,11,17,9.192137488,7.0,4.0,7.0,6,253590.8588
145.0996547,2,2,10,35,15.51349918,5.0,1.0,3.0,64,133328.6229
180.0934108,1,2,8,17,1.635685429,5.0,4.0,5.0,75,224737.5545
191.0314534,3,1,13,33,1.733832631,0.0,0.0,3.0,29,236269.1264
162.6147293,4,1,5,29,3.225239483,0.0,0.0,6.0,96,247402.1113
195.194835,4,2,18,33,8.876385728,5.0,4.0,6.0,73,251454.0286
117.7732524,1,1,14,9,6.397099914,4.0,4.0,9.0,86,187592.3465
60.63046673,4,1,14,22,10.29578857,8.0,1.0,6.0,31,175118.0177
72.85320585,1,1,19,17,11.35882275,5.0,2.0,8.0,58,146206.884
69.69339927,2,2,2,11,3.898312604,8.0,0.0,7.0,93,182724.2284
140.6176706,3,2,9,33,11.27146495,9.0,4.0,3.0,32,188609.7274
107.4212089,1,1,8,9,3.700973543,1.0,2.0,3.0,95,161507.7493
184.3078826,2,2,13,38,18.84678473,2.0,3.0,7.0,33,166850.4192
195.1692008,1,1,10,7,11.2579216,8.0,4.0,1.0,42,186573.3848
132.0327353,4,1,18,27,4.323390792,5.0,1.0,3.0,29,213274.4219
91.22353548,2,1,18,43,14.69220839,6.0,3.0,6.0,69,150464.8251
90.74791514,2,2,2,21,1.70700969,0.0,2.0,7.0,71,194752.6316
118.3166224,4,2,14,14,19.87418188,3.0,3.0,6.0,90,151139.2004
110.2570303,3,2,2,35,6.212997512,3.0,0.0,4.0,84,200813.2189
87.26201976,1,2,1,5,19.09272382,6.0,2.0,4.0,10,94089.9898
125.8799576,3,2,12,49,10.5348904,3.0,4.0,7.0,99,196273.5659
96.5571239,4,2,7,15,10.55729229,9.0,3.0,2.0,87,192579.8325
105.9552296,4,1,3,25,2.730324649,1.0,3.0,5.0,42,197645.896
162.5892534,2,1,7,40,14.92502143,3.0,2.0,3.0,57,141972.7037
100.0261199,4,1,5,44,10.85582893,3.0,2.0,7.0,54,167768.4688
188.623815,4,1,18,14,3.284885642,3.0,0.0,3.0,29,247021.6117
179.347782,3,1,17,37,4.33785482,9.0,4.0,3.0,24,236262.7595
88.04637864,4,2,16,13,7.882917594,1.0,0.0,3.0,88,178369.2141
116.9203269,2,2,8,17,11.60462213,0.0,1.0,2.0,18,138092.6097
65.69418331,2,1,17,6,2.45053552,6.0,0.0,1.0,63,185263.051
102.2713984,2,1,17,34,1.766574367,9.0,3.0,8.0,9,214610.8691
161.0146288,2,1,1,32,10.71095865,9.0,4.0,2.0,74,180105.4824
152.0771722,2,1,7,9,1.541526238,8.0,1.0,5.0,66,244386.5614
143.3576643,4,2,10,34,2.131487126,8.0,1.0,8.0,96,252957.0943
156.5792604,1,1,16,1,8.150487706,1.0,1.0,2.0,16,158434.3077
80.73855304,4,1,5,33,2.173802325,8.0,3.0,2.0,82,192203.8762
101.2547172,4,1,7,32,8.323922906,4.0,0.0,2.0,70,177461.7817
151.4363723,1,2,11,3,5.593259802,3.0,2.0,8.0,8,210607.0062
181.8852145,3,1,16,43,4.567635645,9.0,3.0,5.0,67,253569.8103
131.5517081,1,2,7,28,8.688916798,4.0,3.0,7.0,28,160242.6752
54.5352887,4,2,17,24,7.643147975,9.0,2.0,9.0,71,200680.7796
156.5505243,2,1,8,3,9.262598958,3.0,3.0,6.0,25,195890.0544
51.18261553,1,2,6,8,16.77005599,9.0,2.0,6.0,13,120186.9554
129.5805822,3,1,3,46,6.858430255,0.0,0.0,9.0,14,194084.8089
188.3167193,4,2,14,21,6.560198945,7.0,3.0,6.0,94,262670.8249
63.42418175,1,2,15,1,11.76384721,1.0,2.0,2.0,30,116207.3022
110.8913483,2,1,1,8,3.610874102,0.0,1.0,3.0,82,160315.7065
53.64697996,2,1,13,26,7.64453151,8.0,4.0,1.0,75,149278.1159
101.3916477,3,1,13,25,2.011111204,1.0,0.0,9.0,41,214415.8078
143.3346588,4,2,13,2,8.202294732,5.0,4.0,8.0,28,224392.5706
91.86019223,1,2,6,106,3.168875569,3.0,0.0,9.0,31,188484.8109
81.46249245,2,2,3,31,11.67444532,9.0,3.0,7.0,99,164215.0771
192.3291531,1,1,14,83,19.00097085,5.0,3.0,2.0,64,160599.6021
50.40548208,3,2,15,18,17.42817593,1.0,4.0,3.0,7,114092.0668
147.0794981,2,1,18,6,12.70502694,3.0,0.0,9.0,6,181230.4676
140.0588356,4,2,3,4,16.9867375,5.0,2.0,9.0,44,177998.0616
138.3109415,3,1,12,26,4.98415075,1.0,4.0,5.0,7,192072.8125
194.415548,4,1,14,22,17.60654763,0.0,1.0,7.0,59,182007.7609
52.53075101,3,1,18,7,17.47884268,3.0,3.0,3.0,34,96679.95158
172.0517975,1,1,14,23,10.65909297,5.0,1.0,5.0,15,171650.4025
100.0947304,3,2,6,22,13.90384993,9.0,4.0,6.0,10,154321.2742
168.6260245,1,1,16,13,13.549863,9.0,0.0,6.0,23,158214.8223
64.58643884,4,1,19,23,11.63552741,6.0,1.0,8.0,41,168835.0344
116.3053457,4,2,7,11,6.107799729,5.0,2.0,4.0,3,223693.7896
127.9928562,3,2,7,15,19.58989206,3.0,3.0,2.0,83,123065.2472
63.6328598,4,2,17,42,6.917551835,1.0,4.0,8.0,41,188522.788
84.16392523,3,2,5,6,14.84303348,9.0,1.0,1.0,75,127352.3268
111.5452344,4,1,6,40,12.54639145,2.0,2.0,7.0,33,187633.4705
183.0441172,3,1,4,27,6.772040226,0.0,4.0,2.0,23,211896.5649
142.8239252,11,1,3,27,5.075627018,1.0,0.0,7.0,22,222926.4118
197.0870199,1,1,1,47,12.88850722,5.0,2.0,3.0,43,171477.2978
180.7678602,3,1,6,17,10.60817912,2.0,4.0,3.0,74,183928.9784
125.4081142,3,2,2,2,5.462119804,1.0,4.0,6.0,81,212079.1506
188.3521973,1,1,4,105,2.047365986,8.0,3.0,6.0,44,241496.5798
131.2071191,4,2,1,15,1.359120297,3.0,2.0,4.0,88,227993.85
188.4959102,1,2,8,10,15.03142266,3.0,2.0,25.88422546,92,196263.6813
174.4846053,2,2,18,45,4.576810594,7.0,0.0,2.0,55,231484.4695
195.2429615,1,2,10,36,6.066228768,4.0,3.0,7.0,88,235453.6467
187.9674216,4,1,4,36,1.268131682,5.0,0.0,5.0,58,280053.7876
76.21580062,3,2,6,27,17.61446863,2.0,0.0,6.0,47,123251.8727
95.00433792,1,1,12,14,4.12258993,6.0,0.0,2.0,97,170000.3093
74.07014658,2,1,6,26,5.811967715,9.0,0.0,9.0,23,178406.3869
116.9591623,2,2,5,15,9.105558435,0.0,3.0,9.0,48,180396.0482
74.03456995,3,1,19,14,14.16346149,4.0,1.0,1.0,9,127835.8631
149.1676267,2,1,7,7,1.973339676,7.0,2.0,4.0,98,222812.3162
116.0395629,3,1,14,44,17.92149835,1.0,3.0,8.0,13,123889.2541
61.47301535,1,2,12,9,16.98966936,6.0,0.0,9.0,98,116724.5944
154.4694717,1,1,7,39,2.630143668,3.0,4.0,6.0,89,210125.5329
87.10981333,1,1,12,15,16.17375619,6.0,4.0,7.0,41,112808.9438
59.16178056,3,2,3,30,11.79491365,5.0,4.0,8.0,7,138895.8844
184.7093536,4,2,15,9,13.34356392,1.0,1.0,5.0,51,187948.9455
150.8873467,3,1,6,44,10.0224825,8.0,1.0,2.0,6,182784.3058
129.3409894,2,1,17,3,8.705294288,2.0,4.0,4.0,40,180232.1698
95.66695465,4,1,19,16,18.15322963,4.0,2.0,21.28429811,42,127033.5488
104.3283588,3,1,18,35,18.75754494,8.0,4.0,6.0,64,153421.1912
120.5973424,2,1,19,38,16.89638467,0.0,1.0,4.0,44,108662.9821
106.7367762,4,1,15,43,1.794401422,3.0,1.0,9.0,26,208224.4692
196.9290394,4,2,7,39,12.52405843,2.0,2.0,1.0,50,187777.7945
99.19820014,1,1,4,25,13.63229204,1.0,2.0,8.0,59,130836.3643
152.0522999,4,1,13,6,6.16717226,4.0,3.0,3.0,78,221997.1328
59.48114275,3,1,7,15,9.086976678,7.0,3.0,5.0,53,152058.6808
121.6469754,2,1,5,12,2.787788426,7.0,1.0,2.0,8,187565.0712
92.59999651,3,2,1,17,11.64972611,6.0,2.0,3.0,80,164495.9283
127.1769115,1,1,7,13,4.823356522,3.0,0.0,7.0,52,198626.0028
105.1891371,4,2,7,1,9.515851751,8.0,3.0,6.0,52,194806.8833
118.4779837,2,1,7,35,9.969467935,0.0,4.0,3.0,35,152604.8601
100.6216073,3,2,17,1,1.215398773,4.0,0.0,5.0,96,221034.7857
195.574054,2,2,1,17,3.707894883,4.0,0.0,8.0,27,233699.0541
70.01591476,4,1,4,5,12.86170109,0.0,3.0,7.0,54,150921.0656
64.52059298,3,2,6,37,19.86358205,4.0,4.0,2.0,69,99419.39052
138.6540351,2,2,8,6,3.284116677,2.0,0.0,3.0,90,205319.4028
148.8764708,1,2,17,31,16.60736564,3.0,1.0,6.0,90,138997.0175
109.5885121,4,1,12,43,9.199216702,9.0,1.0,3.0,21,188480.1167
199.8916991,4,2,9,21,2.590303975,8.0,1.0,8.0,65,276132.7606
158.2110002,3,1,2,46,5.332875865,2.0,1.0,8.0,11,216350.9091
145.6374042,3,2,15,16,8.9188532,7.0,3.0,3.0,31,203116.0636
196.4338495,2,1,3,42,13.214225,5.0,1.0,1.0,29,176890.036
183.4690485,4,1,9,29,9.189658783,4.0,2.0,4.0,13,222192.5017
100.3247255,1,2,12,34,10.5084602,8.0,4.0,2.0,6,142672.632
72.15283673,3,1,7,12,15.99450031,3.0,4.0,8.0,70,140861.1958
59.39540046,4,1,11,28,1.18512204,6.0,1.0,8.0,38,217544.063
128.299441,3,2,4,14,12.47693905,6.0,2.0,9.0,65,182187.9504
165.9625331,4,2,4,8,16.89934507,3.0,2.0,9.0,20,196903.9542
193.8111385,2,2,8,25,5.341176363,1.0,4.0,9.0,52,259178.2081
67.59807206,2,1,5,90,10.4147803,9.0,4.0,3.0,27,139192.1315
66.05062103,2,1,5,36,15.70700559,8.0,2.0,6.0,14,113275.7906
138.4542085,2,1,10,19,4.335972106,2.0,2.0,2.0,25,211559.8429
161.8097111,1,1,5,47,3.898661711,3.0,2.0,5.0,19,194753.905
109.9702538,4,2,17,28,17.03540392,15.12371532,0.0,2.0,28,148731.0711
107.0502775,2,2,1,16,11.24908984,3.0,3.0,4.0,78,145531.0953
72.1713015,3,1,14,16,10.27970448,9.0,1.0,9.0,9,173497.984
152.7401658,4,1,17,42,11.56888968,5.0,4.0,4.0,55,181143.2132
148.5142938,2,2,6,14,14.62334141,7.0,6.894779654,5.0,99,160878.4756
179.3093894,1,2,3,7,8.427808798,0.0,2.0,9.0,68,202876.4292
64.58869922,1,2,1,33,2.808196688,1.0,2.0,5.0,7,161378.5298
124.6665362,4,1,10,29,3.576340807,7.0,1.0,5.0,79,226994.8185
137.1622895,3,2,8,7,19.5041562,8.0,0.0,8.0,0,155587.407
86.23355601,1,2,17,15,1.982635584,6.0,2.0,9.0,74,208817.9306
75.35381092,2,2,15,32,14.52076741,3.0,3.0,2.0,18,120483.6558
178.9371255,2,2,39,7,18.92994904,6.0,2.0,6.0,85,162493.5516
58.78023834,1,1,13,34,3.455931398,1.0,0.0,6.0,72,158793.9553
120.5931356,4,2,16,47,14.72302318,0.0,1.0,7.0,15,169176.2881
67.3751002,4,2,19,27,6.746675362,9.0,0.0,3.0,86,179509.7691
118.5588142,1,2,11,33,5.502335348,3.0,0.0,2.0,97,159001.8426
196.994349,2,2,3,47,17.19982956,0.0,4.0,7.0,99,178284.7305
178.5687376,2,1,12,8,7.593959678,9.0,2.0,5.0,4,221126.1326
67.59733463,3,1,4,40,13.0203032,3.0,3.0,2.0,94,138438.2739
109.971821,4,2,11,38,17.74355787,1.0,2.0,2.0,98,145690.8714
150.7075218,3,2,10,28,7.054774691,6.0,2.0,6.0,82,224457.6201
101.7077191,2,2,5,39,13.4063727,1.0,1.0,6.0,79,134807.0463
157.0650303,4,1,15,46,17.65193626,6.0,4.0,8.0,4,180343.7655
145.8780349,4,1,16,24,1.292123219,0.0,3.0,9.0,97,243770.8339
109.8741718,2,2,2,13,17.25896998,9.0,2.0,4.0,58,122283.1897
114.7640191,0,1,1,10,11.87017254,6.0,2.0,5.0,17,114353.2819
142.179155,4,2,16,30,8.866292311,4.0,3.0,9.0,69,216817.2634
60.50632852,3,1,16,30,10.92970109,8.0,3.0,2.0,52,126778.899
148.0131742,3,2,10,24,14.72046144,3.0,3.0,1.0,25,165107.9056
158.9513697,2,1,18,25,10.52403216,4.0,3.0,3.0,13,179883.2413
130.5384502,2,1,11,10,10.26539419,4.0,1.0,9.0,24,159103.3762
66.57156665,4,1,11,5,18.08589654,4.0,3.0,6.0,54,129910.7335
110.755342,2,1,18,38,5.414501868,5.0,1.0,1.0,14,181422.902
110.8060374,4,2,8,12,2.81833222,7.0,0.0,7.0,45,230399.0514
98.15644851,2,1,3,23,13.89412426,8.0,3.0,8.0,23,144802.5255
160.5881364,4,1,17,38,11.79933451,9.0,0.0,5.0,88,203034.3614
66.46766871,1,2,13,41,5.988194356,3.0,3.0,2.0,88,152584.0736
140.94622,4,2,13,41,6.623108148,2.0,3.0,8.0,87,239030.8001
155.4826245,4,1,11,35,12.72382135,1.0,4.0,3.0,83,192158.084
145.2179484,4,2,2,47,6.186208505,0.0,2.0,9.0,25,219573.3523
193.8713378,1,2,9,34,10.49280304,7.0,4.0,9.0,77,203648.7294
65.49472326,3,1,1,14,7.309412648,1.0,3.0,6.0,12,167510.9404
180.0750739,3,2,12,34,10.69832535,4.0,4.0,4.0,14,197601.974
54.37853523,1,2,12,8,5.357914094,4.0,4.0,3.0,1,145865.5001
128.6275791,2,2,2,47,8.32882321,2.0,0.0,8.0,63,180596.9925
104.7649816,3,1,19,30,5.418757632,5.0,3.0,9.0,90,202422.3795
78.58503724,4,1,12,13,17.30998763,6.0,3.0,9.0,34,139380.221
52.86843462,4,2,18,49,8.632309054,4.0,1.0,7.0,91,165933.5028
127.7224721,3,4,8,36,3.20153314,3.0,0.0,4.0,12,198129.0317
176.4165294,4,1,10,35,14.45291131,1.0,3.0,8.0,94,209928.9462
105.9823934,1,1,5,2,6.319467796,0.0,2.0,2.0,56,157211.1549
62.07980052,4,2,15,44,12.85016776,9.0,1.0,5.0,22,150509.6661
62.79663847,3,1,2,49,19.28891305,2.0,0.0,3.0,89,102706.9991
83.20946694,1,2,15,10,4.630922812,6.0,1.0,4.0,78,156109.1251
65.00210914,2,1,1,17,6.399269088,7.0,3.0,8.0,34,153206.2871
89.75595475,3,1,16,4,18.71217681,0.0,3.0,6.0,10,126020.174
59.84073008,2,1,1,23,9.537288943,8.0,2.0,4.0,36,120282.3285
178.4414269,1,2,6,48,14.96069455,7.0,4.0,2.0,99,167746.9198
74.31803911,2,1,6,21,8.854317341,23.73657474,0.0,1.0,38,142366.7958
133.9523609,1,1,10,25,8.790978906,4.0,4.0,7.0,88,169358.6171
166.0183317,4,1,16,34,3.97191833,7.0,3.0,1.0,62,234508.4172
73.00533168,3,2,10,22,5.99062387,6.0,0.0,3.0,39,177107.827
79.93942132,2,2,8,37,13.03827528,8.0,4.0,4.0,47,135398.3343
114.9476309,1,1,10,45,8.573517474,8.0,0.0,3.0,2,153316.7542
129.2351134,3,2,9,13,17.22069962,1.0,0.0,4.0,94,143366.3258
102.4160438,1,2,2,27,15.65588923,9.0,2.0,9.0,59,119355.1629
189.0817711,3,2,14,47,14.56107179,4.0,3.0,1.0,47,167792.4766
54.34288235,3,2,18,20,10.77437732,0.0,3.0,8.0,90,149049.2682
184.3536937,3,1,1,19,3.164998358,9.0,1.0,7.0,42,249725.675
108.8853183,3,2,19,35,10.56170049,6.0,1.0,6.0,8,180190.5794
181.7558743,3,2,17,32,9.225080803,2.0,2.0,3.0,68,201326.5699
198.1023136,4,1,15,1,12.06817586,7.0,4.0,1.0,8,221657.5978
163.8923678,3,2,9,28,7.172574327,2.0,1.0,9.0,21,227196.4297
104.6816939,4,1,8,49,5.475577053,2.0,1.0,8.0,89,188856.7835
125.1594759,3,2,14,47,14.98212423,8.0,1.0,9.0,25,181475.5709
106.4583733,3,2,9,23,5.054049406,6.0,2.0,6.0,34,222651.0433
104.7367754,3,1,2,4,16.30047685,0.0,0.0,9.0,51,118107.1156
89.13567491,2,2,10,33,19.60405912,2.0,0.0,1.0,81,90512.78231
152.2609918,2,1,12,49,16.43545533,1.0,4.0,9.0,29,166544.5874
91.6010407,1,1,8,25,4.198986839,5.0,0.0,6.0,79,175969.9443
73.97679303,4,1,6,10,10.82344449,1.0,4.0,2.0,75,170471.0689
57.02095321,2,2,12,3,5.85867628,8.0,0.0,4.0,98,169862.8477
76.78699521,3,2,10,5,7.166878235,2.0,3.0,8.0,62,175138.3521
141.930013,4,2,0,10,10.44307089,1.0,2.0,6.0,71,208959.9604
182.2844755,1,2,17,27,9.269094889,9.0,2.0,7.0,71,214468.5034
194.9584957,4,2,4,9,18.76800807,7.0,2.0,3.0,25,183090.7783
126.1453321,2,1,8,38,13.09871887,3.0,0.0,6.0,50,147897.0666
95.06055247,2,1,6,41,19.18562623,1.0,0.0,4.0,56,91402.31792
132.4250859,2,1,4,35,4.618448704,8.0,3.0,2.0,16,181704.2499
189.6228076,1,1,9,45,11.71480826,8.0,4.0,7.0,12,190663.2472
128.1142156,1,2,4,39,14.02463272,5.0,0.0,5.0,47,158235.3471
90.08105478,2,2,2,28,14.58455026,0.0,2.0,2.0,25,119849.6723
87.15275337,1,1,15,37,3.502405687,1.0,3.0,2.0,99,171440.1954
178.8166202,3,2,1,19,9.905566011,4.0,0.0,3.0,79,209141.347
118.7754751,1,1,8,5,12.24796376,0.0,3.0,6.0,32,143398.383
116.6880932,2,1,19,25,6.610399451,3.0,3.0,9.0,58,170562.0942
182.1017185,4,2,16,31,9.585089799,7.0,1.0,25.39215987,55,252710.0229
198.7835494,2,1,2,17,16.56198355,3.0,3.0,5.0,63,184392.5121
106.51119,2,1,3,41,19.34362402,4.0,3.0,7.0,99,135381.6122
194.9221168,2,2,14,46,7.580225352,1.0,1.0,1.0,41,212487.6631
168.7819354,4,2,18,12,0.355892418,3.0,4.0,7.0,1,208005.2408
151.3533721,1,1,4,35,12.07834145,8.0,0.0,1.0,20,139917.541
86.73342191,1,2,2,18,16.23079746,1.0,3.0,8.0,28,125643.4393
82.46858914,3,1,7,7,3.884927203,1.0,0.0,5.0,93,193391.6688
74.90717368,2,1,3,25,16.98382722,7.0,0.0,7.0,6,126185.6229
94.11149936,4,1,7,30,1.663481823,9.0,3.0,9.0,68,230163.6429
117.9641368,1,2,10,3,11.77138825,8.0,0.0,5.0,7,168290.5725
166.7257393,2,2,17,47,10.432359,8.0,3.0,6.0,11,196757.6319
176.6352442,1,2,17,41,12.38884924,4.0,2.0,2.0,2,173923.6232
114.035654,4,1,15,40,18.61069471,2.0,0.0,2.0,22,130131.249
176.4282332,2,1,7,10,6.644083358,0.0,0.0,2.0,78,187042.7326
172.7049959,3,1,1,44,17.04675134,9.0,3.0,8.0,38,196903.8951
73.45750233,4,2,10,21,13.67185733,7.0,2.0,5.0,55,149632.1607
61.30386036,1,1,16,43,14.75678215,1.0,1.0,9.0,69,89051.48974
113.6994504,1,2,19,3,16.11451119,19.20364522,0.0,9.0,1,136001.888
86.98354097,2,1,5,8,18.27125606,4.0,3.0,8.0,10,120151.638
139.4649598,3,2,8,32,18.18395799,4.0,4.0,3.0,82,148359.5353
67.62884644,1,1,18,33,7.229876171,8.0,2.0,0.332843168,63,167816.5048
196.3825803,2,1,12,5,19.46748372,5.0,0.0,7.0,16,160330.9766
108.7695408,4,1,16,25,12.71165118,3.0,4.0,5.0,52,157320.683
86.32678912,3,2,11,43,10.4092666,2.0,4.0,2.0,40,151268.7712
87.55973193,2,1,19,9,5.379045333,4.0,1.0,9.0,81,184738.1159
55.99892029,3,2,1,27,2.253138534,3.0,1.0,6.0,39,179118.3142
111.2454363,2,1,7,28,17.2348434,6.0,3.0,7.0,18,137561.7285
106.6109859,2,2,5,35,3.678475839,0.0,4.0,5.0,45,169964.5292
171.4047457,4,1,12,44,7.181691548,3.0,2.0,2.0,54,206353.1283
156.355319,1,2,1,13,12.99134215,4.0,0.0,8.0,21,162759.9536
193.1500723,1,1,17,48,7.826724295,5.0,3.0,3.0,10,204396.5062
184.6314147,4,2,11,41,7.430567065,6.0,3.0,7.0,8,240529.6525
165.4950779,1,2,8,46,10.17072802,9.0,3.0,8.0,91,195980.5387
103.6136977,3,2,7,33,8.090723121,6.0,2.0,7.0,56,189548.8721
143.2498155,3,1,8,1,3.740718142,3.0,2.0,8.0,87,232615.1068
93.28549365,2,2,1,48,4.777443128,3.0,2.0,9.0,97,201044.9301
181.1599876,2,1,10,18,2.50568521,5.0,0.0,5.0,5,227209.092
66.86409758,3,2,12,13,9.885484287,9.0,2.0,2.0,19,156463.5949
81.86515419,2,1,13,17,17.06267476,9.0,3.0,9.0,84,120570.1208
161.784944,3,2,10,29,8.984240049,5.0,1.0,4.0,96,209774.8619
129.0361174,2,1,16,1,17.55623941,7.0,0.0,3.0,7,141071.9739
123.1514485,2,2,6,47,7.902957371,3.0,3.0,3.0,7,174539.9082
113.8102588,1,2,17,37,8.583132304,2.0,0.0,2.0,90,149899.2029
59.53306623,3,1,7,19,11.29702038,5.0,1.0,6.0,19,144639.3318
81.23798782,3,1,5,18,15.72396719,4.0,0.0,4.0,16,122505.7761
82.30973065,1,1,18,41,3.562861504,0.0,2.0,1.0,6,152742.8275
178.7506458,2,1,12,26,11.05284416,1.0,2.0,9.0,8,196574.2083
140.8567936,1,2,14,34,15.21106178,1.0,0.0,2.0,49,118490.6963
145.6193416,2,1,1,47,2.376220255,6.0,3.0,6.0,54,231725.1487
171.7907843,3,1,2,19,2.172831599,5.0,0.0,6.0,69,246296.4982
121.9076824,1,2,13,36,6.97639991,0.0,2.0,3.0,51,170492.4571
57.40234202,2,2,3,21,1.073463201,2.0,3.0,8.0,62,194719.4045
93.93328475,4,2,11,6,17.01097516,9.0,1.0,3.0,54,146719.202
157.2578896,3,2,11,36,9.903015561,2.0,3.0,2.0,72,203927.794
112.7163818,3,2,13,48,19.91844596,9.0,1.0,5.0,53,140035.8893
66.08161181,1,2,11,41,10.51474985,4.0,4.0,8.0,24,156480.7299
172.6008667,4,2,9,40,12.91410443,9.0,3.0,3.0,13,198686.7642
120.9714468,2,1,15,31,6.976487986,5.0,0.0,6.0,33,177075.3937
182.3425508,4,2,8,12,6.763765984,6.0,0.0,9.0,97,257909.7374
159.9933701,3,2,16,9,3.473894282,5.0,1.0,8.0,68,239854.2153
111.4589308,1,1,14,27,11.36260411,2.0,4.0,9.0,22,148047.8409
127.345752,2,2,9,32,9.490333525,5.0,4.0,4.0,91,172468.3532
160.591787,4,1,17,38,16.02013337,6.0,3.0,4.0,4,156486.7627
50.77294464,2,2,17,20,8.247466662,1.0,0.0,9.0,43,173009.1637
154.1236777,4,1,12,32,18.12841074,8.0,0.0,2.0,79,157910.8976
187.926111,2,1,1,7,4.601078172,1.0,3.0,4.0,93,222635.3976
156.5683639,3,2,13,38,18.68038491,5.0,3.0,4.0,86,143782.138
76.55086724,2,2,3,12,12.27244625,3.0,3.0,7.0,54,153117.0417
71.04740269,1,1,14,45,10.54085324,0.0,3.0,4.0,184,105482.7782
103.8492918,2,1,8,5,6.09044556,0.0,3.0,5.0,45,169853.2619
190.5675563,3,1,4,36,15.23169344,9.0,4.0,3.0,21,198623.9448
92.42552783,3,2,11,45,2.191993715,3.0,11.64225997,3.0,29,183433.9583
100.9446566,4,2,10,26,8.933378177,0.0,1.0,5.0,75,180325.561
140.0319302,3,1,3,13,17.85558786,1.0,1.0,6.0,75,136465.3938
194.4795943,4,1,15,1,8.74871286,5.0,1.0,3.0,82,208519.8886
72.17020011,2,2,12,33,15.12898067,6.0,0.0,8.0,13,142114.1602
88.53749655,3,1,9,7,3.154268853,1.0,6.436065363,8.0,98,197147.7915
181.0335241,1,1,5,36,17.47141591,4.0,3.0,7.0,31,162398.2222
123.7838348,3,1,16,42,10.5462035,6.0,4.0,8.0,47,202798.4203
77.82768463,4,2,7,20,11.20910227,1.0,3.0,4.0,79,165071.3816
129.9002881,1,1,12,36,15.61528799,0.0,4.0,1.0,39,104218.3204
97.48138398,2,5,1,43,14.85759319,0.0,2.0,7.0,62,127919.8375
117.0315446,3,2,6,24,11.96819339,2.0,4.0,3.0,68,156569.6183
114.9616174,3,1,10,26,7.967454653,7.0,0.0,2.0,39,170881.4674
187.2456155,1,2,12,45,9.218368474,2.0,3.0,4.0,92,198229.641
159.7616278,1,1,4,9,8.837128701,3.0,0.0,9.0,60,181196.4367
136.6564136,0,1,6,40,15.11025219,4.0,3.0,4.0,42,142050.3222
166.876915,2,2,16,16,1.713708645,3.0,4.0,3.0,79,234970.7124
169.3385553,3,1,2,5,17.84094123,3.0,4.0,6.0,98,160495.5677
165.6309135,2,1,9,27,9.026431958,2.0,3.0,3.0,77,196138.3039
160.3840845,2,1,12,12,6.044646721,5.0,3.0,2.0,33,211352.668
71.22597284,2,2,8,27,4.503619762,6.0,4.0,1.0,70,170875.3427
179.8918203,2,2,12,13,12.12725758,1.0,2.0,1.0,38,182097.9995
135.1769002,4,1,14,39,6.617379375,0.0,2.0,2.0,84,196134.803
143.1753871,2,1,9,14,13.34810679,5.0,1.0,8.0,58,166871.0563
124.7269349,3,2,5,23,9.031721657,8.0,2.0,8.0,9,194396.9543
144.1602134,2,2,11,27,12.69322079,2.0,1.0,9.0,54,172063.6894
110.2141924,1,1,17,6,7.910348751,8.0,2.0,9.0,9,179870.3212
112.5037635,1,2,3,19,1.260794861,4.0,2.0,4.0,99,192334.4619
171.6257923,4,2,14,45,9.97331964,9.0,2.0,3.0,46,219801.5674
102.2287914,1,2,12,47,2.741709117,2.0,1.0,7.0,70,179713.5554
22.39598343,4,1,14,29,12.9352235,5.0,3.0,6.0,18,140183.0964
187.7819677,4,1,9,10,18.80070496,4.0,2.0,1.0,7,151545.063
68.01802732,2,2,4,6,17.7281202,6.0,3.0,2.0,91,109258.461
100.1710612,4,2,13,27,14.56474537,1.0,0.0,4.0,12,138032.1485
58.53158887,4,1,10,21,3.273060065,3.0,4.0,6.0,9,208958.0402
21.64969491,3,1,15,48,7.085590369,2.0,2.0,5.0,94,219462.2081
179.5205974,2,1,6,43,11.83007263,6.0,0.0,6.0,63,193236.1068
134.975916,2,1,14,13,11.16404653,2.0,3.0,9.0,20,168482.8194
101.3513565,1,1,8,46,16.21034599,7.0,1.0,8.0,61,150615.7881
163.6046215,4,1,10,28,14.89198577,8.0,3.0,7.0,82,204074.3486
127.5989125,2,1,19,11,1.825459359,8.0,2.0,6.0,98,215901.7714
122.7448468,3,1,8,10,9.132526852,5.0,4.0,4.0,35,187623.8871
185.1743256,4,2,4,6,10.48445486,4.0,4.0,6.0,41,230473.6945
133.1967588,2,1,11,14,9.50910433,2.0,4.0,3.0,2,163856.4737
158.8360301,4,2,6,18,13.39614832,4.0,4.0,1.0,25,191759.5445
55.78358691,2,2,2,46,5.890462731,8.0,3.0,8.0,70,181168.18
165.9665079,3,2,18,26,1.848517663,7.0,0.0,1.0,92,235697.1368
82.53053751,3,2,3,4,10.56590358,2.0,4.0,4.0,64,156980.0813
185.472447,1,1,4,1,18.49040027,5.0,1.0,6.0,30,159173.9648
56.43862859,4,2,2,15,1.559365384,2.0,2.0,2.0,65,183791.7544
99.96080517,1,2,12,15,1.261090268,1.0,4.0,8.0,72,220820.9396
64.95994209,2,1,2,24,12.16721365,4.0,0.0,1.0,59,122528.8569
121.3383676,4,1,3,7,0.466655192,2.0,1.0,5.0,48,175641.6605
21.2053592,2,2,18,16,1.298420622,1.0,1.0,9.0,67,272567.1736
94.72810395,1,1,8,6,2.958306263,3.0,2.0,4.0,43,167041.2929
72.6402346,2,1,9,1,16.8914982,7.0,4.0,4.0,85,119648.5672
99.54005535,2,2,19,40,9.600130483,0.0,3.0,8.0,95,164949.4633
71.05759367,4,1,16,18,3.962489199,6.0,1.0,6.0,80,210171.5196
84.10436736,4,1,2,33,12.61703198,3.0,4.0,5.0,84,143708.5576
60.32779467,4,1,10,30,7.244653901,1.0,3.0,5.0,78,157002.0299
155.8565066,2,2,7,32,1.488399409,5.0,3.0,6.0,34,236252.3622
96.62599657,1,1,16,12,1.614705595,5.0,0.0,3.0,62,177787.0198
100.3966314,2,1,14,32,4.016596721,1.0,3.0,8.0,69,188441.2772
82.64942652,4,2,9,39,2.775463662,4.0,2.0,2.0,49,189327.2386
196.0728045,3,2,5,23,3.824190235,3.0,3.0,8.0,35,250467.2894
74.35369219,3,1,15,8,9.493295811,2.0,0.0,7.0,66,142376.4516
93.626136,2,1,14,36,3.661590127,0.0,1.0,2.0,83,154224.7076
76.96929363,1,2,15,20,15.19178452,3.0,3.0,9.0,99,126870.626
101.8258485,3,2,1,6,10.26717116,2.0,4.0,4.0,48,159288.8421
122.0091332,1,1,19,1,17.71322453,3.0,4.0,7.0,19,119251.4805
128.3263804,3,1,6,44,1.72420163,9.0,2.0,9.0,35,232308.1356
178.0409063,3,1,19,2,17.24876938,1.0,1.0,3.0,52,161010.7601
183.4171863,3,2,10,15,38.12481944,2.0,3.0,5.0,38,254370.6526
83.01557912,4,1,2,19,18.58705998,6.0,2.0,3.0,70,120912.3549
143.4341048,4,1,9,42,7.19478108,9.0,0.0,7.0,50,222857.0897
118.845479,1,1,8,37,1.450187451,5.0,2.0,5.0,69,195312.6428
122.3876363,1,2,11,12,18.41571811,5.0,1.0,1.0,2,124098.6996
159.4741453,2,2,12,24,13.57395387,9.0,1.0,5.0,11,184093.7983
60.37739882,1,2,2,25,6.388763765,9.0,0.0,5.0,20,156152.9369
181.8760007,2,2,2,9,5.957263195,2.0,3.0,3.0,73,222950.9508
160.2220662,4,1,7,20,4.239105052,6.0,1.0,7.0,27,230936.5499
76.47490833,2,1,7,3,16.23553957,7.0,1.0,5.0,50,124921.3895
190.8741364,4,0,6,29,9.331058231,4.0,0.0,9.0,99,229126.4998
125.9468336,4,1,5,39,6.261966617,1.0,0.0,1.0,68,177766.8355
199.9712867,4,2,3,47,19.10357073,3.0,4.0,5.0,11,174270.0854
79.58892115,1,2,9,83,16.24257581,9.0,0.0,2.0,3,109762.0447
138.6598071,3,1,9,34,13.77111175,0.0,2.0,5.0,93,146879.771
188.25786,4,1,10,11,7.158879924,2.0,0.0,2.0,49,211477.5822
170.7895783,3,1,7,24,14.06267048,5.0,4.0,5.0,46,176602.1479
158.5912098,2,2,15,14,19.27148546,5.0,3.0,9.0,6,165336.2505
133.8760673,4,1,8,47,15.82683222,5.0,2.0,6.0,70,162667.5151
123.854211,4,2,4,1,15.16513096,4.0,3.0,1.0,95,163554.3156
181.0748268,4,2,1,44,9.898301671,0.0,0.0,7.0,39,219603.268
165.6838194,4,1,5,47,13.86685786,3.0,1.0,3.0,49,156594.465
51.82567354,1,2,19,1,3.709237258,2.0,3.0,7.0,71,161757.1088
84.4351167,4,2,19,9,13.66833632,2.0,2.0,8.0,3,152273.0507
126.0294438,2,1,19,4,17.93458611,1.0,2.0,6.0,22,108861.0303
160.5279743,4,2,15,12,12.57790911,0.0,1.0,9.0,66,197467.8326
190.7618033,3,2,11,2,13.68478131,0.0,1.0,5.0,24,208670.7676
84.29698265,1,1,7,7,4.711032925,8.0,0.0,8.0,72,176553.5646
151.5711716,2,1,10,47,14.91126412,9.0,3.0,5.0,26,171480.0825
