date,day_of_week,month,station_name,visibility,precipitation,temperature,num_people
2023-01-01,Sunday,1,Jamsil Station,9.047398718,2.136081265,18.02311305,13075
2023-01-03,Friday,1,Hongdae Station,13.31989521,16.6471425,11.03255021,12454
2023-01-04,Sunday,1,Sillim Station,12.55128897,18.38621734,12.34224304,10093
2023-01-06,Friday,1,Hongdae Station,5.350641455,19.17043821,30.78783577,13413
2023-01-07,Friday,1,Seoul Station,8.592605016,8.924651411,-0.677077938,10889
2023-01-08,Sunday,1,Seoul Station,9.715922946,11.29594136,10.85510274,11706
2023-01-09,Tuesday,1,Seoul Station,8.212264701,16.49423436,-2.219729641,9912
2023-01-10,Wednesday,1,Gangnam Station,9.720989049,10.73132053,18.62318459,13888
2023-01-11,Sunday,1,Jamsil Station,13.22013494,11.72886216,13.56041606,10563
2023-01-12,Wednesday,1,Gangnam Station,6.708446941,3.355835595,17.02992113,12474
2023-01-13,Wednesday,1,Jamsil Station,13.62338411,8.721686815,16.53122563,12302
2023-01-14,Friday,1,Jamsil Station,11.76945284,0.87497815,24.90708254,15037
2023-01-15,Thursday,1,Hongdae Station,10.53643362,1.565889004,20.38132965,13091
2023-01-16,Wednesday,1,Hongdae Station,8.572766889,24.64695048,23.30507958,13171
2023-01-18,Friday,1,Jamsil Station,6.747564571,6.543171266,26.93170865,13816
2023-01-19,Tuesday,1,Gangnam Station,13.43353096,6.134690367,7.776372605,11049
2023-01-20,Thursday,1,Gangnam Station,13.07522312,1.892455282,8.351304574,11371
2023-01-21,Saturday,1,Hongdae Station,7.187430743,10.14400937,17.70842577,12308
2023-01-22,Saturday,1,Seoul Station,8.89474401,10.89722093,18.01918263,13684
2023-01-23,Tuesday,1,Jamsil Station,10.86628954,4.258191831,4.281431978,10677
2023-01-24,Thursday,1,Gangnam Station,9.400981724,6.013567115,13.26720708,11709
2023-01-25,Friday,1,Hongdae Station,6.162650486,5.823673388,29.88235317,14205
2023-01-26,Monday,1,Gangnam Station,8.684454479,12.88548618,0.316634385,12417
2023-01-27,Thursday,1,Jamsil Station,13.9020686,6.764873104,29.85219241,14306
2023-01-28,Tuesday,1,Jamsil Station,8.820042819,5.823298867,12.58301549,11782
2023-01-29,Saturday,1,Sillim Station,9.673065327,11.59031349,-8.377548334,8162
2023-01-30,Friday,1,Seoul Station,7.709645152,2.244897095,1.332682665,10245
2023-01-31,Thursday,1,Sillim Station,11.17552597,14.14021959,5.365224623,11290
2023-02-01,Monday,2,Hongdae Station,10.2303036,4.484448728,8.760706992,12992
2023-02-02,Monday,2,Gangnam Station,8.515960517,19.11876519,13.95286741,13709
2023-02-03,Wednesday,2,Hongdae Station,7.390689208,0.509111826,-12.0348013,8275
2023-02-04,Wednesday,2,Jamsil Station,12.80908675,11.96179068,16.86804392,12159
2023-02-05,Sunday,2,Sillim Station,6.788913187,1.714650915,4.449094917,9629
2023-02-06,Tuesday,2,Sillim Station,11.00763139,0.580318027,28.90522572,14646
2023-02-07,Thursday,2,Sillim Station,5.692241511,1.639260138,12.29823279,12905
2023-02-08,Thursday,2,Hongdae Station,11.41442337,7.316480155,24.42846172,13362
2023-02-10,Saturday,2,Gangnam Station,12.18956742,3.082940861,25.83273243,14099
2023-02-11,Saturday,2,Gangnam Station,9.677583063,1.916175698,9.33593257,11574
2023-02-12,Sunday,2,Hongdae Station,13.16800721,6.265468123,9.207998423,11826
2023-02-13,Saturday,2,Sillim Station,,0.318172087,12.75026701,12299
2023-02-14,Wednesday,2,Seoul Station,9.356753728,13.87824839,21.36237375,13866
2023-02-15,Thursday,2,Hongdae Station,9.09798994,2.251330935,9.893047302,11527
2023-02-16,Sunday,2,Hongdae Station,10.29835452,17.44053896,13.80737526,11313
2023-02-17,Thursday,2,Jamsil Station,9.044639708,3.233592046,17.73593816,14011
2023-02-18,Monday,2,Gangnam Station,8.752259608,11.28715861,5.95108074,13399
2023-02-19,Wednesday,2,Hongdae Station,8.92652292,7.264820898,5.318917117,11581
2023-02-20,Friday,2,Hongdae Station,13.43151202,22.71095899,13.41736119,10858
2023-02-21,Wednesday,2,Sillim Station,11.54376399,23.37606733,14.74178815,10883
2023-02-22,Sunday,2,Sillim Station,9.038107745,10.91021557,19.3388548,12841
2023-02-23,Friday,2,Seoul Station,5.089749949,24.91252602,21.71886575,12928
2023-02-24,Monday,2,Jamsil Station,6.911071013,8.557929749,4.009371794,13313
2023-02-25,Sunday,2,Seoul Station,11.00685817,12.68517114,6.879150681,11067
2023-02-26,Tuesday,2,Sillim Station,5.756888117,17.61933877,5.292477124,9649
2023-02-27,Thursday,2,Gangnam Station,10.58598705,6.797184531,29.12447402,14180
2023-02-28,Monday,2,Sillim Station,7.86887255,10.52377462,13.7972941,14602
2023-03-01,Thursday,3,Jamsil Station,10.18361155,12.88963355,15.16129295,12975
2023-03-02,Saturday,3,Sillim Station,10.1277126,0.281404056,15.57774364,12573
2023-03-03,Tuesday,3,Jamsil Station,10.24117987,1.02470179,7.843299863,12893
2023-03-04,Tuesday,3,Jamsil Station,9.211156306,7.978949165,30.64269519,15704
2023-03-05,Monday,3,Jamsil Station,9.145428749,10.6628088,19.11026655,13775
2023-03-06,Tuesday,3,Jamsil Station,8.558419162,6.50134634,15.3959053,12192
2023-03-07,Friday,3,Jamsil Station,10.96778463,11.35729536,3.947435788,10262
2023-03-08,Tuesday,3,Gangnam Station,11.61038535,2.068571341,3.380675083,11903
2023-03-09,Thursday,3,Seoul Station,7.562054955,4.572962053,11.91092468,11794
2023-03-12,Thursday,3,Jamsil Station,10.36754227,26.26435589,11.2904198,11402
2023-03-13,Sunday,3,Gangnam Station,10.33353924,9.329766827,12.83571972,10736
2023-03-14,Thursday,3,Sillim Station,9.195930379,13.40009827,16.4178542,11797
2023-03-15,Friday,3,Gangnam Station,10.55806085,24.81579165,9.960805286,10230
2023-03-16,Sunday,3,Jamsil Station,11.23605742,1.708360367,4.923993053,9694
2023-03-17,Wednesday,3,Gangnam Station,10.28207331,11.29699853,5.27079114,10390
2023-03-18,Saturday,3,Gangnam Station,,12.68342949,27.12972729,13521
2023-03-19,Monday,3,Jamsil Station,11.98070682,19.47861436,2.482423136,12038
2023-03-20,Thursday,3,Gangnam Station,6.298119284,6.371413805,18.63182298,13747
2023-03-21,Tuesday,3,Hongdae Station,11.88692768,4.394057838,20.1954633,12880
2023-03-22,Thursday,3,Hongdae Station,10.68485553,5.213822111,13.78724524,12002
2023-03-23,Tuesday,3,Gangnam Station,7.776749345,8.777276623,32.67829058,16056
2023-03-24,Saturday,3,Sillim Station,11.60494176,16.22863954,20.01718993,12363
2023-03-25,Saturday,3,Jamsil Station,9.203358188,10.17543776,33.42903048,14526
2023-03-26,Saturday,3,Hongdae Station,9.476067127,3.485867699,8.489359981,12433
2023-03-28,Thursday,3,Gangnam Station,10.60479769,8.010444763,20.27537159,14390
2023-03-29,Saturday,3,Sillim Station,8.429293715,22.4501643,12.38534363,11772
2023-03-30,Friday,3,Seoul Station,11.80294926,6.656589436,31.85665425,14614
2023-03-31,Sunday,3,Hongdae Station,9.722274826,1.169165864,18.41700384,13524
2023-04-01,Tuesday,4,Gangnam Station,9.271595033,9.496090301,4.554257801,11806
2023-04-02,Tuesday,4,Jamsil Station,11.50575136,6.984853193,-2.368164085,9598
2023-04-03,Thursday,4,Gangnam Station,9.360886475,10.70993356,14.21761408,11594
2023-04-04,Tuesday,4,Jamsil Station,11.89635365,4.843479384,14.1087687,13601
2023-04-06,Saturday,4,Sillim Station,7.330392324,0.438718658,27.10690574,15309
2023-04-08,Saturday,4,Sillim Station,7.075928057,2.856795966,9.210989677,12920
2023-04-09,Sunday,4,Seoul Station,12.34316105,9.556186195,2.061805982,9011
2023-04-10,Sunday,4,Jamsil Station,14.05671438,3.521430002,2.65878865,10751
2023-04-11,Saturday,4,Sillim Station,11.74966888,6.076950056,7.631982947,10930
2023-04-12,Sunday,4,Seoul Station,5.686038711,9.11786291,11.33268452,11390
2023-04-14,Monday,4,Gangnam Station,14.49225793,6.916608917,6.990324031,12419
2023-04-15,Saturday,4,Seoul Station,9.393936718,27.8894749,17.80391971,10984
2023-04-16,Friday,4,Hongdae Station,9.93059336,10.56763346,18.62040146,13592
2023-04-17,Friday,4,Seoul Station,7.623026556,4.423920363,16.43343883,14073
2023-04-18,Tuesday,4,Seoul Station,10.62415884,16.23239325,3.71377003,9757
2023-04-19,Sunday,4,Jamsil Station,12.53835437,8.01619248,19.67826725,11793
2023-04-20,Friday,4,Gangnam Station,11.39547426,11.87966952,35.81269629,16075
2023-04-21,Tuesday,4,Hongdae Station,16.28393395,18.75666011,17.45896827,12803
2023-04-22,Monday,4,Sillim Station,10.06605409,10.98249375,-14.53075101,8851
2023-04-23,Thursday,4,Sillim Station,6.738653265,2.616882062,27.40879572,14136
2023-04-24,Thursday,4,Seoul Station,10.34194194,8.098772846,7.972522233,11186
2023-04-25,Thursday,4,Jamsil Station,5.16709647,4.705652691,37.6571269,15455
2023-04-26,Friday,4,Jamsil Station,8.93379215,27.78333029,16.16363451,12278
2023-04-27,Monday,4,Sillim Station,13.24876412,10.46695324,-1.84700694,12384
2023-04-28,Friday,4,Hongdae Station,10.6502673,3.873761707,-5.6469749,9084
2023-04-29,Sunday,4,Gangnam Station,10.35883363,10.09692759,30.39740763,13278
2023-04-30,Friday,4,Hongdae Station,13.64156075,6.211469018,26.05904986,13958
2023-05-01,Monday,5,Gangnam Station,,13.23228878,37.26018886,16526
2023-05-02,Monday,5,Sillim Station,12.52364083,4.194481082,15.10924486,15258
2023-05-03,Sunday,5,Gangnam Station,10.25861395,0.056563599,14.43470117,11609
2023-05-04,Monday,5,Jamsil Station,10.76009493,0.725866638,11.17281208,13308
2023-05-05,Monday,5,Seoul Station,7.565390288,10.35141435,8.417097587,12324
2023-05-06,Thursday,5,Seoul Station,9.03590641,12.59387939,11.07570446,11270
2023-05-07,Sunday,5,Sillim Station,7.204963534,18.61210115,17.17463332,11590
2023-05-08,Wednesday,5,Jamsil Station,9.809509844,4.949998932,6.560992131,10875
2023-05-09,Wednesday,5,Hongdae Station,10.78080469,10.25977558,-1.692893469,9361
2023-05-10,Monday,5,Jamsil Station,7.77992379,3.782960456,16.59876634,13908
2023-05-11,Wednesday,5,Seoul Station,14.09835785,4.077657954,6.338044013,10933
2023-05-12,Wednesday,5,Seoul Station,10.55621204,9.01825854,-17.39437725,8583
2023-05-13,Monday,5,Jamsil Station,10.11559117,9.076562536,20.52567391,14141
2023-05-14,Wednesday,5,Jamsil Station,11.5393155,10.28768106,3.919409619,11761
2023-05-15,Friday,5,Seoul Station,8.342143838,5.574711922,21.61789455,14211
2023-05-16,Tuesday,5,Hongdae Station,10.32695496,2.498114072,21.37848107,13497
2023-05-17,Sunday,5,Sillim Station,8.566267559,19.85868276,17.83590012,11664
2023-05-18,Tuesday,5,Sillim Station,13.11735982,2.794275325,39.9681784,16161
2023-05-19,Monday,5,Jamsil Station,7.882721301,8.06014398,13.6194815,13297
2023-05-21,Sunday,5,Seoul Station,10.65863157,9.634430724,21.83672421,11944
2023-05-22,Monday,5,Seoul Station,10.78965149,10.46522631,14.44552638,14589
2023-05-23,Thursday,5,Jamsil Station,8.837529654,13.94577679,26.60493537,13119
2023-05-24,Tuesday,5,Jamsil Station,8.208981196,16.16663761,2.311940924,9480
2023-05-25,Monday,5,Jamsil Station,8.866409654,0.100498448,2.478255525,12157
2023-05-26,Sunday,5,Hongdae Station,11.05665087,9.686057965,22.65809491,13631
2023-05-27,Sunday,5,Sillim Station,9.712308458,18.87644307,3.351890607,8349
2023-05-28,Saturday,5,Jamsil Station,11.59241762,5.660955597,21.09098606,14483
2023-05-29,Friday,5,Gangnam Station,10.95400744,3.447164618,18.70002846,12945
2023-05-30,Wednesday,5,Gangnam Station,5.446174604,3.180860496,8.05511714,12679
2023-05-31,Thursday,5,Seoul Station,10.49499559,13.83861203,18.6717016,13372
2023-06-01,Saturday,6,Sillim Station,14.50090954,2.822264176,2.654075542,10670
2023-06-02,Wednesday,6,Jamsil Station,12.6505381,4.927999542,5.001000737,10717
2023-06-03,Wednesday,6,Gangnam Station,10.84402632,11.15030194,12.62812262,11462
2023-06-04,Monday,6,Sillim Station,7.881215739,24.01523683,15.78927819,12453
2023-06-05,Wednesday,6,Seoul Station,10.95510743,25.00367512,11.96361463,10302
2023-06-06,Friday,6,Hongdae Station,11.47949988,2.310738351,19.33115964,13269
2023-06-07,Sunday,6,Sillim Station,9.492506638,7.419363695,18.88466415,13146
2023-06-08,Saturday,6,Sillim Station,10.63348412,12.04697013,30.29366808,15101
2023-06-10,Monday,6,Sillim Station,8.285451161,17.44688046,26.94563431,14472
2023-06-11,Friday,6,Seoul Station,7.88340079,14.1616718,24.20725513,14155
2023-06-12,Tuesday,6,Seoul Station,11.38539865,16.26200087,37.93977283,15010
2023-06-13,Sunday,6,Hongdae Station,10.91508527,2.263039038,13.7274198,12346
2023-06-14,Sunday,6,Jamsil Station,12.05767659,9.871644402,10.79641279,10387
2023-06-15,Saturday,6,Gangnam Station,11.13958762,11.57524413,27.57694222,14902
2023-06-16,Sunday,6,Jamsil Station,8.864489874,9.414214995,18.85432572,11517
2023-06-17,Wednesday,6,Sillim Station,10.8643853,3.649506516,27.81659217,15933
2023-06-18,Monday,6,Gangnam Station,7.715746913,1.354508535,22.16798798,14937
2023-06-19,Sunday,6,Hongdae Station,9.499362577,9.615561773,-6.067620914,9126
2023-06-20,Sunday,6,Hongdae Station,11.00559846,9.917963316,18.76321777,12861
2023-06-21,Tuesday,6,Gangnam Station,9.278971567,22.02055154,18.11215898,12872
2023-06-23,Thursday,6,Gangnam Station,6.215631502,2.616459061,13.67756946,12089
2023-06-24,Friday,6,Sillim Station,8.905019286,3.182247241,-0.921435278,11434
2023-06-25,Wednesday,6,Seoul Station,8.124440332,6.733414237,23.74176917,13416
2023-06-26,Sunday,6,Hongdae Station,8.599302385,13.79176301,18.73768428,11105
2023-06-27,Sunday,6,Gangnam Station,8.714003553,3.478000196,26.01956697,13066
2023-06-28,Monday,6,Jamsil Station,7.347158626,1.840412736,-0.387555243,12707
2023-06-29,Thursday,6,Jamsil Station,11.5054043,16.03130706,20.0713449,12506
2023-06-30,Friday,6,Sillim Station,8.905809405,11.61995567,12.65340662,11414
2023-07-01,Thursday,7,Jamsil Station,10.32714667,10.38977976,16.4378801,13462
2023-07-03,Friday,7,Gangnam Station,8.618239175,14.83152211,20.43607927,12334
2023-07-05,Sunday,7,Gangnam Station,11.84586436,2.926942822,4.480850749,9894
2023-07-06,Friday,7,Sillim Station,6.2635992,12.46100987,15.86425419,13243
2023-07-07,Sunday,7,Seoul Station,6.051725103,11.25035969,12.85825463,10315
2023-07-08,Wednesday,7,Sillim Station,12.08521767,5.921795096,14.16606379,11988
2023-07-09,Friday,7,,8.960293217,1.834416477,-16.87811476,7457
2023-07-10,Thursday,7,Gangnam Station,6.701835332,9.057547307,21.82636084,14296
2023-07-11,Friday,7,Seoul Station,12.09147027,4.312675797,11.85336383,11925
2023-07-12,Sunday,7,Gangnam Station,10.3382481,3.910239077,1.51846426,9286
2023-07-13,Wednesday,7,Hongdae Station,10.50314217,15.33963256,24.22563517,12751
2023-07-14,Wednesday,7,Gangnam Station,11.61907854,1.529579913,21.36365728,13463
2023-07-15,Saturday,7,Gangnam Station,7.380045683,17.133814,11.72679804,10820
2023-07-16,Thursday,7,Gangnam Station,6.736998357,5.631792276,3.478306205,10241
2023-07-17,Tuesday,7,Seoul Station,13.16190859,18.10384702,16.78030735,11660
2023-07-18,Tuesday,7,Gangnam Station,7.125666479,1.044916088,16.23106085,12581
2023-07-19,Friday,7,Seoul Station,7.555524406,4.511904119,24.24334283,14633
2023-07-20,Saturday,7,Jamsil Station,7.955129241,8.684836033,10.56264485,11251
2023-07-21,Monday,7,Hongdae Station,14.15989185,3.204895373,26.94922135,17299
2023-07-22,Friday,7,Seoul Station,10.9867666,14.53024147,9.597469967,10860
2023-07-23,Saturday,7,Jamsil Station,11.93081595,17.07563725,1.541682155,10699
2023-07-24,Thursday,7,Seoul Station,10.39233509,29.22405539,3.677172445,10180
2023-07-25,Thursday,7,Seoul Station,8.796225578,13.57774607,14.37588461,12576
2023-07-26,Thursday,7,Hongdae Station,11.26258257,3.26468171,14.34485491,12313
2023-07-27,Thursday,7,Sillim Station,6.886768058,0.523216736,18.27861141,12963
2023-07-28,Thursday,7,Sillim Station,7.809433096,3.664206114,14.09625969,13644
2023-07-29,Saturday,7,Seoul Station,11.46595036,11.45615474,24.77318516,15143
2023-07-30,Saturday,7,Gangnam Station,7.285489538,14.94981669,12.38905902,12588
2023-07-31,Wednesday,7,Jamsil Station,9.621837062,3.374738719,-4.962762649,10922
2023-08-01,Tuesday,8,Gangnam Station,9.712975311,16.06990413,13.78903312,12830
2023-08-02,Sunday,8,Gangnam Station,8.942675993,4.072600468,-5.067786878,9488
2023-08-03,Thursday,8,Seoul Station,6.09776305,5.8381085,17.71390981,12400
2023-08-04,Monday,8,Seoul Station,8.742142218,23.13341205,25.57192999,14055
2023-08-05,Sunday,8,Seoul Station,8.350063246,10.91108614,5.137755137,9180
2023-08-06,Saturday,8,Seoul Station,10.32287973,18.96848202,29.18556686,13336
2023-08-07,Monday,8,Sillim Station,10.22098108,3.539397084,23.42831245,15025
2023-08-08,Monday,8,Seoul Station,10.75592292,4.235253918,27.06480155,16794
2023-08-09,Monday,8,Sillim Station,8.648027454,1.413906805,16.89563856,14426
2023-08-10,Wednesday,8,Sillim Station,11.0455559,3.240588415,5.072348242,10679
2023-08-11,Saturday,8,Seoul Station,6.887986534,12.0536521,22.80815428,14353
2023-08-12,Monday,8,Hongdae Station,6.356190535,2.511260569,8.753990932,12667
2023-08-13,Thursday,8,Jamsil Station,5.328854552,6.716698581,16.17884506,12069
2023-08-14,Friday,8,Gangnam Station,9.001405521,6.420154123,13.28649007,11922
2023-08-15,Monday,8,Sillim Station,8.493403551,7.899861758,26.24695857,15145
2023-08-16,Wednesday,8,Jamsil Station,11.57863122,12.99463931,22.30327006,14175
2023-08-17,Sunday,8,Hongdae Station,8.702674826,6.332572339,14.19434202,12375
2023-08-18,Saturday,8,Gangnam Station,10.5467527,12.49220043,-4.516071935,8832
2023-08-19,Wednesday,8,Gangnam Station,11.62659315,12.75279396,8.647725335,10680
2023-08-20,Monday,8,Sillim Station,8.627361849,8.953337263,22.04222289,14460
2023-08-21,Saturday,8,Seoul Station,10.59610442,17.40673786,17.80110261,13274
2023-08-22,Friday,8,Hongdae Station,12.0038551,2.062033499,-0.032219344,10146
2023-08-24,Wednesday,8,Hongdae Station,10.04970468,9.914750637,16.9550915,13414
2023-08-25,Tuesday,8,Seoul Station,8.635931234,6.72015699,4.429428323,10251
2023-08-27,Sunday,8,Sillim Station,6.927096519,12.13061181,21.72607729,12751
2023-08-28,Wednesday,8,Seoul Station,7.618702856,14.60138506,27.0223878,14845
2023-08-29,Saturday,8,Jamsil Station,10.12005801,7.057621285,7.49297973,10854
2023-08-30,Monday,8,Gangnam Station,6.778311089,3.189938613,14.55239692,13651
2023-09-01,Monday,9,Hongdae Station,11.62638881,7.203815828,13.35795895,13435
2023-09-02,Saturday,9,Jamsil Station,10.89802193,2.950762082,15.40598476,12311
2023-09-03,Monday,9,Sillim Station,8.938984754,4.321222279,22.56498928,14817
2023-09-04,Tuesday,9,Seoul Station,13.37938083,11.4181553,8.260756533,10794
2023-09-05,Thursday,9,Seoul Station,13.78607283,6.138530996,-0.252775345,9881
2023-09-06,Thursday,9,Seoul Station,10.05224486,12.37373135,31.90009934,14397
2023-09-07,Saturday,9,Seoul Station,,16.41132732,25.89421924,12928
2023-09-08,Sunday,9,Hongdae Station,11.77289639,21.34134993,3.963621288,9528
2023-09-10,Wednesday,9,Gangnam Station,12.95229222,3.170983429,25.10702165,14145
2023-09-11,Monday,9,Hongdae Station,12.1671698,14.65100574,22.49043945,14316
2023-09-13,Monday,9,Gangnam Station,10.52053112,6.440930476,13.29773108,13311
2023-09-14,Monday,9,Gangnam Station,9.277228466,1.008482071,32.27303925,17875
2023-09-15,Wednesday,9,Seoul Station,9.099797733,7.998509518,17.20858872,12224
2023-09-16,Monday,9,Hongdae Station,8.907479658,9.861276901,9.850407407,12599
2023-09-17,Tuesday,9,Sillim Station,11.96213731,17.47895958,23.71075729,12769
2023-09-18,Tuesday,9,Gangnam Station,11.42454298,5.539204253,15.96058642,12256
2023-09-19,Thursday,9,Gangnam Station,10.24045127,34.23355617,18.49797727,10680
2023-09-20,Saturday,9,Jamsil Station,8.555637384,8.06409855,17.03149202,13123
2023-09-21,Sunday,9,Sillim Station,15.25842526,23.42479045,19.96775574,11911
2023-09-22,Friday,9,Sillim Station,11.82474923,18.32837801,5.215437466,9829
2023-09-23,Monday,9,Gangnam Station,6.80457616,18.4973953,0.488936128,10358
2023-09-24,Monday,9,Seoul Station,8.967487968,3.192395102,29.34132723,17310
2023-09-25,Wednesday,9,Jamsil Station,11.86355219,14.48347259,17.49584562,11823
2023-09-26,Saturday,9,Sillim Station,8.400922158,9.205451092,22.70847277,14170
2023-09-27,Tuesday,9,Gangnam Station,10.70309592,1.97044462,-2.597592202,11307
2023-09-28,Friday,9,Sillim Station,11.9015926,10.80053248,25.66683109,15095
2023-09-29,Thursday,9,Jamsil Station,3.223143835,15.11076458,9.785143546,10363
2023-09-30,Tuesday,9,Jamsil Station,9.7839246,9.891501168,6.937818332,10758
2023-10-01,Saturday,10,Hongdae Station,9.862418307,15.14918982,14.36626832,11391
2023-10-02,Sunday,10,Gangnam Station,9.175855089,5.064794842,5.220197895,9606
2023-10-03,Thursday,10,Jamsil Station,10.60339027,18.52841175,14.98268302,11315
2023-10-04,Sunday,10,Hongdae Station,11.31503921,2.94851771,13.63661653,11198
2023-10-05,Wednesday,10,Hongdae Station,10.28410189,0.295911075,25.60395905,14068
2023-10-06,Wednesday,10,Sillim Station,9.252345212,5.270540407,30.13344502,14436
2023-10-07,Monday,10,Sillim Station,11.2652426,6.018607064,29.81515793,17050
2023-10-08,Sunday,10,Hongdae Station,10.09810682,1.627848015,-7.645149794,9554
2023-10-10,Friday,10,Jamsil Station,7.375441229,7.268755345,-7.748867638,9909
2023-10-11,Thursday,10,Seoul Station,6.874690429,0.653549102,3.064577256,11996
2023-10-12,Tuesday,10,Jamsil Station,7.337540415,11.7631006,8.504817891,10886
2023-10-13,Saturday,10,Hongdae Station,10.55665812,3.626458261,19.10561615,12733
2023-10-14,Saturday,10,Hongdae Station,9.841842505,15.09065296,9.800667655,12194
2023-10-16,Sunday,10,Sillim Station,11.29183565,9.315179977,16.81764683,12737
2023-10-17,Monday,10,Sillim Station,12.74861903,10.97274888,-2.093096452,10738
2023-10-18,Monday,10,Hongdae Station,8.803012767,1.73623141,6.61406847,12614
2023-10-19,Thursday,10,Gangnam Station,6.518036285,2.666327112,9.964433742,12654
2023-10-20,Wednesday,10,Sillim Station,8.58174723,17.37572047,12.97598011,10929
2023-10-22,Friday,10,Sillim Station,11.09705972,6.647437875,30.0064979,15904
2023-10-23,Wednesday,10,Jamsil Station,8.155134628,4.5948165,24.08336161,13466
2023-10-24,Thursday,10,Hongdae Station,13.04234428,12.00925715,7.306899755,10737
2023-10-25,Thursday,10,Sillim Station,12.69656013,13.55153365,12.38670941,12821
2023-10-26,Wednesday,10,Jamsil Station,8.533987873,7.638390042,11.70560863,11558
2023-10-28,Wednesday,10,Gangnam Station,8.814344125,9.73372504,17.72515826,13359
2023-10-29,Tuesday,10,Jamsil Station,8.985334449,18.35655897,-3.59779553,8389
2023-10-30,Wednesday,10,Gangnam Station,11.90107602,4.727100604,23.80714388,15172
2023-10-31,Sunday,10,Gangnam Station,10.85065812,2.327438856,31.93550791,14014
2023-11-01,Wednesday,11,Seoul Station,11.75415754,8.881702577,12.30159459,12774
2023-11-02,Thursday,11,Sillim Station,11.34713029,5.387270204,12.10635575,13291
2023-11-04,Thursday,11,Gangnam Station,7.881228912,7.393308004,25.19385977,13439
2023-11-05,Monday,11,Seoul Station,10.76071706,8.467624088,11.75706283,14548
2023-11-06,Monday,11,Hongdae Station,5.652357488,8.744806464,24.33945166,15888
2023-11-07,Sunday,11,Jamsil Station,7.366088852,2.971427244,19.88494672,11974
2023-11-08,Tuesday,11,Gangnam Station,9.850293228,5.368748042,38.61611444,17022
2023-11-09,Monday,11,Sillim Station,10.83641323,8.905939062,11.71337985,14241
2023-11-10,Wednesday,11,Seoul Station,9.796368516,29.53903346,-4.760004477,7594
2023-11-11,Thursday,11,Gangnam Station,8.865615162,12.42749962,0.670608793,10827
2023-11-12,Monday,11,Sillim Station,9.221164245,18.6479881,15.11928237,12741
2023-11-13,Monday,11,Gangnam Station,12.73888195,23.71747819,25.27882094,15582
2023-11-14,Tuesday,11,Jamsil Station,9.231935644,9.89255917,8.474908596,10825
2023-11-15,Sunday,11,Jamsil Station,13.49848324,7.856898003,12.6906755,10791
2023-11-16,Sunday,11,Jamsil Station,11.58803415,5.667211088,21.84842737,12215
2023-11-17,Saturday,11,Seoul Station,10.91507469,3.833700676,5.347673991,10871
2023-11-18,Tuesday,11,Jamsil Station,7.612806179,2.230877296,8.887306008,11465
2023-11-19,Wednesday,11,Sillim Station,11.87047632,0.989411499,3.322733124,12203
2023-11-20,Sunday,11,Gangnam Station,9.012458845,23.70663376,26.78228093,11837
2023-11-21,Thursday,11,Hongdae Station,,6.146215092,30.41672812,14260
2023-11-22,Tuesday,11,Sillim Station,11.02568723,3.758995777,-0.794149895,11327
2023-11-23,Monday,11,Sillim Station,7.224107879,18.74533455,13.57814501,14057
2023-11-24,Thursday,11,Jamsil Station,8.475517076,14.55275476,29.07258975,13676
2023-11-25,Thursday,11,Seoul Station,9.979768177,15.07653493,18.98695184,12154
2023-11-26,Monday,11,Gangnam Station,14.43684285,15.06130203,10.10760767,13658
2023-11-27,Tuesday,11,Seoul Station,8.626168488,24.48670958,-0.461621196,8474
2023-11-29,Saturday,11,Gangnam Station,11.46469011,12.77954773,18.60515215,12248
2023-11-30,Thursday,11,,7.523408623,30.23799791,0.270136123,9582
2023-12-01,Friday,12,Sillim Station,10.88561276,26.55332748,26.89891054,14100
2023-12-02,Friday,12,Gangnam Station,12.41185362,4.775621255,-1.004035618,9873
2023-12-03,Wednesday,12,Seoul Station,9.385810231,9.44517337,12.79513846,12957
2023-12-04,Sunday,12,Gangnam Station,12.05230856,19.30346599,12.35385297,11331
2023-12-05,Monday,12,Hongdae Station,10.58289985,6.420558116,31.18381329,16087
2023-12-06,Monday,12,Sillim Station,8.538636072,0.008814413,12.38953808,13558
2023-12-07,Wednesday,12,Jamsil Station,9.604390628,11.21218547,12.35357314,11274
2023-12-09,Wednesday,12,Hongdae Station,9.824723484,12.01324137,8.596023209,12268
2023-12-10,Thursday,12,Jamsil Station,10.3054358,5.669818078,6.827045391,10886
2023-12-11,Saturday,12,Jamsil Station,11.17639987,12.22387928,7.34777634,10535
2023-12-12,Monday,12,Gangnam Station,11.0173365,3.945326891,15.06284525,13837
2023-12-13,Thursday,12,Seoul Station,5.136572857,19.24462013,-9.341763858,7261
2023-12-14,Wednesday,12,Gangnam Station,9.805383622,11.97623371,-0.102302454,9300
2023-12-15,Monday,12,Hongdae Station,6.981156173,11.46297369,13.88981126,14419
2023-12-16,Thursday,12,Jamsil Station,9.448545495,6.17669927,16.21254683,12262
2023-12-17,Saturday,12,Gangnam Station,9.752420824,21.99632417,12.66567201,10684
2023-12-18,Thursday,12,Seoul Station,11.95229672,4.862839006,14.5920551,12355
2023-12-19,Saturday,12,Gangnam Station,9.939769066,12.28048862,10.90883386,12361
2023-12-20,Wednesday,12,Sillim Station,10.51843604,1.771755363,14.81495397,13898
2023-12-21,Saturday,12,Seoul Station,11.58611276,7.608890647,19.3414222,12714
2023-12-22,Monday,12,Hongdae Station,12.45550452,7.971273521,19.27133729,15306
2023-12-23,Wednesday,12,Jamsil Station,9.753972153,23.19930932,8.110415885,11083
2023-12-25,Friday,12,Seoul Station,10.0200466,24.65341462,16.57108695,12593
2023-12-26,Tuesday,12,Sillim Station,8.914802071,10.39780259,27.32213956,14755
2023-12-27,Saturday,12,Seoul Station,8.461769553,4.577082489,29.32872431,14385
2023-12-28,Tuesday,12,Sillim Station,5.456228167,11.49961566,0.572732786,9598
2023-12-29,Tuesday,12,Hongdae Station,7.846678131,15.5948053,6.409724611,11594
2024-01-01,Friday,1,Gangnam Station,10.37683202,2.578507742,29.20176963,15671
2024-01-02,Monday,1,Seoul Station,9.748122054,2.536902446,11.56117805,14571
2024-01-03,Thursday,1,Sillim Station,8.565029628,11.97776901,20.75033035,12532
2024-01-04,Monday,1,Sillim Station,10.05955853,9.071239951,13.83609337,14452
2024-01-05,Thursday,1,Seoul Station,8.304040245,1.281268391,1.076104722,10244
2024-01-06,Monday,1,Seoul Station,10.34803711,20.95609823,25.55544602,15679
2024-01-07,Saturday,1,Gangnam Station,10.49146797,21.34195267,42.50723031,15247
2024-01-08,Friday,1,Hongdae Station,8.277232595,9.781470878,9.849917236,12386
2024-01-09,Thursday,1,Sillim Station,8.23907607,6.314136113,11.77641449,11668
2024-01-10,Sunday,1,Gangnam Station,11.92439871,2.293794205,-11.49099543,9189
2024-01-11,Wednesday,1,Hongdae Station,9.894280091,13.92589517,28.51502903,15023
2024-01-12,Monday,1,Gangnam Station,8.437959141,13.27474354,24.11765323,14529
2024-01-13,Monday,1,Sillim Station,9.258987397,4.451913651,-2.333838621,11134
2024-01-14,Thursday,1,Seoul Station,7.978811827,0.258208434,-5.64885462,9593
2024-01-15,Wednesday,1,Seoul Station,9.865632839,18.25964674,-4.492312832,9763
2024-01-16,Wednesday,1,Hongdae Station,11.66325662,11.76908474,21.45169125,12660
2024-01-17,Saturday,1,Jamsil Station,9.944658665,5.925406155,22.4499142,13191
2024-01-19,Saturday,1,Jamsil Station,10.84271914,19.69798926,19.99260031,13393
2024-01-20,Saturday,1,Gangnam Station,10.4599089,10.97652646,16.58877121,11958
2024-01-21,Saturday,1,Gangnam Station,8.183395738,0.858156593,11.32730293,13100
2024-01-22,Saturday,1,Sillim Station,9.522933106,13.53386443,24.70196827,13078
2024-01-23,Saturday,1,Jamsil Station,8.441972314,1.111711467,2.950643988,10806
2024-01-24,Friday,1,Sillim Station,5.668709543,14.99329711,26.47539214,13187
2024-01-25,Wednesday,1,Seoul Station,11.94852444,2.629230091,7.71478446,11274
2024-01-28,Wednesday,1,Seoul Station,10.42114007,37.60491081,11.48427921,10471
2024-01-29,Tuesday,1,Seoul Station,11.0249991,4.471039946,15.58587138,13739
2024-01-30,Friday,1,Hongdae Station,9.358450334,8.828622916,15.52318548,13609
2024-01-31,Saturday,1,Seoul Station,9.994796665,0.205752583,19.90828501,13225
2024-02-01,Monday,2,Jamsil Station,11.49237481,5.026853408,2.143175818,11643
2024-02-02,Thursday,2,Sillim Station,9.279612811,22.01835134,14.62687592,11067
2024-02-03,Sunday,2,Seoul Station,10.60466748,9.655840165,16.38131706,11088
2024-02-04,Monday,2,Jamsil Station,6.681510763,18.42874213,9.72261776,11993
2024-02-05,Friday,2,Gangnam Station,7.517362003,8.966300046,19.04058617,12295
2024-02-06,Thursday,2,Jamsil Station,11.21107956,8.13861458,1.536300865,9937
2024-02-08,Wednesday,2,Jamsil Station,10.46827509,19.30192127,7.468158756,11288
2024-02-09,Thursday,2,Hongdae Station,9.706002436,14.78924007,11.7656907,12476
2024-02-10,Wednesday,2,Sillim Station,9.271065475,5.065132927,29.4703546,14406
2024-02-12,Monday,2,Hongdae Station,11.81868004,3.462624277,27.70416461,15754
2024-02-13,Thursday,2,Jamsil Station,13.45978231,19.87727036,10.3774272,11781
2024-02-14,Thursday,2,Sillim Station,10.60038433,5.85281318,24.07618277,14771
2024-02-15,Saturday,2,Gangnam Station,10.64498143,13.0889292,16.12362127,11893
2024-02-17,Saturday,2,Gangnam Station,7.607805536,18.5941142,14.22638652,10907
2024-02-18,Friday,2,Jamsil Station,9.92052219,2.608763055,32.58417857,15130
2024-02-19,Saturday,2,Gangnam Station,8.052500704,23.69615331,28.65838606,12915
2024-02-20,Wednesday,2,Seoul Station,6.454779743,14.85662156,22.44896418,13946
2024-02-21,Thursday,2,Hongdae Station,11.60689162,13.57473498,13.29699034,12748
2024-02-22,Monday,2,Gangnam Station,11.70433358,3.666196087,15.39560758,13915
2024-02-23,Friday,2,Jamsil Station,8.282322454,0.072504472,20.30566605,13407
2024-02-24,Friday,2,Jamsil Station,10.48792864,10.69414267,9.783910881,11040
2024-02-25,Monday,2,Gangnam Station,12.00390454,10.6140205,24.38315716,14981
2024-02-26,Saturday,2,Jamsil Station,10.41005337,11.06428014,5.787548886,11781
2024-02-27,Friday,2,Sillim Station,7.613690708,8.861579441,18.91843688,12421
2024-02-28,Sunday,2,Sillim Station,9.534213174,19.49030231,-7.897155498,8334
2024-02-29,Wednesday,2,Sillim Station,12.65361884,4.006471182,9.493814734,12788
2024-03-01,Thursday,3,Seoul Station,10.49405329,2.672870902,35.77677133,15631
2024-03-03,Thursday,3,Seoul Station,10.68325844,2.132788252,30.3546845,15993
2024-03-05,Friday,3,Seoul Station,8.758309561,16.56600697,16.03772837,12833
2024-03-06,Friday,3,Jamsil Station,10.67773031,7.843244495,27.81992253,15326
2024-03-07,Sunday,3,Jamsil Station,11.63374356,7.178318795,21.33094935,13042
2024-03-08,Monday,3,Hongdae Station,12.1998099,0.098585378,20.08565877,14845
2024-03-09,Wednesday,3,Sillim Station,8.28378891,15.7407596,31.3058197,15414
2024-03-11,Monday,3,Hongdae Station,12.37408822,4.626261402,13.15761961,13528
2024-03-12,Tuesday,3,Sillim Station,8.025836459,1.327710097,-2.540855627,9930
2024-03-13,Sunday,3,Jamsil Station,12.97349427,13.36174464,4.048939481,10123
2024-03-14,Saturday,3,Jamsil Station,13.27788165,20.94734007,25.74185392,13823
2024-03-16,Wednesday,3,Seoul Station,10.46186688,2.777953371,22.35524254,13511
2024-03-17,Saturday,3,Sillim Station,10.47284935,19.09474321,31.58485042,14912
2024-03-18,Tuesday,3,Jamsil Station,11.65398878,20.94855349,13.22061825,10660
2024-03-19,Sunday,3,Gangnam Station,11.59560535,0.334500683,20.1986344,12345
2024-03-20,Saturday,3,Seoul Station,12.25273372,5.984628171,22.4331213,14383
2024-03-21,Sunday,3,Sillim Station,11.56806636,16.20737445,2.785049369,8697
2024-03-22,Tuesday,3,Jamsil Station,9.787876182,1.763042047,8.835476547,12732
2024-03-23,Sunday,3,Jamsil Station,12.44399424,14.63244987,4.963387883,9000
2024-03-24,Wednesday,3,Gangnam Station,7.857491701,15.61325456,9.632768899,12036
2024-03-25,Tuesday,3,Sillim Station,10.01170467,10.50986658,22.16110698,13983
2024-03-27,Tuesday,3,Seoul Station,7.499507004,0.804168472,14.64846773,12461
2024-03-28,Monday,3,Gangnam Station,8.645048686,16.1888162,4.575383831,12714
2024-03-29,Monday,3,Sillim Station,11.34349458,23.33922652,27.26422165,15547
2024-03-30,Monday,3,Gangnam Station,10.78782395,2.451581619,9.548900098,13031
2024-03-31,Wednesday,3,Seoul Station,8.249949185,1.624717142,30.22980552,14589
2024-04-01,Saturday,4,Sillim Station,9.167611995,3.982937458,15.60929094,13527
2024-04-02,Sunday,4,Gangnam Station,7.638435875,0.097301552,0.93000422,9258
2024-04-03,Friday,4,Hongdae Station,11.96097,3.153598903,13.28973253,12076
2024-04-04,Tuesday,4,Seoul Station,9.488237285,3.991110984,4.372231725,12041
2024-04-05,Sunday,4,Seoul Station,13.58431182,16.98835297,20.89349377,11549
2024-04-06,Tuesday,4,Seoul Station,10.16220049,2.899260253,12.38637218,13163
2024-04-07,Wednesday,4,Hongdae Station,9.560519393,7.585219147,16.63210255,12181
2024-04-08,Tuesday,4,Hongdae Station,9.366356477,5.382334352,11.3064689,11622
2024-04-10,Friday,4,Gangnam Station,10.22164219,0.031562321,5.263779904,11072
2024-04-11,Thursday,4,Jamsil Station,15.02481515,8.811480467,23.36222937,14600
2024-04-12,Tuesday,4,Gangnam Station,9.32228066,12.91069702,13.26846898,11442
2024-04-13,Sunday,4,Hongdae Station,9.387293078,19.89749607,11.85309106,11114
2024-04-14,Monday,4,Hongdae Station,10.13118769,0.17753345,13.01786102,14887
2024-04-15,Thursday,4,Jamsil Station,12.18054901,1.178924687,8.211382065,11487
2024-04-16,Friday,4,Sillim Station,7.158030878,5.61781054,11.88648573,11374
2024-04-17,Thursday,4,Jamsil Station,10.91018547,27.36299621,17.05629815,12019
2024-04-19,Saturday,4,Jamsil Station,11.10654538,4.577986057,6.106480069,11093
2024-04-21,Thursday,4,Gangnam Station,5.39179532,3.981366056,11.37243467,13147
2024-04-22,Wednesday,4,Gangnam Station,10.73915521,12.24410471,9.484391911,10919
2024-04-23,Sunday,4,Sillim Station,10.72228954,5.101719017,1.561283944,9507
2024-04-24,Sunday,4,Hongdae Station,8.841839383,8.978054518,23.50677637,12275
2024-04-25,Thursday,4,Gangnam Station,8.72331228,7.917614425,4.440741865,10361
2024-04-28,Sunday,4,Seoul Station,11.76443156,12.15952418,23.181728,11999
2024-04-29,Sunday,4,Sillim Station,8.24189823,15.27694594,26.76856244,12118
2024-04-30,Saturday,4,Hongdae Station,8.920131081,8.202271855,19.84520345,12528
2024-05-01,Wednesday,5,Gangnam Station,9.873421758,4.065698818,-0.344801314,9895
2024-05-02,Monday,5,Hongdae Station,14.54173056,22.09386067,23.38762144,15290
2024-05-03,Tuesday,5,Gangnam Station,11.0902435,2.374437664,6.726510004,11344
2024-05-04,Sunday,5,Hongdae Station,8.11316897,8.640670286,3.290281213,9220
2024-05-05,Saturday,5,Gangnam Station,10.60756062,11.35381359,11.16538954,12397
2024-05-06,Friday,5,Jamsil Station,7.246616919,8.574217162,10.96632327,11410
2024-05-07,Saturday,5,Gangnam Station,11.43598062,14.15417021,9.949513488,12352
2024-05-08,Tuesday,5,Gangnam Station,13.35109479,15.73377922,27.73674248,14574
2024-05-09,Tuesday,5,Seoul Station,13.35958337,2.75166497,35.11825996,15628
2024-05-10,Saturday,5,Gangnam Station,11.46978701,21.25467342,1.308634627,9106
2024-05-11,Monday,5,Seoul Station,8.833175288,2.330964458,8.111676057,12715
2024-05-13,Tuesday,5,Seoul Station,7.199589913,1.123218164,11.11283509,11717
2024-05-14,Saturday,5,Jamsil Station,4.387565781,1.734735227,18.99398749,12721
2024-05-15,Sunday,5,Seoul Station,11.38771153,15.44191089,24.15985356,13477
2024-05-16,Saturday,5,Sillim Station,9.79432896,36.21896897,22.49365942,11323
2024-05-17,Wednesday,5,Jamsil Station,11.81843233,1.382401117,21.09733568,13283
2024-05-18,Thursday,5,Hongdae Station,12.85606297,17.15321575,31.59095521,13980
2024-05-19,Friday,5,Hongdae Station,10.19981109,1.740886873,-0.889472829,11186
2024-05-20,Monday,5,Seoul Station,10.29192322,4.895150231,29.80108792,17388
2024-05-21,Friday,5,Seoul Station,9.071359311,22.57583772,10.87008366,11463
2024-05-22,Thursday,5,Sillim Station,9.307831166,5.735352851,22.85125221,14419
2024-05-23,Thursday,5,Sillim Station,11.45693982,8.381590686,4.703337717,10467
2024-05-24,Thursday,5,Gangnam Station,9.651249939,4.128013512,5.915036081,12305
2024-05-25,Friday,5,Sillim Station,9.361984666,11.63656028,21.62117291,14237
2024-05-26,Sunday,5,Gangnam Station,9.963366281,9.636665717,-4.287300227,9476
2024-05-27,Thursday,5,Jamsil Station,11.77266039,8.606791757,24.89442078,14961
2024-05-28,Saturday,5,Seoul Station,8.614676884,5.341319815,27.59963502,15434
2024-05-29,Friday,5,Jamsil Station,9.866942965,12.86540027,16.77784854,11854
2024-05-30,Thursday,5,Sillim Station,10.49055568,24.13672442,16.41761036,11163
2024-05-31,Saturday,5,Jamsil Station,12.32044381,2.508053051,6.663638551,12444
2024-06-01,Sunday,6,Jamsil Station,9.521406446,4.063875907,21.74449402,13665
2024-06-02,Wednesday,6,Jamsil Station,8.564353228,12.04534799,18.47665246,12195
2024-06-03,Sunday,6,Sillim Station,9.031278111,19.8976514,5.78494604,8821
2024-06-04,Thursday,6,Jamsil Station,12.10611487,3.850997082,11.0852005,12789
2024-06-07,Thursday,6,Jamsil Station,7.80939677,3.70090217,1.370885867,10238
2024-06-08,Tuesday,6,Sillim Station,9.662406427,10.81432519,21.99020309,12755
2024-06-09,Saturday,6,Hongdae Station,10.22191219,2.967639207,12.56489544,13003
2024-06-10,Wednesday,6,Gangnam Station,11.57393913,16.10117607,15.15364776,11330
2024-06-11,Monday,6,Jamsil Station,8.217733983,0.953958549,9.217334126,13067
2024-06-12,Sunday,6,Hongdae Station,7.873781927,1.104650087,19.75271474,12148
2024-06-13,Wednesday,6,Hongdae Station,10.27617431,15.51979954,16.98696184,11680
2024-06-14,Thursday,6,Sillim Station,9.48319856,2.631243883,27.12784389,14233
2024-06-15,Tuesday,6,Hongdae Station,11.853442,7.489290953,19.80598713,12636
2024-06-16,Sunday,6,Gangnam Station,10.97471961,11.60482668,12.97315598,11956
2024-06-17,Tuesday,6,Gangnam Station,11.1107587,23.19639352,7.602831825,9729
2024-06-18,Friday,6,Seoul Station,9.791037307,17.06551936,23.65952684,14083
2024-06-19,Tuesday,6,Gangnam Station,14.71116052,32.501072,12.17423901,11197
2024-06-20,Friday,6,Hongdae Station,8.324504037,18.38363731,13.28282433,12369
2024-06-21,Saturday,6,Gangnam Station,11.22161967,6.296502296,13.28028394,13349
2024-06-22,Sunday,6,Sillim Station,7.460620026,11.6864986,10.98392289,10154
2024-06-23,Sunday,6,Seoul Station,7.853064645,4.180087622,13.45461006,10903
2024-06-24,Monday,6,Hongdae Station,8.785308802,20.78037507,34.26207563,15532
2024-06-25,Thursday,6,Seoul Station,13.25864667,6.01140288,4.521779459,12042
2024-06-26,Friday,6,Hongdae Station,10.52778886,6.491548842,6.854957892,10943
2024-06-28,Tuesday,6,Seoul Station,10.74887265,0.116201787,11.25195616,12955
2024-06-29,Tuesday,6,Jamsil Station,10.07029576,1.894778248,10.49378716,13164
2024-06-30,Monday,6,Hongdae Station,9.016053262,7.616491058,25.34863857,15097
2024-07-01,Sunday,7,Jamsil Station,7.206742288,24.89809104,0.798043827,7573
2024-07-02,Tuesday,7,Seoul Station,12.87708497,10.29880696,23.21454429,14385
2024-07-04,Saturday,7,Jamsil Station,14.34747675,20.89164419,19.64802131,11924
2024-07-05,Monday,7,Seoul Station,11.88064324,7.56257792,19.46030955,15431
2024-07-07,Friday,7,Jamsil Station,9.129591343,12.00209743,25.5118378,14786
2024-07-08,Monday,7,Jamsil Station,7.809308872,3.050573923,9.498622885,14179
2024-07-09,Friday,7,Sillim Station,9.564538031,20.05415601,19.08849019,11705
2024-07-10,Sunday,7,Jamsil Station,7.751414812,7.553361157,27.37724486,13962
2024-07-11,Sunday,7,Jamsil Station,11.30038076,8.53127238,28.789017,13017
2024-07-12,Friday,7,Jamsil Station,13.265305,15.33925143,12.32873664,12713
2024-07-13,Saturday,7,Gangnam Station,9.478175468,7.853448404,19.63135274,12637
2024-07-14,Friday,7,Sillim Station,11.88898194,8.989833288,11.4051121,12667
2024-07-15,Sunday,7,Jamsil Station,8.62154186,11.55603913,40.03796227,14663
2024-07-17,Thursday,7,Hongdae Station,8.370072031,21.09074172,15.84058436,12318
2024-07-18,Tuesday,7,Hongdae Station,5.73373393,5.402917282,18.12562173,12633
2024-07-19,Wednesday,7,Jamsil Station,9.9269333,7.404248768,19.07105415,12599
2024-07-20,Friday,7,Sillim Station,10.25690348,13.18240434,19.36743541,13286
2024-07-21,Saturday,7,Sillim Station,12.131722,15.73746187,12.60001782,11052
2024-07-22,Monday,7,Sillim Station,11.59087651,4.183289691,11.05672701,14226
2024-07-26,Friday,7,Sillim Station,13.16518793,18.19860671,6.982949574,10201
2024-07-27,Sunday,7,Gangnam Station,10.7597357,12.27165744,4.40049921,9102
2024-07-28,Monday,7,Gangnam Station,13.65718723,6.599648558,14.85645533,14959
2024-07-29,Saturday,7,Sillim Station,14.03793222,10.31228063,13.6987737,11533
2024-07-31,Saturday,7,Sillim Station,8.60612051,17.90376751,9.317946306,10480
2024-08-01,Thursday,8,Sillim Station,8.477075669,13.98281856,11.07457442,11989
2024-08-02,Friday,8,Gangnam Station,6.96772836,7.863341467,21.92119505,13061
2024-08-03,Thursday,8,Gangnam Station,8.963194201,11.14025647,21.312172,14220
2024-08-04,Tuesday,8,Sillim Station,12.4153309,10.28392812,20.89525046,12745
2024-08-05,Tuesday,8,Sillim Station,5.591924849,8.498901201,15.33967612,11937
2024-08-06,Friday,8,Sillim Station,7.925093199,4.721444446,16.68922623,14138
2024-08-07,Sunday,8,Gangnam Station,9.745737117,11.65583967,17.30438888,11090
2024-08-08,Thursday,8,Sillim Station,8.245629599,11.97313039,8.439582602,11900
2024-08-09,Monday,8,Sillim Station,8.945428112,1.414587654,29.740466,17584
2024-08-10,Saturday,8,Jamsil Station,8.975340651,9.550140614,28.31588032,13763
2024-08-11,Saturday,8,Seoul Station,9.48491956,3.106048593,22.94245591,14792
2024-08-12,Friday,8,Hongdae Station,8.541090608,9.872338677,10.74138414,11091
2024-08-14,Tuesday,8,Jamsil Station,11.86861949,10.63689685,24.78369938,13281
2024-08-15,Tuesday,8,Hongdae Station,12.09930836,14.80093535,2.768030983,10990
2024-08-16,Saturday,8,Sillim Station,7.23891331,8.558893776,31.94511762,15643
2024-08-17,Friday,8,Jamsil Station,4.480805201,1.445093888,-2.393876112,9778
2024-08-18,Thursday,8,Sillim Station,12.1267497,19.20521343,22.0460582,12275
2024-08-19,Tuesday,8,Gangnam Station,7.542399163,5.679909076,29.53282306,14232
2024-08-20,Thursday,8,Jamsil Station,10.42548968,9.31222756,13.86936536,12843
2024-08-21,Sunday,8,Gangnam Station,6.868656254,0.605214598,13.495356,11144
2024-08-22,Tuesday,8,Jamsil Station,12.59550997,21.32854187,21.67660793,12174
2024-08-23,Tuesday,8,Jamsil Station,15.08733579,1.694756251,33.51881892,15438
2024-08-24,Wednesday,8,Gangnam Station,10.36561382,7.752212888,12.18932362,11504
2024-08-25,Tuesday,8,Hongdae Station,9.811794703,12.43876625,7.190448081,12089
2024-08-26,Monday,8,Seoul Station,9.35572085,10.89948485,10.76224544,12768
2024-08-27,Friday,8,Sillim Station,11.56359862,29.49459799,-0.525139923,8245
2024-08-28,Friday,8,Jamsil Station,11.1353735,6.763032569,23.97757899,13645
2024-08-29,Thursday,8,Sillim Station,12.00699691,5.764630805,9.859169473,12858
2024-08-30,Sunday,8,Gangnam Station,8.744166955,6.597544471,12.91660846,10614
2024-08-31,Tuesday,8,Sillim Station,10.68023541,2.04081579,24.09621131,15114
2024-09-01,Monday,9,Gangnam Station,8.915063867,15.99377388,11.23089676,13682
2024-09-02,Thursday,9,Sillim Station,7.884568704,5.317345798,22.59090395,14818
2024-09-03,Wednesday,9,Seoul Station,9.917969158,16.13360506,4.619114962,9855
2024-09-04,Thursday,9,Seoul Station,8.154974539,5.351266699,24.58719428,13586
2024-09-05,Thursday,9,Seoul Station,12.347454,6.089966932,18.41905021,14094
2024-09-06,Tuesday,9,Seoul Station,8.276159244,12.51369957,14.11420969,13234
2024-09-07,Wednesday,9,Seoul Station,10.72709188,10.27570494,16.30893488,12062
2024-09-08,Thursday,9,Seoul Station,8.793155402,1.658534082,2.132387053,10478
2024-09-09,Monday,9,Gangnam Station,10.5541255,3.308488243,16.08000744,15270
2024-09-10,Monday,9,Jamsil Station,8.952006853,18.46062977,13.58330215,12562
2024-09-11,Friday,9,Sillim Station,7.48557745,12.99088212,2.405673896,10898
2024-09-12,Wednesday,9,Seoul Station,10.96754548,3.389412521,8.289245731,11256
2024-09-13,Wednesday,9,Gangnam Station,9.529168756,9.086652834,13.70754742,13253
2024-09-14,Friday,9,Gangnam Station,10.57196988,21.51546269,8.927078151,11838
2024-09-15,Thursday,9,Gangnam Station,9.142314129,23.73917421,-9.121139051,7379
2024-09-16,Wednesday,9,Jamsil Station,7.344126972,1.855939884,25.7638754,15614
2024-09-18,Monday,9,Jamsil Station,11.47351551,18.89955367,-7.739502092,10761
2024-09-19,Tuesday,9,Hongdae Station,8.866078049,10.07071923,36.3496294,15001
2024-09-20,Wednesday,9,Gangnam Station,10.13955843,0.124070872,27.41392331,14413
2024-09-23,Friday,9,Seoul Station,9.39623099,24.28951365,19.03191211,11589
2024-09-24,Thursday,9,Jamsil Station,10.487265,3.790381896,17.02326815,12587
2024-09-25,Sunday,9,Sillim Station,9.081817873,16.24625499,20.42089925,11156
2024-09-26,Saturday,9,Hongdae Station,11.71418399,5.065104368,6.603797267,10886
2024-09-27,Tuesday,9,Sillim Station,9.662198439,12.15363947,25.97772021,13170
2024-09-29,Wednesday,9,Seoul Station,11.21727766,1.450625486,21.80765749,13513
2024-09-30,Tuesday,9,Sillim Station,7.715738701,0.193929864,7.030607395,12343
2024-10-01,Wednesday,10,Sillim Station,14.02975712,6.53440976,41.48143986,17556
2024-10-02,Sunday,10,Seoul Station,13.16499273,6.777789229,21.95523349,12180
2024-10-03,Monday,10,Hongdae Station,11.02699095,5.540768198,43.84232277,18186
2024-10-04,Tuesday,10,Seoul Station,10.85866204,5.951565227,23.27601976,13375
2024-10-05,Friday,10,Sillim Station,10.76488284,2.485461346,9.385356431,11406
2024-10-06,Tuesday,10,Hongdae Station,9.021810428,12.5028691,23.29380794,12865
2024-10-07,Tuesday,10,Hongdae Station,10.59461929,10.99231947,24.00577818,13122
2024-10-08,Tuesday,10,Seoul Station,8.153734779,8.360083666,18.73324144,12200
2024-10-09,Saturday,10,Sillim Station,11.00763684,1.108376829,21.30392472,13443
2024-10-10,Tuesday,10,Jamsil Station,11.73569389,5.930798725,22.61727129,14506
2024-10-11,Wednesday,10,Sillim Station,9.243827798,0.343130023,5.063189892,11082
2024-10-12,Monday,10,Gangnam Station,,11.37371978,4.351415953,13006
2024-10-13,Sunday,10,Jamsil Station,7.575045951,4.331174615,7.057830014,11595
2024-10-14,Thursday,10,Hongdae Station,12.91591047,6.690725295,16.27542394,13534
2024-10-15,Tuesday,10,Jamsil Station,8.968671932,0.992906925,12.76828829,13504
2024-10-16,Friday,10,Hongdae Station,9.602521928,14.93218823,5.244294341,11787
2024-10-17,Tuesday,10,Hongdae Station,10.60031117,15.50348322,22.75314211,13852
2024-10-18,Friday,10,Jamsil Station,10.56441529,10.89609547,17.8304482,12230
2024-10-19,Wednesday,10,Hongdae Station,11.49312019,7.669120765,16.68928991,12309
2024-10-20,Friday,10,Hongdae Station,9.24134016,9.386622064,12.42010695,11503
2024-10-21,Thursday,10,Gangnam Station,7.722664123,6.344728421,11.21771898,12956
2024-10-22,Monday,10,Sillim Station,7.372669382,7.145674034,6.586688382,13652
2024-10-23,Friday,10,Sillim Station,8.841489534,14.69023374,24.33740293,12833
2024-10-24,Friday,10,Gangnam Station,8.096299051,9.446193724,7.965071183,10773
2024-10-25,Monday,10,Jamsil Station,9.392766589,15.4090935,17.09390467,14413
2024-10-26,Thursday,10,,12.61515762,6.714618412,31.62010396,16080
2024-10-27,Tuesday,10,Seoul Station,9.245443588,1.996182595,11.67742255,11900
2024-10-28,Friday,10,Seoul Station,9.244698277,6.942028622,24.60702141,13457
2024-10-29,Monday,10,Gangnam Station,9.967202447,3.361778815,20.68709016,16017
2024-10-30,Wednesday,10,Gangnam Station,9.188750018,1.201530711,18.11467563,12644
2024-10-31,Monday,10,Hongdae Station,9.865217529,6.775713086,19.30348442,15526
2024-11-01,Wednesday,11,Seoul Station,11.08173844,6.643183319,14.05093431,13300
2024-11-02,Thursday,11,Jamsil Station,11.76950211,3.9358112,15.34775969,13672
2024-11-03,Tuesday,11,Jamsil Station,12.0064264,8.881847102,9.518860518,11132
2024-11-04,Monday,11,Seoul Station,14.11370444,11.36409546,15.41457121,13403
2024-11-05,Sunday,11,Seoul Station,11.13871889,13.34228407,9.147740042,9632
2024-11-06,Sunday,11,Seoul Station,14.4689578,21.43690495,25.05655093,11614
2024-11-07,Saturday,11,Gangnam Station,8.447036384,9.417759966,-1.994974287,10684
2024-11-09,Thursday,11,Gangnam Station,9.239247892,5.130295096,18.36586701,12767
2024-11-10,Monday,11,Sillim Station,9.435962138,19.92017869,17.46015964,13135
2024-11-11,Sunday,11,Jamsil Station,9.760254905,7.478329769,25.24498949,13828
2024-11-12,Friday,11,Jamsil Station,9.562758578,6.933731738,12.1387641,11509
2024-11-13,Sunday,11,Hongdae Station,10.17168079,2.459438018,17.55433845,13214
2024-11-14,Monday,11,Gangnam Station,8.839943995,1.820304336,-2.165418882,11362
2024-11-16,Monday,11,Sillim Station,8.894329931,5.214406227,23.55736431,15007
2024-11-17,Saturday,11,Jamsil Station,11.3112208,21.25431859,1.608382645,9069
2024-11-18,Monday,11,Gangnam Station,13.05544724,19.07526458,16.59743367,14509
2024-11-19,Monday,11,Hongdae Station,9.28579526,1.459384531,8.224829281,12981
2024-11-20,Saturday,11,Gangnam Station,11.58876684,3.638645659,13.89013028,13721
2024-11-21,Thursday,11,Seoul Station,11.11831858,15.15205988,8.823225112,11760
2024-11-22,Monday,11,Gangnam Station,14.50577376,7.514138725,2.528043957,11904
2024-11-24,Friday,11,Seoul Station,11.59014323,8.153418589,14.50403238,13514
2024-11-25,Wednesday,11,Hongdae Station,6.747977816,9.936535653,21.1262912,14235
2024-11-26,Wednesday,11,Jamsil Station,9.008283179,13.45579635,22.94437908,12739
2024-11-27,Monday,11,Gangnam Station,10.70678568,1.041843799,27.25258737,15869
2024-11-28,Thursday,11,Seoul Station,12.78631994,18.67272806,16.33486745,11402
2024-11-29,Thursday,11,Gangnam Station,7.54813327,4.039725947,27.68621025,15389
2024-11-30,Friday,11,Jamsil Station,11.57218128,7.722947346,5.242254926,10574
2024-12-01,Monday,12,Jamsil Station,9.873553087,3.883976692,24.08959829,15085
2024-12-02,Wednesday,12,Sillim Station,6.956944693,2.710174184,19.59390416,13063
2024-12-03,Thursday,12,Jamsil Station,10.36317369,8.336790599,17.33092653,13457
2024-12-04,Monday,12,Hongdae Station,13.41832247,5.205453789,19.44732234,15514
2024-12-06,Thursday,12,Sillim Station,9.780124569,7.179236268,3.032531901,10306
2024-12-07,Saturday,12,Hongdae Station,8.026722031,0.512834313,32.09828186,14892
2024-12-08,Sunday,12,Gangnam Station,9.062834136,15.90434341,13.31277822,10331
2024-12-09,Thursday,12,Seoul Station,12.86434029,8.542800544,13.17006578,11555
2024-12-10,Wednesday,12,Jamsil Station,9.456951049,5.03112016,3.976905258,10698
2024-12-11,Tuesday,12,Seoul Station,12.80313148,6.9929731,0.182216945,11443
2024-12-12,Sunday,12,Gangnam Station,12.2181081,7.867298391,14.11681121,12124
2024-12-13,Friday,12,Sillim Station,9.274524173,0.111501573,11.58412078,11954
2024-12-14,Friday,12,Sillim Station,8.994801079,2.215671174,15.01734357,12407
2024-12-15,Wednesday,12,Sillim Station,8.208002386,10.33225562,15.8715394,11900
2024-12-16,Thursday,12,Jamsil Station,8.138237612,13.49635002,39.89461081,16594
2024-12-17,Monday,12,Hongdae Station,10.70641479,5.692216653,11.61420019,13176
2024-12-18,Thursday,12,Hongdae Station,9.96042937,8.643195206,30.79940108,15529
2024-12-19,Wednesday,12,Seoul Station,8.75278913,20.12016,31.42024215,13531
2024-12-20,Friday,12,Jamsil Station,6.902474156,3.841079386,22.53624285,13313
2024-12-21,Thursday,12,Sillim Station,10.21235754,5.798391538,12.64873667,11829
2024-12-22,Friday,12,Sillim Station,9.060895642,6.260919088,1.385276639,11370
2024-12-23,Sunday,12,Gangnam Station,9.609404609,3.392625587,19.77943877,11883
2024-12-24,Monday,12,,10.60932366,15.35847305,25.1881208,14596
2024-12-25,Sunday,12,Sillim Station,4.996394277,4.592441502,32.47687464,15217
2024-12-26,Friday,12,Sillim Station,6.933450793,6.892319799,5.500420458,10532
2024-12-27,Friday,12,Jamsil Station,14.59288615,4.963416822,12.56473611,11977
2024-12-28,Tuesday,12,Hongdae Station,8.986778987,14.83117633,5.561354096,11600
2024-12-30,Sunday,12,Hongdae Station,7.100119641,0.044964843,21.64387534,12379
2024-12-31,Saturday,12,Jamsil Station,14.96893474,11.29914862,8.206952306,10909
2025-01-01,Sunday,1,Sillim Station,8.594005079,15.39431498,6.757288227,10596
2025-01-02,Tuesday,1,Hongdae Station,12.31803049,6.739611497,22.96995864,13384
2025-01-03,Friday,1,Sillim Station,10.242236,5.390735664,19.5073879,13886
2025-01-04,Wednesday,1,Sillim Station,9.030065925,5.165493989,18.50011198,12787
2025-01-05,Sunday,1,Seoul Station,11.55089094,1.479443923,8.471126418,10561
2025-01-06,Friday,1,Hongdae Station,5.231286649,26.05834825,27.93023278,12548
2025-01-07,Wednesday,1,Hongdae Station,7.11773476,1.068788108,15.14490197,12509
2025-01-09,Tuesday,1,Jamsil Station,7.314191203,10.86952291,16.61166169,12052
2025-01-11,Thursday,1,Sillim Station,11.70742609,8.308109253,-8.778755348,9825
2025-01-12,Monday,1,Gangnam Station,10.26427344,1.955902537,21.23949942,14794
2025-01-13,Tuesday,1,Gangnam Station,12.66123407,7.421574907,28.00494152,15264
2025-01-14,Tuesday,1,Seoul Station,10.39075057,2.138909874,7.161718701,12488
2025-01-15,Thursday,1,Jamsil Station,11.98492166,21.90177633,36.00978773,14155
2025-01-17,Friday,1,Hongdae Station,8.819449033,5.317815682,17.10546763,13583
2025-01-18,Saturday,1,Seoul Station,12.96113611,22.29114768,20.39453942,11826
2025-01-19,Sunday,1,Jamsil Station,8.581299424,5.742792441,23.94530217,13507
2025-01-20,Saturday,1,Hongdae Station,10.68768965,15.97624965,33.89994897,14195
2025-01-21,Friday,1,Gangnam Station,11.53779473,5.383005875,21.82135967,13107
2025-01-22,Tuesday,1,Gangnam Station,11.68298541,8.938875948,16.87931652,12159
2025-01-23,Monday,1,Hongdae Station,7.66911466,4.185612191,21.72301198,16001
2025-01-24,Tuesday,1,Seoul Station,12.10390081,5.953013539,20.37360281,12908
2025-01-25,Wednesday,1,Gangnam Station,8.042089508,6.705318604,24.24410187,13672
2025-01-26,Tuesday,1,Sillim Station,11.62140731,1.697318325,-0.700232931,11674
2025-01-27,Tuesday,1,Hongdae Station,11.07034694,0.989313331,18.1585345,14505
2025-01-28,Friday,1,Hongdae Station,11.63726132,2.832449835,19.60440508,14506
2025-01-29,Friday,1,Gangnam Station,7.589992958,7.297110168,14.27152833,13128
2025-01-30,Friday,1,Seoul Station,11.17585949,4.694209805,22.84166444,13375
2025-01-31,Saturday,1,Sillim Station,12.17118735,16.73032534,34.21167621,14338
2025-02-01,Wednesday,2,Seoul Station,10.38679157,13.47118319,16.38217131,12082
2025-02-02,Friday,2,Jamsil Station,8.362766641,3.03672444,21.91721081,13316
2025-02-03,Monday,2,Jamsil Station,11.83949523,18.81783897,31.0626476,16512
2025-02-04,Saturday,2,Gangnam Station,10.22783926,23.73020624,16.61564506,12568
2025-02-05,Thursday,2,Gangnam Station,6.651111472,15.43826295,6.115367976,11233
2025-02-06,Monday,2,Gangnam Station,8.207621075,14.32290085,21.15778849,14094
2025-02-07,Sunday,2,Jamsil Station,8.947410938,1.929841973,-7.016661368,8018
2025-02-10,Friday,2,Gangnam Station,12.65393706,3.769925945,-8.449703831,8792
2025-02-11,Thursday,2,Sillim Station,10.46472056,13.52327099,1.848322576,9708
2025-02-12,Thursday,2,Seoul Station,11.82718958,13.35434088,11.19901436,11197
2025-02-13,Saturday,2,Jamsil Station,7.718441183,6.354024825,7.785836503,12217
2025-02-15,Sunday,2,Hongdae Station,10.9032654,30.29564505,26.12870141,11053
2025-02-16,Wednesday,2,Hongdae Station,7.850201885,11.24419412,17.38480811,13531
2025-02-17,Friday,2,Sillim Station,10.41982418,11.7010004,6.606795982,10477
2025-02-19,Saturday,2,Jamsil Station,11.11753957,0.808239528,0.711427635,11601
2025-02-20,Sunday,2,Sillim Station,11.83509041,6.304541121,17.21883509,12863
2025-02-21,Wednesday,2,Jamsil Station,5.095186153,8.193219138,-0.40085975,10757
2025-02-22,Tuesday,2,Jamsil Station,13.1159377,1.079484473,17.52317906,13007
2025-02-23,Tuesday,2,Gangnam Station,9.627755304,8.856600005,11.81372596,12697
2025-02-24,Wednesday,2,Hongdae Station,8.462627372,11.65284667,25.82237912,14620
2025-02-25,Sunday,2,Gangnam Station,9.650724296,1.362895457,22.20689471,12609
2025-02-26,Saturday,2,Sillim Station,7.029955683,4.279339599,9.12860668,11327
2025-02-27,Wednesday,2,Sillim Station,12.09588412,6.420922456,7.210603592,10988
2025-02-28,Friday,2,Sillim Station,9.329208554,10.74701262,11.84903267,11139
2025-03-01,Friday,3,Gangnam Station,8.522738376,12.42152804,33.7557146,14492
2025-03-02,Tuesday,3,Jamsil Station,9.663889869,14.98816645,31.19068481,13940
2025-03-04,Saturday,3,Seoul Station,10.2629168,11.07245454,23.00225338,12855
2025-03-05,Tuesday,3,Sillim Station,7.180612461,23.87335899,-2.314314289,8089
2025-03-06,Thursday,3,,10.92996166,6.195025213,10.52657539,11579
2025-03-07,Thursday,3,Seoul Station,8.142040091,3.266788457,5.724356471,12370
2025-03-08,Friday,3,Jamsil Station,5.687797937,11.07307363,25.69279458,13318
2025-03-09,Sunday,3,Sillim Station,12.99201443,2.83588825,2.092824802,9508
2025-03-10,Monday,3,Hongdae Station,10.91445975,23.52564729,19.29350235,14278
2025-03-11,Sunday,3,Sillim Station,9.843458672,16.30983473,15.00710122,11699
2025-03-12,Monday,3,Gangnam Station,9.308780971,12.50278144,13.2455117,14039
2025-03-13,Wednesday,3,Jamsil Station,12.794159,6.31419344,31.71582951,15909
2025-03-14,Friday,3,Jamsil Station,16.1743103,0.925228286,32.59697192,15264
2025-03-15,Thursday,3,Gangnam Station,10.89756104,12.01325005,13.55607182,11476
2025-03-16,Saturday,3,Gangnam Station,7.940730635,6.270974518,11.54083699,12999
2025-03-17,Monday,3,Hongdae Station,,20.34363533,-0.068733188,10379
2025-03-19,Thursday,3,Jamsil Station,5.300943386,8.051067332,34.53303256,16401
2025-03-20,Monday,3,Hongdae Station,10.6689984,4.096010762,13.7126466,13501
2025-03-21,Monday,3,Seoul Station,10.87285026,12.22986263,22.28759283,14295
2025-03-22,Monday,3,Hongdae Station,12.6526844,0.462583872,1.025026761,11957
2025-03-23,Saturday,3,Sillim Station,12.4442466,11.4922879,10.6522507,11311
2025-03-24,Friday,3,Jamsil Station,10.22234432,12.57393469,19.62465306,13590
2025-03-25,Saturday,3,Gangnam Station,13.02927381,1.476321136,16.05862398,12800
2025-03-27,Thursday,3,Jamsil Station,10.05590291,20.31899917,8.973281154,10252
2025-03-28,Friday,3,Hongdae Station,10.83637416,3.07700966,-2.499885488,9824
2025-03-29,Friday,3,Sillim Station,6.465405294,7.24848816,26.2209023,15128
2025-03-30,Friday,3,Jamsil Station,7.098053475,9.854645246,5.638507107,10475
2025-04-01,Friday,4,Seoul Station,9.112763391,9.626661368,19.50856866,12667
2025-04-02,Saturday,4,Gangnam Station,7.807753951,5.991265362,-1.63753195,9799
2025-04-03,Friday,4,Jamsil Station,9.928009176,1.435306977,25.49125417,13985
2025-04-04,Wednesday,4,Seoul Station,9.172581665,6.565359848,9.334328055,11171
2025-04-05,Thursday,4,Hongdae Station,12.14179046,11.05885548,15.55054622,12068
2025-04-06,Friday,4,Jamsil Station,9.050452709,16.27712008,11.41817436,11003
2025-04-07,Thursday,4,Hongdae Station,5.426564104,6.785905174,31.22591502,15819
2025-04-08,Wednesday,4,Hongdae Station,10.25150235,9.344653418,28.43490208,13877
2025-04-09,Wednesday,4,Seoul Station,9.971603951,5.573328172,-3.123345838,9412
2025-04-11,Monday,4,Sillim Station,10.18999977,20.64619741,8.216932675,13001
2025-04-13,Sunday,4,Seoul Station,10.65967991,0.314310772,12.43790428,11087
2025-04-14,Monday,4,Jamsil Station,15.26584887,11.734848,11.59083294,14072
2025-04-16,Saturday,4,Hongdae Station,8.967515826,7.32936354,10.99210355,11560
2025-04-17,Sunday,4,Jamsil Station,8.646989757,5.031798309,40.24396538,16344
2025-04-18,Sunday,4,Hongdae Station,9.133480233,6.199506802,14.23636801,12574
2025-04-19,Monday,4,Seoul Station,12.03984916,0.988357944,11.97703567,13567
2025-04-20,Friday,4,Gangnam Station,11.08565312,21.99494453,15.77010757,12353
2025-04-22,Saturday,4,Seoul Station,10.06099101,1.088839378,30.97120534,14759
2025-04-23,Wednesday,4,Jamsil Station,7.35580136,4.168178417,0.289191643,10011
2025-04-25,Monday,4,Gangnam Station,11.49251941,21.60042489,24.3666031,15537
2025-04-26,Wednesday,4,Gangnam Station,10.3416638,16.94248244,15.42352131,11467
2025-04-27,Thursday,4,Hongdae Station,12.52041481,5.92857624,20.49215183,13280
2025-04-28,Tuesday,4,Sillim Station,10.58652421,2.481216921,30.33164117,14630
2025-04-29,Saturday,4,Hongdae Station,7.633970013,11.4912014,25.03801548,14327
2025-04-30,Thursday,4,Seoul Station,8.956196372,24.42668124,16.37476345,10953
2025-05-01,Thursday,5,Sillim Station,11.1296283,0.159429807,35.8934265,15651
2025-05-02,Friday,5,Seoul Station,11.42066499,15.60698515,8.716638512,10494
2025-05-03,Tuesday,5,Hongdae Station,11.71021726,10.790077,13.99690359,11814
2025-05-04,Thursday,5,Sillim Station,7.902951774,18.89964069,14.69559668,11261
2025-05-06,Tuesday,5,Sillim Station,9.620394961,2.050374801,4.30789343,11908
2025-05-07,Tuesday,5,Hongdae Station,12.88014703,0.627405946,-0.836498252,10264
2025-05-08,Thursday,5,Gangnam Station,8.612263358,13.50205367,19.17201574,12134
2025-05-09,Tuesday,5,Hongdae Station,10.90994378,0.455390587,8.665262144,13159
2025-05-10,Thursday,5,Gangnam Station,10.91012228,8.287603003,34.07808789,16379
2025-05-11,Thursday,5,Hongdae Station,11.5215455,5.278029157,14.27457677,11966
2025-05-12,Friday,5,Sillim Station,13.32888051,4.246203876,12.48510743,12130
2025-05-13,Monday,5,Sillim Station,13.12381285,12.01292327,25.94339786,15124
2025-05-14,Thursday,5,Sillim Station,8.810788332,0.214201001,19.02192637,14541
2025-05-15,Wednesday,5,Jamsil Station,5.804209117,0.694134398,13.24482572,13573
2025-05-16,Saturday,5,Seoul Station,8.642941329,12.9760285,8.592682522,10668
2025-05-17,Sunday,5,Sillim Station,10.15134459,4.869253242,51.57701804,16734
2025-05-18,Monday,5,Gangnam Station,9.276709445,3.802201908,18.61785762,14371
2025-05-19,Monday,5,Sillim Station,13.93579789,7.603142913,25.84429577,16664
2025-05-20,Monday,5,Jamsil Station,10.03756061,13.49010913,4.770544798,11555
2025-05-21,Friday,5,Gangnam Station,11.30742376,3.947630319,9.220146136,11366
2025-05-23,Friday,5,Gangnam Station,9.306733633,13.53808562,28.96930939,13604
2025-05-25,Friday,5,Seoul Station,9.842764723,3.716780788,11.18429108,13092
2025-05-26,Friday,5,Seoul Station,16.50929459,3.043214411,12.65964228,12129
2025-05-27,Saturday,5,Jamsil Station,7.5110832,19.78723609,8.238892647,10098
2025-05-28,Wednesday,5,Seoul Station,6.370253911,1.050378035,3.431506699,12131
2025-05-29,Friday,5,Jamsil Station,13.87277861,10.75338864,24.23844184,14918
2025-05-30,Saturday,5,Jamsil Station,11.48416594,12.2708002,20.38831223,12797
2025-05-31,Tuesday,5,Jamsil Station,10.37483976,9.43273298,22.36078816,14452
2025-06-01,Wednesday,6,Seoul Station,12.72534772,17.7107165,11.63102012,10838
2025-06-02,Friday,6,Jamsil Station,8.336996114,2.071160046,17.55638975,12843
2025-06-03,Sunday,6,Seoul Station,9.786810478,5.433348431,10.67956235,12083
2025-06-04,Monday,6,Jamsil Station,11.91030823,5.62966656,7.726919372,14307
2025-06-05,Tuesday,6,Sillim Station,14.22070874,3.555315847,31.67062436,14987
2025-06-06,Tuesday,6,Jamsil Station,7.662911371,4.470466578,16.21507297,13813
2025-06-07,Saturday,6,Gangnam Station,12.56146892,6.475409119,20.07454338,12994
2025-06-08,Tuesday,6,Jamsil Station,10.76367812,5.769884197,23.35754014,13534
2025-06-09,Wednesday,6,Hongdae Station,10.32612213,15.18573303,16.34040886,13280
2025-06-10,Friday,6,Jamsil Station,9.984541555,7.911443082,17.40632744,13607
2025-06-12,Sunday,6,Gangnam Station,11.926178,9.108492044,6.038849716,9743
2025-06-13,Monday,6,Seoul Station,8.435461959,5.301940199,5.521852449,13848
2025-06-14,Saturday,6,Sillim Station,7.840618595,4.61859312,21.05458417,14335
2025-06-15,Monday,6,Jamsil Station,11.77091792,8.194012336,15.70890653,15119
2025-06-16,Tuesday,6,Seoul Station,11.57826805,6.293175982,6.039684362,12327
2025-06-17,Sunday,6,Sillim Station,10.15800017,9.150650949,20.80098842,13405
2025-06-18,Monday,6,Jamsil Station,12.15908724,1.440460157,20.43456461,14747
2025-06-21,Tuesday,6,Gangnam Station,8.943442053,11.02676145,20.47141675,12570
2025-06-22,Sunday,6,Gangnam Station,12.02820986,7.15597996,6.416446459,11150
2025-06-23,Monday,6,Hongdae Station,10.42328196,5.43083008,20.66226765,15751
2025-06-24,Saturday,6,Seoul Station,13.45181554,2.434490194,18.01023604,14139
2025-06-25,Wednesday,6,Sillim Station,9.752543327,23.96412406,5.008002945,10430
2025-06-26,Wednesday,6,Jamsil Station,9.287056725,7.197843234,17.19796735,13629
2025-06-27,Monday,6,Gangnam Station,8.772406246,18.92545254,18.65648587,14501
2025-06-28,Friday,6,Seoul Station,10.37857579,15.49123886,8.739988739,11954
2025-06-29,Monday,6,Hongdae Station,10.93345094,13.14169483,9.527163501,12306
2025-06-30,Tuesday,6,Gangnam Station,10.97192457,2.155168193,4.915800691,12438
2025-07-01,Monday,7,Hongdae Station,10.69834508,2.315425696,10.51001031,13260
2025-07-02,Wednesday,7,Jamsil Station,11.34207403,2.516419736,14.8791799,12554
2025-07-03,Sunday,7,Sillim Station,9.554916328,9.245836397,9.554778413,10063
2025-07-04,Monday,7,Gangnam Station,8.254969369,9.427855253,0.151121018,11138
2025-07-05,Friday,7,Gangnam Station,,6.907149667,8.114119754,12537
2025-07-06,Sunday,7,Jamsil Station,11.95010219,7.661922482,10.82707893,11965
2025-07-07,Saturday,7,Seoul Station,10.94064462,13.87031022,23.1683871,14288
2025-07-08,Thursday,7,Sillim Station,6.288324458,20.14782046,20.94764915,13140
2025-07-09,Monday,7,Gangnam Station,12.19350685,1.362889509,23.36221079,15382
2025-07-10,Friday,7,Sillim Station,13.76087029,9.773506397,7.60981103,11968
2025-07-11,Sunday,7,Gangnam Station,8.568166298,7.929882083,16.41550779,11178
2025-07-12,Friday,7,Sillim Station,10.67232009,8.776145063,-9.23046499,8251
2025-07-13,Saturday,7,Hongdae Station,9.053083813,8.925976645,19.28920398,12660
2025-07-14,Wednesday,7,Gangnam Station,11.25661385,20.90503345,21.10897674,11888
2025-07-15,Friday,7,Sillim Station,7.667982222,0.403231315,11.48374832,11868
2025-07-16,Sunday,7,Seoul Station,9.857108686,10.25735903,17.95429812,11309
2025-07-17,Friday,7,Hongdae Station,11.96262826,1.978737686,-0.149242754,11555
2025-07-18,Friday,7,Hongdae Station,12.47142348,12.57266934,6.989330096,11736
2025-07-21,Tuesday,7,Jamsil Station,6.814797831,5.764972684,10.88145489,11288
2025-07-22,Wednesday,7,Seoul Station,8.484900578,7.212861217,23.11362317,14197
2025-07-23,Monday,7,Sillim Station,9.06145319,11.44506275,16.38298117,13472
2025-07-24,Friday,7,Seoul Station,8.604532433,8.058720551,9.957790361,12337
2025-07-25,Saturday,7,Seoul Station,10.11910594,2.466696688,13.17172689,12005
2025-07-26,Monday,7,Gangnam Station,9.316224528,6.466412843,10.44582309,12965
2025-07-27,Saturday,7,Sillim Station,10.34424274,6.408429666,3.162240492,10360
2025-07-28,Monday,7,Jamsil Station,12.4052546,6.896969312,27.56685806,16968
2025-07-29,Wednesday,7,Gangnam Station,9.187075558,6.84304951,9.319755667,11067
2025-07-30,Friday,7,Seoul Station,7.234266045,6.973263506,6.676392857,10818
2025-07-31,Friday,7,Seoul Station,8.596584804,0.594035315,-0.293483205,11437
2025-08-02,Saturday,8,Sillim Station,11.35588757,6.329186418,22.01496868,13385
2025-08-03,Monday,8,Sillim Station,10.81217039,13.35479222,22.93608687,14223
2025-08-05,Tuesday,8,Jamsil Station,9.62727386,2.342861624,13.50960684,12082
2025-08-06,Thursday,8,Gangnam Station,14.1043323,19.94251246,11.78007473,10790
2025-08-07,Sunday,8,Hongdae Station,11.63637427,9.363351884,9.922768867,10206
2025-08-08,Sunday,8,Seoul Station,4.95302506,2.145145324,10.8344237,11799
2025-08-09,Tuesday,8,Seoul Station,13.60131726,13.96974439,26.19790351,14595
2025-08-10,Tuesday,8,Seoul Station,8.46602678,0.333047334,14.73484751,12316
2025-08-11,Tuesday,8,Gangnam Station,7.931797621,7.256981378,18.78070796,12691
2025-08-12,Saturday,8,Gangnam Station,11.04754222,23.36674631,10.57993168,11775
2025-08-13,Saturday,8,Seoul Station,6.523639055,9.312823876,28.20847906,13887
2025-08-15,Wednesday,8,Sillim Station,13.11419708,9.082716409,2.794758253,10223
2025-08-16,Tuesday,8,Sillim Station,11.11243516,12.64698335,18.79710524,13525
2025-08-18,Monday,8,Seoul Station,8.686178799,10.35790269,12.748998,13012
2025-08-19,Saturday,8,Gangnam Station,6.923260002,15.90749352,6.576291943,10214
2025-08-20,Thursday,8,Gangnam Station,11.41363486,2.204148568,25.00662705,13959
2025-08-21,Friday,8,Gangnam Station,11.86051231,2.62282508,18.23698442,14479
2025-08-22,Saturday,8,Hongdae Station,11.76998677,20.50249673,27.90213812,13094
2025-08-24,Wednesday,8,Jamsil Station,8.065863513,5.762382277,27.11668486,13838
2025-08-26,Monday,8,Hongdae Station,10.95957489,7.239820667,12.11827854,13136
2025-08-27,Sunday,8,Gangnam Station,9.652226717,11.75696949,19.12782753,11193
2025-08-28,Sunday,8,Hongdae Station,9.661101525,9.094505219,16.86013378,11195
2025-08-29,Sunday,8,Hongdae Station,10.29919496,6.686913253,25.60592336,12614
2025-08-30,Sunday,8,Seoul Station,12.13921652,3.836769607,-3.26660017,8690
2025-09-01,Friday,9,Jamsil Station,11.71702631,14.1248339,26.99642033,13368
2025-09-02,Saturday,9,Gangnam Station,10.30279538,3.587069368,15.59294227,12208
2025-09-03,Tuesday,9,Jamsil Station,9.775292217,4.359389615,3.576603202,11679
2025-09-04,Wednesday,9,Jamsil Station,11.28250079,10.29893155,25.07507395,14636
2025-09-05,Wednesday,9,Sillim Station,11.20657207,7.079609307,8.516897299,10960
2025-09-06,Sunday,9,Jamsil Station,9.660731762,21.42276058,6.756769879,10380
2025-09-07,Saturday,9,Jamsil Station,8.501586085,12.61366777,5.498642471,10275
2025-09-08,Thursday,9,Hongdae Station,10.68345783,7.999074384,13.01314887,12955
2025-09-09,Tuesday,9,Sillim Station,10.15669734,2.056057805,16.8306022,12589
2025-09-10,Saturday,9,Seoul Station,8.890256574,4.420865348,2.308999453,11499
2025-09-11,Tuesday,9,Gangnam Station,8.315199035,0.42935794,4.363541233,10874
2025-09-13,Tuesday,9,Gangnam Station,11.10019011,5.990690759,5.450113521,12082
2025-09-14,Saturday,9,Seoul Station,9.279935771,10.17306216,15.36758227,11959
2025-09-15,Sunday,9,Gangnam Station,8.840125928,0.410838297,18.61221596,13206
2025-09-17,Wednesday,9,Hongdae Station,10.76450988,3.769304508,17.25331889,12668
2025-09-18,Sunday,9,Jamsil Station,8.392045853,6.147839047,31.70991715,14574
2025-09-19,Tuesday,9,Seoul Station,14.48226914,17.56132307,19.236836,12066
2025-09-20,Thursday,9,Gangnam Station,9.179437128,1.631934484,22.83964248,13519
2025-09-21,Monday,9,Jamsil Station,5.149571444,6.49629199,10.8538425,12728
2025-09-22,Saturday,9,Hongdae Station,9.939656667,4.839328831,24.44006143,13597
2025-09-23,Monday,9,Jamsil Station,9.85393304,2.281796967,10.37647476,14572
2025-09-24,Sunday,9,Seoul Station,12.22343714,0.998288765,19.11448328,12228
2025-09-25,Thursday,9,Hongdae Station,10.57625247,6.662378939,1.286331318,11487
2025-09-26,Saturday,9,Gangnam Station,8.332329633,16.15841565,16.66234132,11675
